Date;Effectif;Nombre_pontes;Météo;Pluie(mm);T°C (12h-15h);Humidité;Météo.1;Météo_1;Météo_2;Météo_3;Météo_4;Météo_1_Cat;Météo_2_Cat;Météo_3_Cat;Météo_4_Cat
2023-01-01;8;2;beau;0.0;14.0;;beau;beau;;;;BEAU;;;
2023-01-02;8;2;beau;0.0;13.0;;beau;beau;;;;BEAU;;;
2023-01-03;8;2;beau;0.0;12.0;;beau;beau;;;;BEAU;;;
2023-01-04;8;2;beau;0.0;15.0;;beau;beau;;;;BEAU;;;
2023-01-05;8;3;beau;0.0;14.0;;beau;beau;;;;BEAU;;;
2023-01-06;8;2;beau;0.0;14.0;;beau;beau;;;;BEAU;;;
2023-01-07;8;1;beau;0.0;13.0;;beau;beau;;;;BEAU;;;
2023-01-08;8;3;mitigé;0.0;9.0;;mitigé;mitigé;;;;MITIGE;;;
2023-01-09;8;2;vent/éclaircie;16.0;8.0;;vent/éclaircie;vent;éclaircie;;;VENT;ECLAIRCIES;;
2023-01-10;8;2;beau;0.0;14.0;;beau;beau;;;;BEAU;;;
2023-01-11;8;3;beau;0.0;9.0;;beau;beau;;;;BEAU;;;
2023-01-12;8;3;beau;0.0;12.0;;beau;beau;;;;BEAU;;;
2023-01-13;8;1;mitigé;0.0;13.0;;mitigé;mitigé;;;;MITIGE;;;
2023-01-14;8;3;beau;0.0;13.0;;beau;beau;;;;BEAU;;;
2023-01-15;8;2;pluie/beau;2.0;10.0;;pluie/beau;pluie;beau;;;PLUIE;BEAU;;
2023-01-16;8;2;pluie/vent;50.0;6.0;;pluie/vent;pluie;vent;;;PLUIE;VENT;;
2023-01-17;8;2;pluie/vent;1.0;5.0;;pluie/vent;pluie;vent;;;PLUIE;VENT;;
2023-01-18;8;3;pluie/éclaircie;5.0;5.0;;pluie/éclaircie;pluie;éclaircie;;;PLUIE;ECLAIRCIES;;
2023-01-19;8;2;couvert/éclaircie;0.0;5.0;;couvert/éclaircie;couvert;éclaircie;;;COUVERT;ECLAIRCIES;;
2023-01-20;8;3;pluie/neige/soleil;12.0;5.0;;pluie/neige/soleil;pluie;neige;soleil;;PLUIE;NEIGE;BEAU;
2023-01-21;8;3;pluie/neige/soleil/vent;2.0;2.0;;pluie/neige/soleil/vent;pluie;neige;soleil;vent;PLUIE;NEIGE;BEAU;VENT
2023-01-22;8;3;couvert/vent;0.0;0.0;;couvert/vent;couvert;vent;;;COUVERT;VENT;;
2023-01-23;8;1;;0.0;1.0;;;;;;;;;;
2023-01-24;8;3;couvert/éclaircie;0.0;2.0;;couvert/éclaircie;couvert;éclaircie;;;COUVERT;ECLAIRCIES;;
2023-01-25;8;1;couvert;0.0;0.0;;couvert;couvert;;;;COUVERT;;;
2023-01-26;8;3;couvert;0.0;0.0;;couvert;couvert;;;;COUVERT;;;
2023-01-27;8;1;couvert;0.0;0.0;;couvert;couvert;;;;COUVERT;;;
2023-01-28;8;1;couvert;0.0;0.0;;couvert;couvert;;;;COUVERT;;;
2023-01-29;8;1;couvert;0.0;0.0;;couvert;couvert;;;;COUVERT;;;
2023-01-30;8;1;éclaircie;0.0;4.0;;éclaircie;éclaircie;;;;ECLAIRCIES;;;
2023-01-31;8;1;beau temps;0.0;8.0;;beau temps;beau temps;;;;BEAU;;;
2023-02-01;8;3;beau temps;0.0;10.0;;beau temps;beau temps;;;;BEAU;;;
2023-02-02;8;2;beau temps;0.0;12.0;;beau temps;beau temps;;;;BEAU;;;
2023-02-03;8;1;beau temps;0.0;12.0;;beau temps;beau temps;;;;BEAU;;;
2023-02-04;8;2;beau temps;0.0;10.0;;beau temps;beau temps;;;;BEAU;;;
2023-02-05;8;1;beau temps;0.0;10.0;;beau temps;beau temps;;;;BEAU;;;
2023-02-06;8;1;beau temps;0.0;12.0;;beau temps;beau temps;;;;BEAU;;;
2023-02-07;8;3;couvert/vent;0.0;8.0;;couvert/vent;couvert;vent;;;COUVERT;VENT;;
2023-02-08;8;1;beau/vent;0.0;8.0;;beau/vent;beau;vent;;;BEAU;VENT;;
2023-02-09;8;1;beau;0.0;10.0;;beau;beau;;;;BEAU;;;
2023-02-10;8;3;beau;0.0;14.0;;beau;beau;;;;BEAU;;;
2023-02-11;8;2;beau;0.0;14.0;;beau;beau;;;;BEAU;;;
2023-02-12;8;4;beau;0.0;14.0;;beau;beau;;;;BEAU;;;
2023-02-13;8;5;beau;0.0;15.0;;beau;beau;;;;BEAU;;;
2023-02-14;8;2;beau;0.0;15.0;;beau;beau;;;;BEAU;;;
2023-02-15;8;3;beau;0.0;16.0;;beau;beau;;;;BEAU;;;
2023-02-16;8;4;beau;0.0;16.0;;beau;beau;;;;BEAU;;;
2023-02-17;8;2;beau;0.0;16.0;;beau;beau;;;;BEAU;;;
2023-02-18;8;3;beau;0.0;18.0;;beau;beau;;;;BEAU;;;
2023-02-19;8;5;beau;0.0;18.0;;beau;beau;;;;BEAU;;;
2023-02-20;8;1;beau;0.0;20.0;;beau;beau;;;;BEAU;;;
2023-02-21;8;5;mitigé;0.0;15.0;;mitigé;mitigé;;;;MITIGE;;;
2023-02-22;8;3;couvert;0.0;13.0;;couvert;couvert;;;;COUVERT;;;
2023-02-23;8;2;couvert;4.0;11.0;;couvert;couvert;;;;COUVERT;;;
2023-02-24;8;3;beau;2.5;12.0;;beau;beau;;;;BEAU;;;
2023-02-25;8;3;couvert;0.0;7.0;;couvert;couvert;;;;COUVERT;;;
2023-02-26;8;4;vent/froid/couvert;0.0;5.0;;vent/froid/couvert;vent;froid;couvert;;VENT;FROID;COUVERT;
2023-02-27;8;5;vent/neige/éclaircie;0.0;1.0;;vent/neige/éclaircie;vent;neige;éclaircie;;VENT;NEIGE;ECLAIRCIES;
2023-02-28;8;2;éclaircie/vent;0.0;2.0;;éclaircie/vent;éclaircie;vent;;;ECLAIRCIES;VENT;;
2023-03-01;8;6;beau;0.0;8.0;;beau;beau;;;;BEAU;;;
2023-03-02;8;4;couvert;0.0;7.0;;couvert;couvert;;;;COUVERT;;;
2023-03-03;8;5;couvert;0.0;7.0;;couvert;couvert;;;;COUVERT;;;
2023-03-04;8;2;éclaircie;1.5;10.0;;éclaircie;éclaircie;;;;ECLAIRCIES;;;
2023-03-05;8;6;éclaircie;0.0;10.0;;éclaircie;éclaircie;;;;ECLAIRCIES;;;
2023-03-06;8;2;beau;0.0;10.0;;beau;beau;;;;BEAU;;;
2023-03-07;8;5;éclaircie/averse;0.0;12.0;;éclaircie/averse;éclaircie;averse;;;ECLAIRCIES;PLUIE;;
2023-03-08;8;3;voilé;2.0;23.0;;voilé;voilé;;;;COUVERT;;;
2023-03-09;8;4;éclaircies;0.0;20.0;;éclaircies;éclaircies;;;;ECLAIRCIES;;;
2023-03-10;8;3;mitigé;0.5;18.0;;mitigé;mitigé;;;;MITIGE;;;
2023-03-11;8;4;mitigé/vent violent;0.0;15.0;;mitigé/vent violent;mitigé;vent violent;;;MITIGE;VENT;;
2023-03-12;8;4;vent/pluie;0.5;15.0;;vent/pluie;vent;pluie;;;VENT;PLUIE;;
2023-03-13;8;5;bruine puis très beau;4.0;23.0;;bruine/très beau;bruine;très beau;;;PLUIE;BEAU;;
2023-03-14;8;4;beau/orage/tempête;14.0;22.0;;beau/orage/tempête;beau;orage;tempête;;BEAU;ORAGE;VENT;
2023-03-15;8;3;giboulées;2.0;12.0;;giboulées;giboulées;;;;PLUIE;;;
2023-03-16;8;7;pluie/éclaircie;5.0;15.0;;pluie/éclaircie;pluie;éclaircie;;;PLUIE;ECLAIRCIES;;
2023-03-17;8;5;beau/vent;0.0;19.0;;beau/vent;beau;vent;;;BEAU;VENT;;
2023-03-18;8;4;couvert/beau/vent;0.0;18.0;;couvert/beau/vent;couvert;beau;vent;;COUVERT;BEAU;VENT;
2023-03-19;8;6;beau/pluie;7.0;16.0;;beau/pluie;beau;pluie;;;BEAU;PLUIE;;
2023-03-20;8;5;giboulées;1.5;16.0;;giboulées;giboulées;;;;PLUIE;;;
2023-03-21;8;3;beau;0.0;17.0;;beau;beau;;;;BEAU;;;
2023-03-22;8;5;beau;0.0;19.0;;beau;beau;;;;BEAU;;;
2023-03-23;8;4;beau;0.0;22.0;;beau;beau;;;;BEAU;;;
2023-03-24;8;4;beau;0.0;22.0;;beau;beau;;;;BEAU;;;
2023-03-25;8;3;beau puis bruine;1.0;17.0;;beau/bruine;beau;bruine;;;BEAU;PLUIE;;
2023-03-26;8;6;beau;0.0;19.0;;beau;beau;;;;BEAU;;;
2023-03-27;8;2;pluie/éclaircie/vent;8.0;9.0;;pluie/éclaircie/vent;pluie;éclaircie;vent;;PLUIE;ECLAIRCIES;VENT;
2023-03-28;8;7;giboulées;5.0;10.0;;giboulées;giboulées;;;;PLUIE;;;
2023-03-29;8;4;beau;0.0;16.0;;beau;beau;;;;BEAU;;;
2023-03-30;8;5;beau;0.0;22.0;;beau;beau;;;;BEAU;;;
2023-03-31;8;4;beau;0.0;20.0;;beau;beau;;;;BEAU;;;
2023-04-01;8;5;couvert/qq gouttes;0.0;12.0;;couvert/qq gouttes;couvert;qq gouttes;;;COUVERT;PLUIE;;
2023-04-02;8;4;couvert/vent/pluie;3.0;12.0;;couvert/vent/pluie;couvert;vent;pluie;;COUVERT;VENT;PLUIE;
2023-04-03;8;3;pluie;15.0;9.0;;pluie;pluie;;;;PLUIE;;;
2023-04-04;7;4;pluie/éclaircie;3.0;9.0;;pluie/éclaircie;pluie;éclaircie;;;PLUIE;ECLAIRCIES;;
2023-04-05;7;5;beau;0.0;15.0;;beau;beau;;;;BEAU;;;
2023-04-06;7;3;beau;0.0;17.0;;beau;beau;;;;BEAU;;;
2023-04-07;7;3;beau;0.0;13.0;;beau;beau;;;;BEAU;;;
2023-04-08;7;5;beau;0.0;18.0;;beau;beau;;;;BEAU;;;
2023-04-09;7;2;beau;0.0;20.0;;beau;beau;;;;BEAU;;;
2023-04-10;7;5;beau;0.0;24.0;;beau;beau;;;;BEAU;;;
2023-04-11;7;5;beau;0.0;19.0;;beau;beau;;;;BEAU;;;
2023-04-12;7;3;beau;0.0;16.0;;beau;beau;;;;BEAU;;;
2023-04-13;7;5;beau/pluie;5.0;17.0;;beau/pluie;beau;pluie;;;BEAU;PLUIE;;
2023-04-14;7;4;giboulées;4.0;8.0;;giboulées;giboulées;;;;PLUIE;;;
2023-04-15;7;5;giboulées;3.0;11.0;;giboulées;giboulées;;;;PLUIE;;;
2023-04-16;7;6;giboulées/éclaircies;1.0;13.0;;giboulées/éclaircies;giboulées;éclaircies;;;PLUIE;ECLAIRCIES;;
2023-04-17;7;2;beau;0.0;16.0;;beau;beau;;;;BEAU;;;
2023-04-18;7;6;beau;0.0;16.0;;beau;beau;;;;BEAU;;;
2023-04-19;7;5;beau;0.0;17.0;;beau;beau;;;;BEAU;;;
2023-04-20;7;6;beau;0.0;22.0;;beau;beau;;;;BEAU;;;
2023-04-21;7;6;beau;0.0;22.0;;beau;beau;;;;BEAU;;;
2023-04-22;7;2;beau;0.0;22.0;;beau;beau;;;;BEAU;;;
2023-04-23;7;4;couvert/bruine;0.0;13.0;;couvert/bruine;couvert;bruine;;;COUVERT;PLUIE;;
2023-04-24;7;4;beau/pluie;7.0;19.0;;beau/pluie;beau;pluie;;;BEAU;PLUIE;;
2023-04-25;7;4;beau;0.0;17.0;;beau;beau;;;;BEAU;;;
2023-04-26;7;5;pluie;17.0;15.0;;pluie;pluie;;;;PLUIE;;;
2023-04-27;7;3;couvert;2.0;18.0;;couvert;couvert;;;;COUVERT;;;
2023-04-28;7;4;voilé/beau;0.0;23.0;;voilé/beau;voilé;beau;;;COUVERT;BEAU;;
2023-04-29;7;4;voilé;0.0;24.0;;voilé;voilé;;;;COUVERT;;;
2023-04-30;7;2;couvert/pluie;0.0;17.0;;couvert/pluie;couvert;pluie;;;COUVERT;PLUIE;;
2023-05-01;7;5;giboulées;36.0;18.0;;giboulées;giboulées;;;;PLUIE;;;
2023-05-02;7;5;giboulées/éclaircies;2.0;18.0;;giboulées/éclaircies;giboulées;éclaircies;;;PLUIE;ECLAIRCIES;;
2023-05-03;7;3;beau;0.0;20.0;;beau;beau;;;;BEAU;;;
2023-05-04;7;4;beau;0.0;25.0;;beau;beau;;;;BEAU;;;
2023-05-05;7;1;beau;0.0;25.0;;beau;beau;;;;BEAU;;;
2023-05-06;7;4;beau;0.0;23.0;;beau;beau;;;;BEAU;;;
2023-05-07;7;5;beau/orage;0.0;24.0;;beau/orage;beau;orage;;;BEAU;ORAGE;;
2023-05-08;7;5;averses;8.0;17.0;;averses;averses;;;;PLUIE;;;
2023-05-09;7;5;beau;0.0;22.0;;beau;beau;;;;BEAU;;;
2023-05-10;7;3;couvert/pluie;15.0;15.0;;couvert/pluie;couvert;pluie;;;COUVERT;PLUIE;;
2023-05-11;7;4;pluie/giboulées;2.0;16.0;;pluie/giboulées;pluie;giboulées;;;PLUIE;PLUIE;;
2023-05-12;7;4;éclaircies;0.0;15.0;;éclaircies;éclaircies;;;;ECLAIRCIES;;;
2023-05-13;7;4;pluie/éclaircies;6.0;17.0;;pluie/éclaircies;pluie;éclaircies;;;PLUIE;ECLAIRCIES;;
2023-05-14;7;3;giboulées;15.0;13.0;;giboulées;giboulées;;;;PLUIE;;;
2023-05-15;7;6;averses, éclaircies;10.0;15.0;;averses/éclaircies;averses;éclaircies;;;PLUIE;ECLAIRCIES;;
2023-05-16;7;4;averses;6.0;11.0;;averses;averses;;;;PLUIE;;;
2023-05-17;7;4;pluie/éclaircie;2.0;13.0;;pluie/éclaircie;pluie;éclaircie;;;PLUIE;ECLAIRCIES;;
2023-05-18;7;4;beau;0.0;18.0;;beau;beau;;;;BEAU;;;
2023-05-19;7;3;couvert;0.0;14.0;;couvert;couvert;;;;COUVERT;;;
2023-05-20;7;4;pluie/couvert;4.0;10.0;;pluie/couvert;pluie;couvert;;;PLUIE;COUVERT;;
2023-05-21;7;5;éclaircies/beau;0.0;15.0;;éclaircies/beau;éclaircies;beau;;;ECLAIRCIES;BEAU;;
2023-05-22;7;4;couvert/beau;0.0;16.0;;couvert/beau;couvert;beau;;;COUVERT;BEAU;;
2023-05-23;7;2;pluie/éclaircies;4.0;18.0;;pluie/éclaircies;pluie;éclaircies;;;PLUIE;ECLAIRCIES;;
2023-05-24;7;3;temps lourd/orages;6.0;22.0;;temps lourd/orages;temps lourd;orages;;; CHAUD;ORAGE;;
2023-05-25;7;4;lourd/orages;25.0;20.0;;lourd/orages;lourd;orages;;;CHAUD;ORAGE;;
2023-05-26;7;3;couvert/pluie;6.0;17.0;;couvert/pluie;couvert;pluie;;;COUVERT;PLUIE;;
2023-05-27;7;4;beau;0.0;23.0;;beau;beau;;;;BEAU;;;
2023-05-28;7;2;beau;0.0;27.0;;beau;beau;;;;BEAU;;;
2023-05-29;7;4;beau;0.0;27.0;;beau;beau;;;;BEAU;;;
2023-05-30;7;4;beau/orage fort;24.0;27.0;;beau/orage fort;beau;orage fort;;;BEAU;ORAGE;;
2023-05-31;7;3;éclaircies;0.0;26.0;;éclaircies;éclaircies;;;;ECLAIRCIES;;;
2023-06-01;7;4;beau/pluie;5.0;24.0;;beau/pluie;beau;pluie;;;BEAU;PLUIE;;
2023-06-02;7;4;pluie/éclaircies;1.0;22.0;;pluie/éclaircies;pluie;éclaircies;;;PLUIE;ECLAIRCIES;;
2023-06-03;7;5;beau;0.0;23.0;;beau;beau;;;;BEAU;;;
2023-06-04;7;4;beau/orage;2.0;25.0;;beau/orage;beau;orage;;;BEAU;ORAGE;;
2023-06-05;7;5;beau;0.0;26.0;;beau;beau;;;;BEAU;;;
2023-06-06;7;3;beau/pluie;5.0;25.0;;beau/pluie;beau;pluie;;;BEAU;PLUIE;;
2023-06-07;7;3;beau;0.0;26.0;;beau;beau;;;;BEAU;;;
2023-06-08;7;1;beau;0.0;27.0;;beau;beau;;;;BEAU;;;
2023-06-09;7;6;beau/orageux;0.0;27.0;;beau/orageux;beau;orageux;;;BEAU;ORAGE;;
2023-06-10;7;5;couvert/orage;3.0;26.0;;couvert/orage;couvert;orage;;;COUVERT;ORAGE;;
2023-06-11;7;3;beau/orageux;0.0;27.0;;beau/orageux;beau;orageux;;;BEAU;ORAGE;;
2023-06-12;7;3;beau/orage;1.0;25.0;;beau/orage;beau;orage;;;BEAU;ORAGE;;
2023-06-13;7;4;couvert/orage;31.0;27.0;;couvert/orage;couvert;orage;;;COUVERT;ORAGE;;
2023-06-14;7;4;beau/orage;23.0;24.0;;beau/orage;beau;orage;;;BEAU;ORAGE;;
2023-06-15;7;2;pluie/éclaircie;3.0;21.0;;pluie/éclaircie;pluie;éclaircie;;;PLUIE;ECLAIRCIES;;
2023-06-16;7;4;couvert/beau;0.0;25.0;;couvert/beau;couvert;beau;;;COUVERT;BEAU;;
2023-06-17;7;5;beau;0.0;26.0;;beau;beau;;;;BEAU;;;
2023-06-18;7;0;beau/orage;11.0;30.0;;beau/orage;beau;orage;;;BEAU;ORAGE;;
2023-06-19;7;5;mitigé/;0.0;27.0;;mitigé/;mitigé;;;;MITIGE;;;
2023-06-20;7;3;couvert/beau;0.0;22.0;;couvert/beau;couvert;beau;;;COUVERT;BEAU;;
2023-06-21;7;3;lourd;0.0;25.0;;lourd;lourd;;;;CHAUD;;;
2023-06-22;7;4;orage;7.0;20.0;;orage;orage;;;;ORAGE;;;
2023-06-23;7;3;pluie/éclaircies;6.0;23.0;;pluie/éclaircies;pluie;éclaircies;;;PLUIE;ECLAIRCIES;;
2023-06-24;7;1;beau;0.0;28.0;;beau;beau;;;;BEAU;;;
2023-06-25;7;2;beau;0.0;28.0;;beau;beau;;;;BEAU;;;
2023-06-26;7;4;beau;0.0;32.0;;beau;beau;;;;BEAU;;;
2023-06-27;7;3;couvert;0.0;21.0;;couvert;couvert;;;;COUVERT;;;
2023-06-28;7;3;nuageux;0.0;27.0;;nuageux;nuageux;;;;COUVERT;;;
2023-06-29;7;1;beau;0.0;26.0;;beau;beau;;;;BEAU;;;
2023-06-30;7;2;nuageux/orage;13.0;24.0;;nuageux/orage;nuageux;orage;;;COUVERT;ORAGE;;
2023-07-01;7;2;pluie/couvert/vent;3.0;19.0;;pluie/couvert/vent;pluie;couvert;vent;;PLUIE;COUVERT;VENT;
2023-07-02;7;2;couvert/vent;0.0;22.0;;couvert/vent;couvert;vent;;;COUVERT;VENT;;
2023-07-03;7;2;éclaircies;0.0;25.0;;éclaircies;éclaircies;;;;ECLAIRCIES;;;
2023-07-04;7;3;couvert/éclaircies;0.0;27.0;;couvert/éclaircies;couvert;éclaircies;;;COUVERT;ECLAIRCIES;;
2023-07-05;7;2;lourd/orages;1.0;26.0;;lourd/orages;lourd;orages;;;CHAUD;ORAGE;;
2023-07-06;7;4;éclaircies;0.0;27.0;;éclaircies;éclaircies;;;;ECLAIRCIES;;;
2023-07-07;7;2;beau/lourd/orageux;0.0;27.0;;beau/lourd/orageux;beau;lourd;orageux;;BEAU;CHAUD;ORAGE;
2023-07-08;7;3;beau/orages;6.0;33.0;;beau/orages;beau;orages;;;BEAU;ORAGE;;
2023-07-09;7;1;beau;0.0;32.0;;beau;beau;;;;BEAU;;;
2023-07-10;7;2;couvert/lourd;0.0;28.0;;couvert/lourd;couvert;lourd;;;COUVERT;CHAUD;;
2023-07-11;7;2;beau;0.0;31.0;;beau;beau;;;;BEAU;;;
2023-07-12;7;3;beau/orageux;1.0;28.0;;beau/orageux;beau;orageux;;;BEAU;ORAGE;;
2023-07-13;7;2;pluie/couvert;1.0;21.0;;pluie/couvert;pluie;couvert;;;PLUIE;COUVERT;;
2023-07-14;7;3;bruine/couvert;0.0;23.0;;bruine/couvert;bruine;couvert;;;PLUIE;COUVERT;;
2023-07-15;7;0;beau;0.0;31.0;;beau;beau;;;;BEAU;;;
2023-07-16;7;2;beau/averses;3.0;30.0;;beau/averses;beau;averses;;;BEAU;PLUIE;;
2023-07-17;7;2;mitigé/beau;0.0;27.0;;mitigé/beau;mitigé;beau;;;MITIGE;BEAU;;
2023-07-18;7;2;beau;0.0;27.0;;beau;beau;;;;BEAU;;;
2023-07-19;7;2;beau;0.0;33.0;;beau;beau;;;;BEAU;;;
2023-07-20;7;1;orage/couvert;2.0;24.0;;orage/couvert;orage;couvert;;;ORAGE;COUVERT;;
2023-07-21;7;2;beau;0.0;27.0;;beau;beau;;;;BEAU;;;
2023-07-22;7;1;couvert/bruine;0.0;19.0;;couvert/bruine;couvert;bruine;;;COUVERT;PLUIE;;
2023-07-23;7;1;soleil et qq nuages;0.0;29.0;;soleil/qq nuages;soleil;qq nuages;;;BEAU;NUAGES;;
2023-07-24;7;0;beau;0.0;30.0;;beau;beau;;;;BEAU;;;
2023-07-25;7;1;couvert/pluie;3.0;21.0;;couvert/pluie;couvert;pluie;;;COUVERT;PLUIE;;
2023-07-26;7;0;pluie/couvert/vent;3.0;15.0;;pluie/couvert/vent;pluie;couvert;vent;;PLUIE;COUVERT;VENT;
2023-07-27;7;1;beau;0.0;28.0;;beau;beau;;;;BEAU;;;
2023-07-28;7;0;beau/orages;16.0;30.0;;beau/orages;beau;orages;;;BEAU;ORAGE;;
2023-07-29;7;1;beau;0.0;29.0;;beau;beau;;;;BEAU;;;
2023-07-30;7;1;beau/orage;0.0;31.0;;beau/orage;beau;orage;;;BEAU;ORAGE;;
2023-07-31;7;1;pluie/couvert;12.0;22.0;;pluie/couvert;pluie;couvert;;;PLUIE;COUVERT;;
2023-08-01;7;0;beau;0.0;27.0;;beau;beau;;;;BEAU;;;
2023-08-02;7;1;couvert/vent;0.0;24.0;;couvert/vent;couvert;vent;;;COUVERT;VENT;;
2023-08-03;7;0;beau/couvert/pluie;3.0;28.0;;beau/couvert/pluie;beau;couvert;pluie;;BEAU;COUVERT;PLUIE;
2023-08-04;7;2;bruine/éclaircies;0.0;17.0;;bruine/éclaircies;bruine;éclaircies;;;PLUIE;ECLAIRCIES;;
2023-08-05;7;0;giboulées;13.0;18.0;;giboulées;giboulées;;;;PLUIE;;;
2023-08-06;7;1;éclaircies;0.0;22.0;;éclaircies;éclaircies;;;;ECLAIRCIES;;;
2023-08-07;7;2;bruine/éclaircies/vent;1.0;23.0;;bruine/éclaircies/vent;bruine;éclaircies;vent;;PLUIE;ECLAIRCIES;VENT;
2023-08-08;7;0;beau;0.0;23.0;;beau;beau;;;;BEAU;;;
2023-08-09;7;0;beau;0.0;28.0;;beau;beau;;;;BEAU;;;
2023-08-10;7;1;beau;0.0;30.0;;beau;beau;;;;BEAU;;;
2023-08-11;7;1;beau;0.0;30.0;;beau;beau;;;;BEAU;;;
2023-08-12;7;0;brumeux/beau;0.0;33.0;;brumeux/beau;brumeux;beau;;;COUVERT;BEAU;;
2023-08-13;7;1;beau;0.0;32.0;;beau;beau;;;;BEAU;;;
2023-08-14;7;0;voilé;0.0;30.0;;voilé;voilé;;;;COUVERT;;;
2023-08-15;7;1;beau/vent;0.0;32.0;;beau/vent;beau;vent;;;BEAU;VENT;;
2023-08-16;7;0;pluie fine/couvert;0.5;26.0;;pluie fine/couvert;pluie fine;couvert;;;PLUIE;COUVERT;;
2023-08-17;7;1;couvert;0.0;25.0;;couvert;couvert;;;;COUVERT;;;
2023-08-18;7;2;bruine le matin;0.0;32.0;;bruine/mitigé;bruine;mitigé;;;PLUIE;MITIGE;;
2023-08-19;7;1;voilé/vent;0.0;32.0;;voilé/vent;voilé;vent;;;COUVERT;VENT;;
2023-08-20;7;1;vigilance canicule;0.0;34.0;;vigilance canicule;vigilance canicule;;;;CANICULE;;;
2023-08-21;7;2;canicule;0.0;37.0;;canicule;canicule;;;;CANICULE;;;
2023-08-22;7;0;canicule;0.0;34.0;;canicule;canicule;;;;CANICULE;;;
2023-08-23;7;1;canicule;0.0;36.0;;canicule;canicule;;;;CANICULE;;;
2023-08-24;7;1;canicule;0.0;40.0;;canicule;canicule;;;;CANICULE;;;
2023-08-25;7;0;canicule;0.0;40.5;;canicule;canicule;;;;CANICULE;;;
2023-08-26;7;2;pluie/couvert;3.0;23.0;;pluie/couvert;pluie;couvert;;;PLUIE;COUVERT;;
2023-08-27;7;0;pluie;8.0;19.0;;pluie;pluie;;;;PLUIE;;;
2023-08-28;7;1;pluie/éclaircies;37.0;16.0;;pluie/éclaircies;pluie;éclaircies;;;PLUIE;ECLAIRCIES;;
2023-08-29;7;2;pluie/éclaircies;5.0;17.0;;pluie/éclaircies;pluie;éclaircies;;;PLUIE;ECLAIRCIES;;
2023-08-30;7;1;éclaircies/vent;0.0;20.0;;éclaircies/vent;éclaircies;vent;;;ECLAIRCIES;VENT;;
2023-08-31;7;0;éclaircies/averses;1.0;22.0;;éclaircies/averses;éclaircies;averses;;;ECLAIRCIES;PLUIE;;
2023-09-01;7;0;beau;0.0;28.0;;beau;beau;;;;BEAU;;;
2023-09-02;7;1;beau;0.0;31.0;;beau;beau;;;;BEAU;;;
2023-09-03;7;1;couvert;0.0;22.0;;couvert;couvert;;;;COUVERT;;;
2023-09-04;7;0;beau/voilé;0.0;26.0;;beau/voilé;beau;voilé;;;BEAU;COUVERT;;
2023-09-05;7;2;voilé/vent;0.0;28.0;;voilé/vent;voilé;vent;;;COUVERT;VENT;;
2023-09-06;7;1;voilé;0.0;29.0;;voilé;voilé;;;;COUVERT;;;
2023-09-07;7;0;voilé;0.0;27.0;;voilé;voilé;;;;COUVERT;;;
2023-09-08;7;1;beau;0.0;30.0;;beau;beau;;;;BEAU;;;
2023-09-09;7;1;beau;0.0;29.0;;beau;beau;;;;BEAU;;;
2023-09-10;7;0;beau;0.0;30.0;;beau;beau;;;;BEAU;;;
2023-09-11;7;2;beau;0.0;30.0;;beau;beau;;;;BEAU;;;
2023-09-12;7;1;couvert/éclaircies;0.0;30.0;;couvert/éclaircies;couvert;éclaircies;;;COUVERT;ECLAIRCIES;;
2023-09-13;7;1;mitigé/orages;22.0;24.0;;mitigé/orages;mitigé;orages;;;MITIGE;ORAGE;;
2023-09-14;7;1;éclaircies;0.0;25.0;;éclaircies;éclaircies;;;;ECLAIRCIES;;;
2023-09-15;7;0;beau;0.0;28.0;;beau;beau;;;;BEAU;;;
2023-09-16;7;1;beau/orageux/pluie;3.0;28.0;;beau/orageux/pluie;beau;orageux;pluie;;BEAU;ORAGE;PLUIE;
2023-09-17;7;0;beau;0.0;28.0;;beau;beau;;;;BEAU;;;
2023-09-18;7;0;beau/orages;3.0;25.0;;beau/orages;beau;orages;;;BEAU;ORAGE;;
2023-09-19;7;1;beau/orages;6.0;26.0;;beau/orages;beau;orages;;;BEAU;ORAGE;;
2023-09-20;7;1;beau;0.0;25.0;;beau;beau;;;;BEAU;;;
2023-09-21;7;2;couvert/beau;0.0;27.0;;couvert/beau;couvert;beau;;;COUVERT;BEAU;;
2023-09-22;7;1;couvert/pluie;9.0;20.0;;couvert/pluie;couvert;pluie;;;COUVERT;PLUIE;;
2023-09-23;6;1;éclaircies/vent;0.0;20.0;;éclaircies/vent;éclaircies;vent;;;ECLAIRCIES;VENT;;
2023-09-24;6;1;éclaircies;0.0;23.0;;éclaircies;éclaircies;;;;ECLAIRCIES;;;
2023-09-25;6;2;beau;0.0;24.0;;beau;beau;;;;BEAU;;;
2023-09-26;6;0;beau;0.0;27.0;;beau;beau;;;;BEAU;;;
2023-09-27;6;2;beau;0.0;28.0;;beau;beau;;;;BEAU;;;
2023-09-28;6;1;beau;0.0;30.0;;beau;beau;;;;BEAU;;;
2023-09-29;6;2;beau;0.0;31.0;;beau;beau;;;;BEAU;;;
2023-09-30;6;2;beau;0.0;30.0;;beau;beau;;;;BEAU;;;
2023-10-01;6;0;beau;0.0;30.0;;beau;beau;;;;BEAU;;;
2023-10-02;6;1;beau;0.0;32.0;;beau;beau;;;;BEAU;;;
2023-10-03;6;2;beau/vent;0.0;31.0;;beau/vent;beau;vent;;;BEAU;VENT;;
2023-10-04;6;1;couvert;0.0;22.0;;couvert;couvert;;;;COUVERT;;;
2023-10-05;6;1;nuageux;0.0;28.0;;nuageux;nuageux;;;;COUVERT;;;
2023-10-06;6;2;beau;0.0;28.0;;beau;beau;;;;BEAU;;;
2023-10-07;6;1;beau;0.0;28.0;;beau;beau;;;;BEAU;;;
2023-10-08;6;2;beau;0.0;30.0;;beau;beau;;;;BEAU;;;
2023-10-09;6;1;beau;0.0;29.0;;beau;beau;;;;BEAU;;;
2023-10-10;6;2;beau;0.0;29.0;;beau;beau;;;;BEAU;;;
2023-10-11;6;1;beau;0.0;30.0;;beau;beau;;;;BEAU;;;
2023-10-12;6;2;beau;0.0;31.0;;beau;beau;;;;BEAU;;;
2023-10-13;6;0;beau;0.0;30.0;;beau;beau;;;;BEAU;;;
2023-10-14;6;2;beau;0.0;29.0;;beau;beau;;;;BEAU;;;
2023-10-15;6;1;couvert/pluie;5.0;24.0;;couvert/pluie;couvert;pluie;;;COUVERT;PLUIE;;
2023-10-16;6;1;éclaircies;0.0;19.0;;éclaircies;éclaircies;;;;ECLAIRCIES;;;
2023-10-17;6;1;éclaircies;0.0;19.0;;éclaircies;éclaircies;;;;ECLAIRCIES;;;
2023-10-18;6;2;beau/vent;0.0;26.0;;beau/vent;beau;vent;;;BEAU;VENT;;
2023-10-19;6;2;couvert/pluie;3.0;26.0;;couvert/pluie;couvert;pluie;;;COUVERT;PLUIE;;
2023-10-20;6;1;couvert/pluie;13.0;25.0;;couvert/pluie;couvert;pluie;;;COUVERT;PLUIE;;
2023-10-21;6;1;éclaircies/pluie;3.0;20.0;;éclaircies/pluie;éclaircies;pluie;;;ECLAIRCIES;PLUIE;;
2023-10-22;6;1;beau;0.0;19.0;;beau;beau;;;;BEAU;;;
2023-10-23;6;2;maussade;0.0;15.0;;maussade;maussade;;;;AUTRE/NON CLASSE;;;
2023-10-24;6;1;éclaircies;0.0;20.0;;éclaircies;éclaircies;;;;ECLAIRCIES;;;
2023-10-25;6;1;pluie/éclaircies;0.0;20.0;;pluie/éclaircies;pluie;éclaircies;;;PLUIE;ECLAIRCIES;;
2023-10-26;6;1;couvert/pluie;1.0;18.0;;couvert/pluie;couvert;pluie;;;COUVERT;PLUIE;;
2023-10-27;6;2;couvert/pluie;8.0;15.0;;couvert/pluie;couvert;pluie;;;COUVERT;PLUIE;;
2023-10-28;6;1;beau;0.0;18.0;;beau;beau;;;;BEAU;;;
2023-10-29;6;1;beau;0.0;19.0;;beau;beau;;;;BEAU;;;
2023-10-30;6;1;couvert;0.0;17.0;;couvert;couvert;;;;COUVERT;;;
2023-10-31;6;2;couvert/pluie;9.0;15.0;;couvert/pluie;couvert;pluie;;;COUVERT;PLUIE;;
2023-11-01;6;1;beau;0.0;19.0;;beau;beau;;;;BEAU;;;
2023-11-02;6;1;éclaircies/pluie;5.0;19.0;;éclaircies/pluie;éclaircies;pluie;;;ECLAIRCIES;PLUIE;;
2023-11-03;6;1;pluie;17.0;13.0;;pluie;pluie;;;;PLUIE;;;
2023-11-04;6;2;pluie;5.0;10.0;;pluie;pluie;;;;PLUIE;;;
2023-11-05;6;0;pluie/éclaircies;6.0;13.0;;pluie/éclaircies;pluie;éclaircies;;;PLUIE;ECLAIRCIES;;
2023-11-06;6;2;beau;0.0;19.0;;beau;beau;;;;BEAU;;;
2023-11-07;6;1;averses/pluie;8.0;12.0;;averses/pluie;averses;pluie;;;PLUIE;PLUIE;;
2023-11-08;6;2;beau;0.0;17.0;;beau;beau;;;;BEAU;;;
2023-11-09;6;0;beau;0.0;19.0;;beau;beau;;;;BEAU;;;
2023-11-10;6;2;pluie/beau;6.0;13.0;;pluie/beau;pluie;beau;;;PLUIE;BEAU;;
2023-11-11;6;1;pluie/éclaircies;7.0;11.0;;pluie/éclaircies;pluie;éclaircies;;;PLUIE;ECLAIRCIES;;
2023-11-12;6;0;pluie;0.0;12.0;;pluie;pluie;;;;PLUIE;;;
2023-11-13;6;1;couvert/éclaircies;0.0;17.0;;couvert/éclaircies;couvert;éclaircies;;;COUVERT;ECLAIRCIES;;
2023-11-14;6;1;beau;0.0;24.0;;beau;beau;;;;BEAU;;;
2023-11-15;6;1;beau/pluie;5.0;24.0;;beau/pluie;beau;pluie;;;BEAU;PLUIE;;
2023-11-16;6;0;pluie/éclaircies;5.0;16.0;;pluie/éclaircies;pluie;éclaircies;;;PLUIE;ECLAIRCIES;;
2023-11-17;6;2;couvert/pluie;2.0;16.0;;couvert/pluie;couvert;pluie;;;COUVERT;PLUIE;;
2023-11-18;6;2;éclaircies;0.0;15.0;;éclaircies;éclaircies;;;;ECLAIRCIES;;;
2023-11-19;6;1;beau;0.0;20.0;;beau;beau;;;;BEAU;;;
2023-11-20;6;2;beau;0.0;21.0;;beau;beau;;;;BEAU;;;
2023-11-21;6;2;couvert/pluie;9.0;14.0;;couvert/pluie;couvert;pluie;;;COUVERT;PLUIE;;
2023-11-22;6;0;pluie;10.0;9.0;;pluie;pluie;;;;PLUIE;;;
2023-11-23;6;2;pluie/éclaircies/vent;3.0;9.0;;pluie/éclaircies/vent;pluie;éclaircies;vent;;PLUIE;ECLAIRCIES;VENT;
2023-11-24;6;1;beau/vent;0.0;11.0;;beau/vent;beau;vent;;;BEAU;VENT;;
2023-11-25;6;2;gris/vent;0.0;7.0;;gris/vent;gris;vent;;;COUVERT;VENT;;
2023-11-26;6;2;gris ;0.0;9.0;;gris;gris;;;;COUVERT;;;
2023-11-27;6;2;beau;0.0;12.0;;beau;beau;;;;BEAU;;;
2023-11-28;6;1;éclaircies/pluie/vent;27.0;13.0;;éclaircies/pluie/vent;éclaircies;pluie;vent;;ECLAIRCIES;PLUIE;VENT;
2023-11-29;6;2;éclaircies;0.0;9.0;;éclaircies;éclaircies;;;;ECLAIRCIES;;;
2023-11-30;6;2;éclaircies;0.0;16.0;;éclaircies;éclaircies;;;;ECLAIRCIES;;;
2023-12-01;6;1;bruine/pluie;6.0;11.0;;bruine/pluie;bruine;pluie;;;PLUIE;PLUIE;;
2023-12-02;6;2;pluie;14.0;8.0;;pluie;pluie;;;;PLUIE;;;
2023-12-03;6;2;pluie/éclaircies;2.0;6.0;;pluie/éclaircies;pluie;éclaircies;;;PLUIE;ECLAIRCIES;;
2023-12-04;6;1;beau;0.0;11.0;;beau;beau;;;;BEAU;;;
2023-12-05;6;1;éclaircies/pluie;0.5;12.0;;éclaircies/pluie;éclaircies;pluie;;;ECLAIRCIES;PLUIE;;
2023-12-06;6;1;éclaircies/vent;0.0;9.0;;éclaircies/vent;éclaircies;vent;;;ECLAIRCIES;VENT;;
2023-12-07;6;1;beau;0.0;10.0;;beau;beau;;;;BEAU;;;
2023-12-08;6;0;beau;0.0;14.0;;beau;beau;;;;BEAU;;;
2023-12-09;6;1;pluie/vent;18.0;9.0;;pluie/vent;pluie;vent;;;PLUIE;VENT;;
2023-12-10;6;0;pluie/éclaircies;1.0;14.0;;pluie/éclaircies;pluie;éclaircies;;;PLUIE;ECLAIRCIES;;
2023-12-11;6;1;beau/couvert;0.0;18.0;;beau/couvert;beau;couvert;;;BEAU;COUVERT;;
2023-12-12;6;0;beau;0.0;19.0;;beau;beau;;;;BEAU;;;
2023-12-13;6;1;voilé/pluie;3.0;16.0;;voilé/pluie;voilé;pluie;;;COUVERT;PLUIE;;
2023-12-14;6;0;averses/pluie/vent;20.0;10.0;;averses/pluie/vent;averses;pluie;vent;;PLUIE;PLUIE;VENT;
2023-12-15;6;1;averses/éclaircies/vent;1.0;10.0;;averses/éclaircies/vent;averses;éclaircies;vent;;PLUIE;ECLAIRCIES;VENT;
2023-12-16;6;0;bruine;1.0;9.0;;bruine;bruine;;;;PLUIE;;;
2023-12-17;6;0;beau;0.0;13.0;;beau;beau;;;;BEAU;;;
2023-12-18;6;1;beau;0.0;15.0;;beau;beau;;;;BEAU;;;
2023-12-19;6;0;beau;0.0;16.0;;beau;beau;;;;BEAU;;;
2023-12-20;6;0;gris;0.0;4.0;;gris;gris;;;;COUVERT;;;
2023-12-21;6;1;pluie/éclaircies/vent;11.0;8.0;;pluie/éclaircies/vent;pluie;éclaircies;vent;;PLUIE;ECLAIRCIES;VENT;
2023-12-22;6;0;vent/bruine;0.0;11.0;;vent/bruine;vent;bruine;;;VENT;PLUIE;;
2023-12-23;6;1;gris/vent/éclaircies/pluie;1.0;12.0;;gris/vent/éclaircies/pluie;gris;vent;éclaircies;pluie;COUVERT;VENT;ECLAIRCIES;PLUIE
2023-12-24;6;0;éclaircies;0.0;12.0;;éclaircies;éclaircies;;;;ECLAIRCIES;;;
2023-12-25;6;1;beau;0.0;13.0;;beau;beau;;;;BEAU;;;
2023-12-26;6;0;beau;0.0;12.0;;beau;beau;;;;BEAU;;;
2023-12-27;6;0;beau;0.0;15.0;;beau;beau;;;;BEAU;;;
2023-12-28;6;2;beau;0.0;17.0;;beau;beau;;;;BEAU;;;
2023-12-29;6;0;gris;0.0;10.0;;gris;gris;;;;COUVERT;;;
2023-12-30;6;2;gris/éclaircies;0.0;9.0;;gris/éclaircies;gris;éclaircies;;;COUVERT;ECLAIRCIES;;
2023-12-31;6;0;beau;0.0;17.0;;beau;beau;;;;BEAU;;;
2024-01-01;8;1;beau;0.0;15.0;0.38;beau;beau;;;;BEAU;;;
2024-01-02;8;1;éclaircies;0.0;13.0;0.44;éclaircies;éclaircies;;;;ECLAIRCIES;;;
2024-01-03;8;1;gris/pluie;1.0;12.0;0.61;gris/pluie;gris;pluie;;;COUVERT;PLUIE;;
2024-01-04;8;1;beau;0.0;14.0;0.42;beau;beau;;;;BEAU;;;
2024-01-05;8;2;pluie;12.0;6.0;0.78;pluie;pluie;;;;PLUIE;;;
2024-01-06;8;0;pluie;10.0;5.0;0.82;pluie;pluie;;;;PLUIE;;;
2024-01-07;8;2;gris;0.0;3.0;0.6;gris;gris;;;;COUVERT;;;
2024-01-08;8;0;gris;0.0;4.0;0.59;gris;gris;;;;COUVERT;;;
2024-01-09;8;1;beau;0.0;4.0;0.58;beau;beau;;;;BEAU;;;
2024-01-10;8;0;gris;0.0;3.0;0.71;gris;gris;;;;COUVERT;;;
2024-01-11;8;0;pluie/neige/éclaircies;4.0;4.0;0.7;pluie/neige/éclaircies;pluie;neige;éclaircies;;PLUIE;NEIGE;ECLAIRCIES;
2024-01-12;8;1;beau;0.0;6.0;0.53;beau;beau;;;;BEAU;;;
2024-01-13;8;0;beau;0.0;11.0;0.47;beau;beau;;;;BEAU;;;
2024-01-14;8;1;voilé/pluie;6.0;15.0;0.45;voilé/pluie;voilé;pluie;;;COUVERT;PLUIE;;
2024-01-15;8;0;pluie;10.0;12.0;0.85;pluie;pluie;;;;PLUIE;;;
2024-01-16;8;1;voilé;0.0;15.0;0.53;voilé;voilé;;;;COUVERT;;;
2024-01-17;8;0;gris;0.0;10.0;0.76;gris;gris;;;;COUVERT;;;
2024-01-18;8;1;beau/couvert/pluie;2.0;19.0;0.34;beau/couvert/pluie;beau;couvert;pluie;;BEAU;COUVERT;PLUIE;
2024-01-19;8;1;gris;0.0;3.0;0.64;gris;gris;;;;COUVERT;;;
2024-01-20;8;1;beau;0.0;8.0;0.38;beau;beau;;;;BEAU;;;
2024-01-21;8;1;beau;0.0;15.0;0.31;beau;beau;;;;BEAU;;;
2024-01-22;8;2;voilé/pluie;2.0;11.0;0.41;voilé/pluie;voilé;pluie;;;COUVERT;PLUIE;;
2024-01-23;8;0;éclaircies;0.0;13.0;0.45;éclaircies;éclaircies;;;;ECLAIRCIES;;;
2024-01-24;8;1;voilé;0.0;15.0;0.51;voilé;voilé;;;;COUVERT;;;
2024-01-25;8;1;beau;0.0;18.0;0.42;beau;beau;;;;BEAU;;;
2024-01-26;8;1;voilé;0.0;13.0;0.53;voilé;voilé;;;;COUVERT;;;
2024-01-27;8;0;beau;0.0;15.0;0.47;beau;beau;;;;BEAU;;;
2024-01-28;8;1;beau/vent;0.0;16.0;0.45;beau/vent;beau;vent;;;BEAU;VENT;;
2024-01-29;8;1;beau/vent;0.0;16.0;0.44;beau/vent;beau;vent;;;BEAU;VENT;;
2024-01-30;8;1;beau/vent;0.0;17.0;0.4;beau/vent;beau;vent;;;BEAU;VENT;;
2024-01-31;8;2;voilé;0.0;16.0;0.37;voilé;voilé;;;;COUVERT;;;
2024-02-01;8;1;très voilé;0.0;14.0;0.53;très voilé;très voilé;;;;COUVERT;;;
2024-02-02;8;1;éclaircies/gris;0.0;12.0;0.55;éclaircies/gris;éclaircies;gris;;;ECLAIRCIES;COUVERT;;
2024-02-03;8;2;brouillard/beau;0.0;16.0;0.49;brouillard/beau;brouillard;beau;;;COUVERT;BEAU;;
2024-02-04;8;1;brouillard/beau;0.0;16.0;0.54;brouillard/beau;brouillard;beau;;;COUVERT;BEAU;;
2024-02-05;8;2;brouillard/beau/voilé;0.0;14.0;0.47;brouillard/beau/voilé;brouillard;beau;voilé;;COUVERT;BEAU;COUVERT;
2024-02-06;8;0;bruine/gris/éclaircies;1.0;8.0;0.58;bruine/gris/éclaircies;bruine;gris;éclaircies;;PLUIE;COUVERT;ECLAIRCIES;
2024-02-07;8;3;beau/pluie;1.0;17.0;0.32;beau/pluie;beau;pluie;;;BEAU;PLUIE;;
2024-02-08;8;0;beau/vent chaud;0.0;20.0;0.33;beau/vent chaud;beau;vent chaud;;;BEAU;VENT;;
2024-02-09;8;2;gris/éclaircies;0.0;12.0;0.61;gris/éclaircies;gris;éclaircies;;;COUVERT;ECLAIRCIES;;
2024-02-10;8;1;pluie/vent;15.0;7.0;0.79;pluie/vent;pluie;vent;;;PLUIE;VENT;;
2024-02-11;8;2;éclaircies/vent;0.0;10.0;0.55;éclaircies/vent;éclaircies;vent;;;ECLAIRCIES;VENT;;
2024-02-12;8;3;éclaircies/tempête/pluie;2.0;10.0;0.7;éclaircies/tempête/pluie;éclaircies;tempête;pluie;;ECLAIRCIES;VENT;PLUIE;
2024-02-13;8;2;beau;0.0;18.0;0.36;beau;beau;;;;BEAU;;;
2024-02-14;8;1;beau;0.0;22.0;0.33;beau;beau;;;;BEAU;;;
2024-02-15;8;1;beau/vent;0.0;15.0;0.58;beau/vent;beau;vent;;;BEAU;VENT;;
2024-02-16;8;1;pluie;29.0;11.0;0.8;pluie;pluie;;;;PLUIE;;;
2024-02-17;8;2;éclaircies;0.0;13.0;0.55;éclaircies;éclaircies;;;;ECLAIRCIES;;;
2024-02-18;8;1;voilé;0.0;13.0;0.5;voilé;voilé;;;;COUVERT;;;
2024-02-19;8;0;bruine/éclaircies;0.0;13.0;0.69;bruine/éclaircies;bruine;éclaircies;;;PLUIE;ECLAIRCIES;;
2024-02-20;8;2;voilé;0.0;10.0;0.55;voilé;voilé;;;;COUVERT;;;
2024-02-21;8;2;voilé;0.0;17.0;0.34;voilé;voilé;;;;COUVERT;;;
2024-02-22;8;1;voilé/couvert/tempête;6.0;16.0;0.55;voilé/couvert/tempête;voilé;couvert;tempête;;COUVERT;COUVERT;VENT;
2024-02-23;8;2;voilé/vent/pluie;2.0;10.0;0.46;voilé/vent/pluie;voilé;vent;pluie;;COUVERT;VENT;PLUIE;
2024-02-24;8;2;pluie/éclaircies/vent;2.0;12.0;0.3;pluie/éclaircies/vent;pluie;éclaircies;vent;;PLUIE;ECLAIRCIES;VENT;
2024-02-25;8;1;pluie;13.0;9.0;0.83;pluie;pluie;;;;PLUIE;;;
2024-02-26;8;2;éclaircies/pluie/vent;8.0;13.0;0.4;éclaircies/pluie/vent;éclaircies;pluie;vent;;ECLAIRCIES;PLUIE;VENT;
2024-02-27;8;2;pluie/vent;12.0;5.0;0.81;pluie/vent;pluie;vent;;;PLUIE;VENT;;
2024-02-28;8;2;éclaircies/vent;8.0;10.0;0.42;éclaircies/vent;éclaircies;vent;;;ECLAIRCIES;VENT;;
2024-02-29;8;1;beau/pluie/vent;0.0;13.0;0.36;beau/pluie/vent;beau;pluie;vent;;BEAU;PLUIE;VENT;
2024-03-01;8;2;beau/vent;0.0;14.0;0.34;beau/vent;beau;vent;;;BEAU;VENT;;
2024-03-02;8;2;gris;0.0;11.0;0.54;gris;gris;;;;COUVERT;;;
2024-03-03;8;2;pluie/éclaircies/vent;17.0;11.0;0.48;pluie/éclaircies/vent;pluie;éclaircies;vent;;PLUIE;ECLAIRCIES;VENT;
2024-03-04;8;3;beau/voilé/pluie;4.0;14.0;0.32;beau/voilé/pluie;beau;voilé;pluie;;BEAU;COUVERT;PLUIE;
2024-03-05;8;2;giboulées;3.0;10.0;0.38;giboulées;giboulées;;;;PLUIE;;;
2024-03-06;8;3;beau;0.0;15.0;0.3;beau;beau;;;;BEAU;;;
2024-03-07;8;2;voilé/vent;0.0;17.0;0.37;voilé/vent;voilé;vent;;;COUVERT;VENT;;
2024-03-08;8;2;pluie/beau;2.0;17.0;0.41;pluie/beau;pluie;beau;;;PLUIE;BEAU;;
2024-03-09;8;1;gris;0.0;14.0;0.5;gris;gris;;;;COUVERT;;;
2024-03-10;8;2;dégagé;0.0;16.0;0.25;dégagé;dégagé;;;;BEAU;;;
2024-03-11;8;2;pluie/vent;17.0;6.0;0.78;pluie/vent;pluie;vent;;;PLUIE;VENT;;
2024-03-12;8;2;beau;0.0;15.0;0.33;beau;beau;;;;BEAU;;;
2024-03-13;8;3;beau;0.0;20.0;0.33;beau;beau;;;;BEAU;;;
2024-03-14;8;2;voilé;0.0;21.0;0.41;voilé;voilé;;;;COUVERT;;;
2024-03-15;8;4;voilé/beau/couvert;0.0;21.0;0.34;voilé/beau/couvert;voilé;beau;couvert;;COUVERT;BEAU;COUVERT;
2024-03-16;8;0;beau/voilé;0.0;19.0;0.39;beau/voilé;beau;voilé;;;BEAU;COUVERT;;
2024-03-17;8;3;beau;0.0;24.0;0.35;beau;beau;;;;BEAU;;;
2024-03-18;8;2;couvert/voilé;0.0;21.0;0.46;couvert/voilé;couvert;voilé;;;COUVERT;COUVERT;;
2024-03-19;8;2;beau;0.0;22.0;0.41;beau;beau;;;;BEAU;;;
2024-03-20;8;2;voilé/couvert;0.0;21.0;0.58;voilé/couvert;voilé;couvert;;;COUVERT;COUVERT;;
2024-03-21;8;2;couvert/voilé;0.0;24.0;0.43;couvert/voilé;couvert;voilé;;;COUVERT;COUVERT;;
2024-03-22;8;4;beau;0.0;26.0;0.35;beau;beau;;;;BEAU;;;
2024-03-23;8;3;bruine/couvert/éclaircies;0.0;10.0;0.77;bruine/couvert/éclaircies;bruine;couvert;éclaircies;;PLUIE;COUVERT;ECLAIRCIES;
2024-03-24;8;3;assez beau;0.0;9.0;;assez beau;assez beau;;;;BEAU;;;
2024-03-25;8;2;;0.0;10.0;;;;;;;;;;
2024-03-26;8;3;pluie/gris;7.0;7.0;0.65;pluie/gris;pluie;gris;;;PLUIE;COUVERT;;
2024-03-27;8;5;voilé/pluie;4.0;14.0;0.4;voilé/pluie;voilé;pluie;;;COUVERT;PLUIE;;
2024-03-28;8;2;beau;0.0;19.0;0.36;beau;beau;;;;BEAU;;;
2024-03-29;8;2;voilé/vent/pluie;2.0;21.0;0.47;voilé/vent/pluie;voilé;vent;pluie;;COUVERT;VENT;PLUIE;
2024-03-30;8;2;beau;0.0;22.0;0.33;beau;beau;;;;BEAU;;;
2024-03-31;8;2;voilé/vent/orages;5.0;15.0;0.5;voilé/vent/orages;voilé;vent;orages;;COUVERT;VENT;ORAGE;
2024-04-01;8;3;beau/orages/beau;2.0;17.0;0.39;beau/orages/beau;beau;orages;beau;;BEAU;ORAGE;BEAU;
2024-04-02;8;3;beau/couvert;0.0;19.0;0.33;beau/couvert;beau;couvert;;;BEAU;COUVERT;;
2024-04-03;8;4;nuageux/beau;0.0;17.0;0.37;nuageux/beau;nuageux;beau;;;COUVERT;BEAU;;
2024-04-04;8;3;beau;0.0;25.0;0.31;beau;beau;;;;BEAU;;;
2024-04-05;8;2;beau/vent;0.0;25.0;0.4;beau/vent;beau;vent;;;BEAU;VENT;;
2024-04-06;8;3;couvert/vent;0.0;18.0;0.56;couvert/vent;couvert;vent;;;COUVERT;VENT;;
2024-04-07;8;2;couvert/vent/éclaircies;0.0;20.0;0.53;couvert/vent/éclaircies;couvert;vent;éclaircies;;COUVERT;VENT;ECLAIRCIES;
2024-04-08;8;4;couvert/voilé/pluie;2.0;22.0;0.51;couvert/voilé/pluie;couvert;voilé;pluie;;COUVERT;COUVERT;PLUIE;
2024-04-09;8;3;giboulées;11.0;13.0;0.42;giboulées;giboulées;;;;PLUIE;;;
2024-04-10;8;3;éclaircies/vent;0.0;12.0;0.49;éclaircies/vent;éclaircies;vent;;;ECLAIRCIES;VENT;;
2024-04-11;8;3;beau/qq nuages;0.0;20.0;0.3;beau/qq nuages;beau;qq nuages;;;BEAU;NUAGES;;
2024-04-12;8;2;beau;0.0;24.0;0.36;beau;beau;;;;BEAU;;;
2024-04-13;8;3;beau;0.0;27.0;0.27;beau;beau;;;;BEAU;;;
2024-04-14;8;5;beau;0.0;26.0;0.34;beau;beau;;;;BEAU;;;
2024-04-15;8;3;couvert;0.0;16.0;0.68;couvert;couvert;;;;COUVERT;;;
2024-04-16;8;3;couvert/pluie/vent/éclaircies;4.0;8.0;0.79;couvert/pluie/vent/éclaircies;couvert;pluie;vent;éclaircies;COUVERT;PLUIE;VENT;ECLAIRCIES
2024-04-17;8;2;couvert/pluie fine/éclaircie;0.5;13.0;0.61;couvert/pluie fine/éclaircie;couvert;pluie fine;éclaircie;;COUVERT;PLUIE;ECLAIRCIES;
2024-04-18;8;3;giboulées;4.0;12.0;0.6;giboulées;giboulées;;;;PLUIE;;;
2024-04-19;8;3;beau;0.0;19.0;0.3;beau;beau;;;;BEAU;;;
2024-04-20;8;3;beau/qq nuages;0.0;19.0;0.35;beau/qq nuages;beau;qq nuages;;;BEAU;NUAGES;;
2024-04-21;8;3;beau/vent;0.0;14.0;0.35;beau/vent;beau;vent;;;BEAU;VENT;;
2024-04-22;8;3;qq nuages/vent;0.0;12.0;0.35;qq nuages/vent;qq nuages;vent;;;NUAGES;VENT;;
2024-04-23;8;3;nuageux/vent;0.0;9.0;0.45;nuageux/vent;nuageux;vent;;;COUVERT;VENT;;
2024-04-24;8;3;couvert/vent;0.5;12.0;0.39;couvert/vent;couvert;vent;;;COUVERT;VENT;;
2024-04-25;8;3;nuageux/pluie;5.0;15.0;0.38;nuageux/pluie;nuageux;pluie;;;COUVERT;PLUIE;;
2024-04-26;8;2;beau/nuageux;0.0;18.0;0.39;beau/nuageux;beau;nuageux;;;BEAU;COUVERT;;
2024-04-27;8;4;nuageux/vent/pluie;2.0;20.0;0.45;nuageux/vent/pluie;nuageux;vent;pluie;;COUVERT;VENT;PLUIE;
2024-04-28;8;3;couvert/pluie;14.0;14.0;0.54;couvert/pluie;couvert;pluie;;;COUVERT;PLUIE;;
2024-04-29;8;3;pluie;9.0;11.0;0.75;pluie;pluie;;;;PLUIE;;;
2024-04-30;8;1;couvert/éclaircies;0.0;13.0;0.63;couvert/éclaircies;couvert;éclaircies;;;COUVERT;ECLAIRCIES;;
2024-05-01;8;2;pluie;15.0;10.0;0.77;pluie;pluie;;;;PLUIE;;;
2024-05-02;8;3;couvert/vent/éclaircies;0.0;11.0;0.55;couvert/vent/éclaircies;couvert;vent;éclaircies;;COUVERT;VENT;ECLAIRCIES;
2024-05-03;8;3;beau/couvert;0.0;18.0;0.31;beau/couvert;beau;couvert;;;BEAU;COUVERT;;
2024-05-04;8;2;couvert/éclaircies;0.0;23.0;0.36;couvert/éclaircies;couvert;éclaircies;;;COUVERT;ECLAIRCIES;;
2024-05-05;8;3;beau/orages;17.0;22.0;0.49;beau/orages;beau;orages;;;BEAU;ORAGE;;
2024-05-06;8;4;pluie;4.0;12.0;0.66;pluie;pluie;;;;PLUIE;;;
2024-05-07;8;2;éclaircies/vent/pluie;6.0;13.0;0.56;éclaircies/vent/pluie;éclaircies;vent;pluie;;ECLAIRCIES;VENT;PLUIE;
2024-05-08;8;1;éclaircies/vent;0.0;20.0;0.38;éclaircies/vent;éclaircies;vent;;;ECLAIRCIES;VENT;;
2024-05-09;8;3;beau;0.0;25.0;0.3;beau;beau;;;;BEAU;;;
2024-05-10;8;3;beau;0.0;26.0;0.37;beau;beau;;;;BEAU;;;
2024-05-11;8;3;beau/couvert;0.0;27.0;0.37;beau/couvert;beau;couvert;;;BEAU;COUVERT;;
2024-05-12;8;3;nuageux/orageux;0.0;16.0;0.71;nuageux/orageux;nuageux;orageux;;;COUVERT;ORAGE;;
2024-05-13;8;3;couvert/voilé;0.0;19.0;0.48;couvert/voilé;couvert;voilé;;;COUVERT;COUVERT;;
2024-05-14;8;2;pluie/éclaircies;17.0;13.0;0.65;pluie/éclaircies;pluie;éclaircies;;;PLUIE;ECLAIRCIES;;
2024-05-15;8;3;pluie/éclaircies/pluie;8.0;15.0;0.43;pluie/éclaircies/pluie;pluie;éclaircies;pluie;;PLUIE;ECLAIRCIES;PLUIE;
2024-05-16;8;1;éclaircies/pluie;5.0;14.0;0.6;éclaircies/pluie;éclaircies;pluie;;;ECLAIRCIES;PLUIE;;
2024-05-17;8;2;éclaircies/pluie;8.0;17.0;0.49;éclaircies/pluie;éclaircies;pluie;;;ECLAIRCIES;PLUIE;;
2024-05-18;8;2;éclaircies;0.0;15.0;0.49;éclaircies;éclaircies;;;;ECLAIRCIES;;;
2024-05-19;8;4;éclaircies/pluie;3.0;14.0;0.77;éclaircies/pluie;éclaircies;pluie;;;ECLAIRCIES;PLUIE;;
2024-05-20;8;3;nuageux/pluie;0.0;18.0;0.47;nuageux/pluie;nuageux;pluie;;;COUVERT;PLUIE;;
2024-05-21;8;2;nuageux/éclaircies;0.0;17.0;0.46;nuageux/éclaircies;nuageux;éclaircies;;;COUVERT;ECLAIRCIES;;
2024-05-22;8;2;nuageux/pluie;7.0;17.0;0.51;nuageux/pluie;nuageux;pluie;;;COUVERT;PLUIE;;
2024-05-23;8;2;couvert/pluie;1.0;17.0;0.54;couvert/pluie;couvert;pluie;;;COUVERT;PLUIE;;
2024-05-24;8;2;pluie/couvert;0.0;16.0;0.56;pluie/couvert;pluie;couvert;;;PLUIE;COUVERT;;
2024-05-25;8;2;voilé;0.0;25.0;0.41;voilé;voilé;;;;COUVERT;;;
2024-05-26;8;3;éclaircies/couvert;0.0;20.0;0.5;éclaircies/couvert;éclaircies;couvert;;;ECLAIRCIES;COUVERT;;
2024-05-27;8;3;pluie/couvert;4.0;14.0;0.71;pluie/couvert;pluie;couvert;;;PLUIE;COUVERT;;
2024-05-28;8;3;beau;0.0;26.0;0.35;beau;beau;;;;BEAU;;;
2024-05-29;8;3;voilé/couvert;0.0;24.0;0.42;voilé/couvert;voilé;couvert;;;COUVERT;COUVERT;;
2024-05-30;8;1;pluie/éclaircies;2.0;17.0;0.75;pluie/éclaircies;pluie;éclaircies;;;PLUIE;ECLAIRCIES;;
2024-05-31;8;2;beau;0.0;21.0;0.36;beau;beau;;;;BEAU;;;
2024-06-01;8;2;nuageux/;0.0;18.0;0.55;nuageux/;nuageux;;;;COUVERT;;;
2024-06-02;8;3;nuageux/;0.0;18.0;0.52;nuageux/;nuageux;;;;COUVERT;;;
2024-06-03;8;3;beau/vent;0.0;24.0;0.37;beau/vent;beau;vent;;;BEAU;VENT;;
2024-06-04;8;3;éclaircies;0.0;24.0;0.41;éclaircies;éclaircies;;;;ECLAIRCIES;;;
2024-06-05;8;2;beau;0.0;29.0;0.35;beau;beau;;;;BEAU;;;
2024-06-06;8;3;beau;0.0;28.0;0.46;beau;beau;;;;BEAU;;;
2024-06-07;8;1;couvert/lourd;0.0;26.0;0.58;couvert/lourd;couvert;lourd;;;COUVERT;CHAUD;;
2024-06-08;8;4;couvert/lourd;0.0;25.0;0.6;couvert/lourd;couvert;lourd;;;COUVERT;CHAUD;;
2024-06-09;8;4;pluie/couvert;1.0;16.0;0.82;pluie/couvert;pluie;couvert;;;PLUIE;COUVERT;;
2024-06-10;8;2;couvert/éclaircies;0.0;23.0;0.38;couvert/éclaircies;couvert;éclaircies;;;COUVERT;ECLAIRCIES;;
2024-06-11;8;1;bruine/nuageux;1.0;19.0;0.52;bruine/nuageux;bruine;nuageux;;;PLUIE;COUVERT;;
2024-06-12;8;3;couvert/qq gouttes;0.0;16.0;0.56;couvert/qq gouttes;couvert;qq gouttes;;;COUVERT;PLUIE;;
2024-06-13;8;3;beau;0.0;22.0;0.43;beau;beau;;;;BEAU;;;
2024-06-14;8;3;beau;0.0;25.0;0.37;beau;beau;;;;BEAU;;;
2024-06-15;8;2;pluie/couvert;7.0;16.0;0.68;pluie/couvert;pluie;couvert;;;PLUIE;COUVERT;;
2024-06-16;8;3;beau;0.0;27.0;0.39;beau;beau;;;;BEAU;;;
2024-06-17;8;3;beau/couvert;0.0;19.0;0.42;beau/couvert;beau;couvert;;;BEAU;COUVERT;;
2024-06-18;8;5;qq nuages/beau/vent;0.0;26.0;0.55;qq nuages/beau/vent;qq nuages;beau;vent;;NUAGES;BEAU;VENT;
2024-06-19;8;2;couvert/bruine/orage;11.0;20.0;0.72;couvert/bruine/orage;couvert;bruine;orage;;COUVERT;PLUIE;ORAGE;
2024-06-20;8;3;pluie/couvert;9.0;17.0;0.73;pluie/couvert;pluie;couvert;;;PLUIE;COUVERT;;
2024-06-21;8;2;assez beau/ vent;0.0;18.0;0.6;assez beau/ vent;assez beau;vent;;;BEAU;VENT;;
2024-06-22;8;2;éclaircies/pluie;1.0;20.0;0.47;éclaircies/pluie;éclaircies;pluie;;;ECLAIRCIES;PLUIE;;
2024-06-23;8;3;couvert/éclaircies;0.0;19.0;0.5;couvert/éclaircies;couvert;éclaircies;;;COUVERT;ECLAIRCIES;;
2024-06-24;8;2;beau;0.0;26.0;0.39;beau;beau;;;;BEAU;;;
2024-06-25;8;4;beau;0.0;28.0;0.4;beau;beau;;;;BEAU;;;
2024-06-26;8;2;beau;0.0;30.0;0.36;beau;beau;;;;BEAU;;;
2024-06-27;8;2;beau/orageux;0.0;31.0;0.49;beau/orageux;beau;orageux;;;BEAU;ORAGE;;
2024-06-28;8;2;couvert;0.0;25.0;0.64;couvert;couvert;;;;COUVERT;;;
2024-06-29;8;2;couvert/orages;12.0;18.0;0.81;couvert/orages;couvert;orages;;;COUVERT;ORAGE;;
2024-06-30;8;3;couvert;0.0;22.0;0.54;couvert;couvert;;;;COUVERT;;;
2024-07-01;8;1;pluie/éclaircies;2.0;17.0;0.7;pluie/éclaircies;pluie;éclaircies;;;PLUIE;ECLAIRCIES;;
2024-07-02;8;2;éclaircie;0.0;20.0;0.5;éclaircie;éclaircie;;;;ECLAIRCIES;;;
2024-07-03;8;1;belles éclaircies/vent;0.0;24.0;0.36;belles éclaircies/vent;belles éclaircies;vent;;;ECLAIRCIES;VENT;;
2024-07-04;8;1;éclaircie/couvert;0.0;25.0;0.45;éclaircie/couvert;éclaircie;couvert;;;ECLAIRCIES;COUVERT;;
2024-07-05;8;2;beau/chaud;0.0;21.0;0.62;beau/chaud;beau;chaud;;;BEAU;CHAUD;;
2024-07-06;8;2;orages;25.0;17.0;0.79;orages;orages;;;;ORAGE;;;
2024-07-07;8;1;couvert/éclaircies/beau;0.0;18.0;0.56;couvert/éclaircies/beau;couvert;éclaircies;beau;;COUVERT;ECLAIRCIES;BEAU;
2024-07-08;8;2;beau/vent;0.0;27.0;0.5;beau/vent;beau;vent;;;BEAU;VENT;;
2024-07-09;8;2;voilé;0.0;30.0;0.53;voilé;voilé;;;;COUVERT;;;
2024-07-10;8;1;beau;0.0;27.0;0.44;beau;beau;;;;BEAU;;;
2024-07-11;8;0;beau/orageux;0.0;33.0;0.38;beau/orageux;beau;orageux;;;BEAU;ORAGE;;
2024-07-12;8;2;couvert/pluie;7.0;19.0;0.77;couvert/pluie;couvert;pluie;;;COUVERT;PLUIE;;
2024-07-13;8;2;couvert/éclaircies;0.0;18.0;0.49;couvert/éclaircies;couvert;éclaircies;;;COUVERT;ECLAIRCIES;;
2024-07-14;8;2;beau;0.0;26.0;0.5;beau;beau;;;;BEAU;;;
2024-07-15;8;0;beau/orageux;0.0;30.0;0.44;beau/orageux;beau;orageux;;;BEAU;ORAGE;;
2024-07-16;8;2;pluie/couvert;2.0;23.0;0.47;pluie/couvert;pluie;couvert;;;PLUIE;COUVERT;;
2024-07-17;8;1;voilé/beau;0.0;30.0;0.4;voilé/beau;voilé;beau;;;COUVERT;BEAU;;
2024-07-18;8;2;beau;0.0;31.0;0.41;beau;beau;;;;BEAU;;;
2024-07-19;8;1;voilé/beau;0.0;32.0;0.4;voilé/beau;voilé;beau;;;COUVERT;BEAU;;
2024-07-20;8;1;lourd;0.0;29.0;0.53;lourd;lourd;;;;CHAUD;;;
2024-07-21;8;2;orages/éclaircies/pluie;27.0;21.0;0.52;orages/éclaircies/pluie;orages;éclaircies;pluie;;ORAGE;ECLAIRCIES;PLUIE;
2024-07-22;8;0;couvert/éclaircies;0.0;21.0;0.52;couvert/éclaircies;couvert;éclaircies;;;COUVERT;ECLAIRCIES;;
2024-07-23;8;2;beau;0.0;28.0;0.42;beau;beau;;;;BEAU;;;
2024-07-24;8;2;voilé;0.0;28.0;0.48;voilé;voilé;;;;COUVERT;;;
2024-07-25;8;3;brumeux/beau;0.0;27.0;0.45;brumeux/beau;brumeux;beau;;;COUVERT;BEAU;;
2024-07-26;8;3;nuageux;0.0;30.0;0.45;nuageux;nuageux;;;;COUVERT;;;
2024-07-27;8;2;brumeux/couvert;0.0;26.0;0.6;brumeux/couvert;brumeux;couvert;;;COUVERT;COUVERT;;
2024-07-28;8;3;beau;0.0;31.0;0.45;beau;beau;;;;BEAU;;;
2024-07-29;8;2;beau;0.0;35.0;0.3;beau;beau;;;;BEAU;;;
2024-07-30;8;3;beau/orage;5.0;35.0;0.4;beau/orage;beau;orage;;;BEAU;ORAGE;;
2024-07-31;8;1;beau;0.0;33.0;0.43;beau;beau;;;;BEAU;;;
2024-08-01;8;2;couvert/éclaircies;0.0;23.0;0.71;couvert/éclaircies;couvert;éclaircies;;;COUVERT;ECLAIRCIES;;
2024-08-02;8;3;pluie/couvert;4.0;22.0;0.74;pluie/couvert;pluie;couvert;;;PLUIE;COUVERT;;
2024-08-03;8;3;bruine/éclaircies/beau;0.5;21.0;0.57;bruine/éclaircies/beau;bruine;éclaircies;beau;;PLUIE;ECLAIRCIES;BEAU;
2024-08-04;8;3;beau;0.0;25.0;0.3;beau;beau;;;;BEAU;;;
2024-08-05;8;2;beau;0.0;30.0;0.42;beau;beau;;;;BEAU;;;
2024-08-06;8;1;orageux/mitigé;0.0;30.0;0.47;orageux/mitigé;orageux;mitigé;;;ORAGE;MITIGE;;
2024-08-07;8;2;couvert;0.0;23.0;0.65;couvert;couvert;;;;COUVERT;;;
2024-08-08;8;2;beau;0.0;32.0;0.35;beau;beau;;;;BEAU;;;
2024-08-09;8;0;beau;0.0;31.0;0.36;beau;beau;;;;BEAU;;;
2024-08-10;8;2;beau;0.0;32.0;0.43;beau;beau;;;;BEAU;;;
2024-08-11;8;2;beau;0.0;33.0;0.4;beau;beau;;;;BEAU;;;
2024-08-12;8;1;couvert/beau;0.0;24.0;0.7;couvert/beau;couvert;beau;;;COUVERT;BEAU;;
2024-08-13;8;0;couvert/pluie/éclaircies;2.0;25.0;0.65;couvert/pluie/éclaircies;couvert;pluie;éclaircies;;COUVERT;PLUIE;ECLAIRCIES;
2024-08-14;8;1;fortes pluie/acalmie;95.0;19.0;0.79;fortes pluie/acalmie;fortes pluie;acalmie;;;AUTRE/NON CLASSE;AUTRE/NON CLASSE;;
2024-08-15;8;1;pluie/éclaircies;5.0;24.0;0.5;pluie/éclaircies;pluie;éclaircies;;;PLUIE;ECLAIRCIES;;
2024-08-16;8;0;couvert/belles éclaircies;0.0;28.0;0.42;couvert/belles éclaircies;couvert;belles éclaircies;;;COUVERT;ECLAIRCIES;;
2024-08-17;8;3;ensoleillé;0.0;29.0;0.45;ensoleillé;ensoleillé;;;;BEAU;;;
2024-08-18;8;2;pluie/éclaircies;5.0;25.0;0.51;pluie/éclaircies;pluie;éclaircies;;;PLUIE;ECLAIRCIES;;
2024-08-19;8;0;ensoleillé;0.0;27.0;0.34;ensoleillé;ensoleillé;;;;BEAU;;;
2024-08-20;8;2;beau;0.0;26.0;0.35;beau;beau;;;;BEAU;;;
2024-08-21;8;1;pluie/couvert/éclaircies;4.0;21.0;0.59;pluie/couvert/éclaircies;pluie;couvert;éclaircies;;PLUIE;COUVERT;ECLAIRCIES;
2024-08-22;8;1;beau;0.0;27.0;0.37;beau;beau;;;;BEAU;;;
2024-08-23;8;2;couvert/éclaircies;0.0;20.0;0.67;couvert/éclaircies;couvert;éclaircies;;;COUVERT;ECLAIRCIES;;
2024-08-24;8;1;beau/orages;37.0;31.0;0.49;beau/orages;beau;orages;;;BEAU;ORAGE;;
2024-08-25;8;2;couvert/éclaircies;0.0;22.0;0.35;couvert/éclaircies;couvert;éclaircies;;;COUVERT;ECLAIRCIES;;
2024-08-26;8;0;beau;0.0;24.0;0.3;beau;beau;;;;BEAU;;;
2024-08-27;8;2;beau;0.0;26.0;0.355;beau;beau;;;;BEAU;;;
2024-08-28;8;2;beau;0.0;31.0;0.41;beau;beau;;;;BEAU;;;
2024-08-29;8;0;couvert/éclaircies;0.0;26.0;0.5;couvert/éclaircies;couvert;éclaircies;;;COUVERT;ECLAIRCIES;;
2024-08-30;8;1;beau;0.0;29.0;0.45;beau;beau;;;;BEAU;;;
2024-08-31;8;1;couvert/éclaircies/averses;1.0;31.0;0.52;couvert/éclaircies/averses;couvert;éclaircies;averses;;COUVERT;ECLAIRCIES;PLUIE;
2024-09-01;8;1;pluie/couvert;0.0;21.0;0.74;pluie/couvert;pluie;couvert;;;PLUIE;COUVERT;;
2024-09-02;8;1;beau;0.0;26.0;0.32;beau;beau;;;;BEAU;;;
2024-09-03;8;1;pluie/bruine;10.0;18.0;0.8;pluie/bruine;pluie;bruine;;;PLUIE;PLUIE;;
2024-09-04;8;1;pluie;30.0;16.0;0.8;pluie;pluie;;;;PLUIE;;;
2024-09-05;8;0;éclaircie;0.0;24.0;0.43;éclaircie;éclaircie;;;;ECLAIRCIES;;;
2024-09-06;8;1;nuageux/pluie;3.0;18.0;0.6;nuageux/pluie;nuageux;pluie;;;COUVERT;PLUIE;;
2024-09-07;8;0;nuageux/;0.0;21.0;0.64;nuageux/;nuageux;;;;COUVERT;;;
2024-09-08;8;1;éclaircies/dégradation/pluie;4.0;19.0;0.69;éclaircies/dégradation/pluie;éclaircies;dégradation;pluie;;ECLAIRCIES;AUTRE/NON CLASSE;PLUIE;
2024-09-09;8;0;couvert/éclaircies;0.0;18.0;0.65;couvert/éclaircies;couvert;éclaircies;;;COUVERT;ECLAIRCIES;;
2024-09-10;8;1;éclaircie;0.0;21.0;0.44;éclaircie;éclaircie;;;;ECLAIRCIES;;;
2024-09-11;8;0;éclaircie/pluie;19.0;23.0;0.43;éclaircie/pluie;éclaircie;pluie;;;ECLAIRCIES;PLUIE;;
2024-09-12;8;1;pluie/éclaircies;1.0;19.0;0.415;pluie/éclaircies;pluie;éclaircies;;;PLUIE;ECLAIRCIES;;
2024-09-13;8;0;pluie/éclaircies;2.0;18.0;0.4;pluie/éclaircies;pluie;éclaircies;;;PLUIE;ECLAIRCIES;;
2024-09-14;8;1;beau;0.0;20.0;0.32;beau;beau;;;;BEAU;;;
2024-09-15;8;0;beau;0.0;17.0;0.42;beau;beau;;;;BEAU;;;
2024-09-16;8;1;beau;0.0;20.0;0.35;beau;beau;;;;BEAU;;;
2024-09-17;8;0;couvert;0.0;16.0;0.62;couvert;couvert;;;;COUVERT;;;
2024-09-18;8;1;beau;0.0;26.0;0.38;beau;beau;;;;BEAU;;;
2024-09-19;8;0;beau;0.0;23.0;0.45;beau;beau;;;;BEAU;;;
2024-09-20;8;1;couvert/pluie/éclaircies;1.0;20.0;0.71;couvert/pluie/éclaircies;couvert;pluie;éclaircies;;COUVERT;PLUIE;ECLAIRCIES;
2024-09-21;8;0;nuageux/pluie;6.0;22.0;0.57;nuageux/pluie;nuageux;pluie;;;COUVERT;PLUIE;;
2024-09-22;8;0;couvert/pluie;4.0;18.0;0.74;couvert/pluie;couvert;pluie;;;COUVERT;PLUIE;;
2024-09-23;8;1;pluie/éclaircies;14.0;19.0;0.53;pluie/éclaircies;pluie;éclaircies;;;PLUIE;ECLAIRCIES;;
2024-09-24;8;0;beau;0.0;19.0;0.495;beau;beau;;;;BEAU;;;
2024-09-25;8;0;beau/voilé;0.0;24.0;0.46;beau/voilé;beau;voilé;;;BEAU;COUVERT;;
2024-09-26;8;0;couvert/pluie;5.0;17.0;0.83;couvert/pluie;couvert;pluie;;;COUVERT;PLUIE;;
2024-09-27;8;0;couvert/pluie;4.0;13.0;0.75;couvert/pluie;couvert;pluie;;;COUVERT;PLUIE;;
2024-09-28;8;0;éclaircies;0.0;17.0;0.47;éclaircies;éclaircies;;;;ECLAIRCIES;;;
2024-09-29;8;0;beau;0.0;22.0;0.38;beau;beau;;;;BEAU;;;
2024-09-30;8;0;beau;0.0;24.0;0.45;beau;beau;;;;BEAU;;;
2024-10-01;8;0;voilé;0.0;22.0;0.6;voilé;voilé;;;;COUVERT;;;
2024-10-02;8;0;pluie;16.0;17.0;0.63;pluie;pluie;;;;PLUIE;;;
2024-10-03;8;0;éclaircie;0.0;17.0;0.48;éclaircie;éclaircie;;;;ECLAIRCIES;;;
2024-10-04;8;0;éclaircie;0.0;19.0;0.375;éclaircie;éclaircie;;;;ECLAIRCIES;;;
2024-10-05;8;0;beau;0.0;27.0;0.27;beau;beau;;;;BEAU;;;
2024-10-06;8;0;voilé;0.0;25.0;0.46;voilé;voilé;;;;COUVERT;;;
2024-10-07;8;0;couvert/pluie;5.0;18.0;0.69;couvert/pluie;couvert;pluie;;;COUVERT;PLUIE;;
2024-10-08;8;0;beau;0.0;25.0;0.37;beau;beau;;;;BEAU;;;
2024-10-09;8;0;beau/pluie;10.0;25.0;0.5;beau/pluie;beau;pluie;;;BEAU;PLUIE;;
2024-10-10;8;0;pluie/éclaircies;1.0;17.0;0.5;pluie/éclaircies;pluie;éclaircies;;;PLUIE;ECLAIRCIES;;
2024-10-11;8;0;beau;0.0;17.0;0.5900000000000001;beau;beau;;;;BEAU;;;
2024-10-12;8;0;couvert;0.0;17.0;0.68;couvert;couvert;;;;COUVERT;;;
2024-10-13;8;0;beau;0.0;28.0;0.4;beau;beau;;;;BEAU;;;
2024-10-14;8;0;couvert;0.0;24.0;0.55;couvert;couvert;;;;COUVERT;;;
2024-10-15;8;0;couvert;0.0;20.0;0.73;couvert;couvert;;;;COUVERT;;;
2024-10-16;8;0;éclaircie;0.0;23.0;0.5;éclaircie;éclaircie;;;;ECLAIRCIES;;;
2024-10-17;8;0;couvert/pluie;40.0;17.0;0.83;couvert/pluie;couvert;pluie;;;COUVERT;PLUIE;;
2024-10-18;8;0;pluie;14.0;13.0;0.85;pluie;pluie;;;;PLUIE;;;
2024-10-19;8;0;éclaircie;0.0;17.0;0.58;éclaircie;éclaircie;;;;ECLAIRCIES;;;
2024-10-20;8;0;beau;0.0;25.0;0.41;beau;beau;;;;BEAU;;;
2024-10-21;8;0;beau;0.0;23.0;0.45;beau;beau;;;;BEAU;;;
2024-10-22;8;0;pluie;16.0;14.0;0.8;pluie;pluie;;;;PLUIE;;;
2024-10-23;8;0;brouillard/couvert;0.0;17.0;0.63;brouillard/couvert;brouillard;couvert;;;COUVERT;COUVERT;;
2024-10-24;8;0;beau;0.0;23.0;0.46;beau;beau;;;;BEAU;;;
2024-10-25;8;0;couvert/pluie;7.0;18.0;0.67;couvert/pluie;couvert;pluie;;;COUVERT;PLUIE;;
2024-10-26;8;0;pluie;6.0;12.0;0.81;pluie;pluie;;;;PLUIE;;;
2024-10-27;8;0;bruine/couvert/éclaircies;0.0;15.0;0.61;bruine/couvert/éclaircies;bruine;couvert;éclaircies;;PLUIE;COUVERT;ECLAIRCIES;
2024-10-28;8;0;couvert/pluie;11.0;13.0;0.78;couvert/pluie;couvert;pluie;;;COUVERT;PLUIE;;
2024-10-29;8;0;brouillard/couvert;1.0;15.0;0.74;brouillard/couvert;brouillard;couvert;;;COUVERT;COUVERT;;
2024-10-30;8;0;nuageux/couvert;0.0;22.0;0.53;nuageux/couvert;nuageux;couvert;;;COUVERT;COUVERT;;
2024-10-31;8;0;beau;0.0;19.0;0.74;beau;beau;;;;BEAU;;;
2024-11-01;8;0;beau;0.0;24.0;0.44;beau;beau;;;;BEAU;;;
2024-11-02;8;0;couvert/éclaircies;0.0;22.0;0.49;couvert/éclaircies;couvert;éclaircies;;;COUVERT;ECLAIRCIES;;
2024-11-03;8;0;beau;0.0;25.0;0.36;beau;beau;;;;BEAU;;;
2024-11-04;8;0;beau/nuageux;0.0;18.0;0.68;beau/nuageux;beau;nuageux;;;BEAU;COUVERT;;
2024-11-05;8;0;nuageux/;0.0;21.0;0.49;nuageux/;nuageux;;;;COUVERT;;;
2024-11-06;8;0;beau;0.0;25.0;0.38;beau;beau;;;;BEAU;;;
2024-11-07;8;0;beau;0.0;24.0;0.36;beau;beau;;;;BEAU;;;
2024-11-08;8;0;beau/voilé;0.0;25.0;0.34;beau/voilé;beau;voilé;;;BEAU;COUVERT;;
2024-11-09;8;0;couvert/pluie;19.0;16.0;0.74;couvert/pluie;couvert;pluie;;;COUVERT;PLUIE;;
2024-11-10;8;0;pluie/couvert;0.0;15.0;0.59;pluie/couvert;pluie;couvert;;;PLUIE;COUVERT;;
2024-11-11;8;0;couvert;0.0;15.0;0.62;couvert;couvert;;;;COUVERT;;;
2024-11-12;8;0;couvert/pluie;9.0;7.0;0.78;couvert/pluie;couvert;pluie;;;COUVERT;PLUIE;;
2024-11-13;8;0;couvert;0.0;10.0;0.74;couvert;couvert;;;;COUVERT;;;
2024-11-14;8;0;beau;0.0;12.0;0.5549999999999999;beau;beau;;;;BEAU;;;
2024-11-15;8;0;beau;0.0;18.0;0.37;beau;beau;;;;BEAU;;;
2024-11-16;8;0;beau;0.0;21.0;0.34;beau;beau;;;;BEAU;;;
2024-11-17;8;0;voilé/couvert;0.0;16.0;0.45;voilé/couvert;voilé;couvert;;;COUVERT;COUVERT;;
2024-11-18;8;0;couvert;0.0;11.0;0.64;couvert;couvert;;;;COUVERT;;;
2024-11-19;8;0;gris;0.0;13.0;0.69;gris;gris;;;;COUVERT;;;
2024-11-20;8;0;pluie;21.0;8.0;0.82;pluie;pluie;;;;PLUIE;;;
2024-11-21;8;0;gris;0.0;16.0;0.52;gris;gris;;;;COUVERT;;;
2024-11-22;8;0;pluie/éclaircies;0.0;8.0;0.66;pluie/éclaircies;pluie;éclaircies;;;PLUIE;ECLAIRCIES;;
2024-11-23;8;0;beau;0.0;12.0;0.54;beau;beau;;;;BEAU;;;
2024-11-24;8;0;ensoleillé;0.0;22.0;0.42;ensoleillé;ensoleillé;;;;BEAU;;;
2024-11-25;8;0;couvert/pluie;9.0;17.0;0.64;couvert/pluie;couvert;pluie;;;COUVERT;PLUIE;;
2024-11-26;8;0;gris;0.0;13.0;0.54;gris;gris;;;;COUVERT;;;
2024-11-27;8;0;beau;0.0;18.0;0.31;beau;beau;;;;BEAU;;;
2024-11-28;8;1;beau;0.0;19.0;0.32;beau;beau;;;;BEAU;;;
2024-11-29;8;0;beau;0.0;20.0;0.3399999999999999;beau;beau;;;;BEAU;;;
2024-11-30;8;1;beau;0.0;21.0;0.36;beau;beau;;;;BEAU;;;
2024-12-01;8;0;beau;0.0;22.0;0.37;beau;beau;;;;BEAU;;;
2024-12-02;8;1;couvert/pluie;9.0;11.0;0.82;couvert/pluie;couvert;pluie;;;COUVERT;PLUIE;;
2024-12-03;8;0;couvert/éclaircies/pluie;2.0;10.0;0.68;couvert/éclaircies/pluie;couvert;éclaircies;pluie;;COUVERT;ECLAIRCIES;PLUIE;
2024-12-04;8;1;éclaircies/beau;0.0;10.0;0.505;éclaircies/beau;éclaircies;beau;;;ECLAIRCIES;BEAU;;
2024-12-05;8;0;beau;0.0;14.0;0.33;beau;beau;;;;BEAU;;;
2024-12-06;8;1;pluie;6.0;13.0;0.82;pluie;pluie;;;;PLUIE;;;
2024-12-07;8;0;couvert/tempête;15.0;10.0;0.72;couvert/tempête;couvert;tempête;;;COUVERT;VENT;;
2024-12-08;8;0;couvert/pluie;17.0;6.0;0.7;couvert/pluie;couvert;pluie;;;COUVERT;PLUIE;;
2024-12-09;8;1;pluie;21.0;5.0;0.82;pluie;pluie;;;;PLUIE;;;
2024-12-10;8;0;couvert;0.0;4.0;0.71;couvert;couvert;;;;COUVERT;;;
2024-12-11;8;0;couvert/éclaircie;0.0;5.0;0.68;couvert/éclaircie;couvert;éclaircie;;;COUVERT;ECLAIRCIES;;
2024-12-12;8;1;éclaircie;0.0;14.0;0.43;éclaircie;éclaircie;;;;ECLAIRCIES;;;
2024-12-13;8;1;ensoleillé;0.0;13.0;0.45;ensoleillé;ensoleillé;;;;BEAU;;;
2024-12-14;8;0;ensoleillé/pluie;5.0;10.0;0.62;ensoleillé/pluie;ensoleillé;pluie;;;BEAU;PLUIE;;
2024-12-15;8;1;pluie/éclaircies;2.0;6.0;0.79;pluie/éclaircies;pluie;éclaircies;;;PLUIE;ECLAIRCIES;;
2024-12-16;8;0;beau;0.0;15.0;0.38;beau;beau;;;;BEAU;;;
2024-12-17;8;1;beau;0.0;16.0;0.375;beau;beau;;;;BEAU;;;
2024-12-18;8;0;beau;0.0;17.0;0.37;beau;beau;;;;BEAU;;;
2024-12-19;8;1;ensoleillé/pluie;14.0;11.0;0.78;ensoleillé/pluie;ensoleillé;pluie;;;BEAU;PLUIE;;
2024-12-20;8;0;ensoleillé;0.0;10.0;0.38;ensoleillé;ensoleillé;;;;BEAU;;;
2024-12-21;8;1;pluie;2.0;8.0;0.8;pluie;pluie;;;;PLUIE;;;
2024-12-22;8;1;couvert/pluie;14.0;12.0;0.62;couvert/pluie;couvert;pluie;;;COUVERT;PLUIE;;
2024-12-23;8;0;pluie;2.0;5.0;0.68;pluie;pluie;;;;PLUIE;;;
2024-12-24;8;1;pluie;5.0;10.0;0.85;pluie;pluie;;;;PLUIE;;;
2024-12-25;8;1;brouillard épais;1.0;8.0;0.81;brouillard épais;brouillard épais;;;;COUVERT;;;
2024-12-26;8;0;brouillard/;0.0;6.0;0.77;brouillard/;brouillard;;;;COUVERT;;;
2024-12-27;8;1;brumeux/beau;0.0;14.0;0.34;brumeux/beau;brumeux;beau;;;COUVERT;BEAU;;
2024-12-28;8;0;beau;0.0;13.0;0.38;beau;beau;;;;BEAU;;;
2024-12-29;8;1;éclaircie;0.0;8.0;0.55;éclaircie;éclaircie;;;;ECLAIRCIES;;;
2024-12-30;8;0;beau/brouillard épais;0.0;7.0;0.46;beau/brouillard épais;beau;brouillard épais;;;BEAU;COUVERT;;
2024-12-31;8;1;beau;0.0;9.0;0.4;beau;beau;;;;BEAU;;;
2025-01-01;8;1;beau;0.0;14.0;0.37;beau;beau;;;;BEAU;;;
2025-01-02;8;1;beau/voilé;0.0;10.0;0.48;beau/voilé;beau;voilé;;;BEAU;COUVERT;;
2025-01-03;8;1;pluie;6.0;10.0;0.75;pluie;pluie;;;;PLUIE;;;
2025-01-04;8;2;pluie/éclaircies;0.0;12.0;0.81;pluie/éclaircies;pluie;éclaircies;;;PLUIE;ECLAIRCIES;;
2025-01-05;8;1;nuageux;0.0;11.0;0.69;nuageux;nuageux;;;;COUVERT;;;
2025-01-06;8;2;éclaircies/couvert/pluie;7.0;10.0;0.72;éclaircies/couvert/pluie;éclaircies;couvert;pluie;;ECLAIRCIES;COUVERT;PLUIE;
2025-01-07;8;2;beau;0.0;14.0;0.28;beau;beau;;;;BEAU;;;
2025-01-08;8;2;voilé;0.0;17.0;0.44;voilé;voilé;;;;COUVERT;;;
2025-01-09;8;3;éclaircies/vent/pluie;1.0;14.0;0.44;éclaircies/vent/pluie;éclaircies;vent;pluie;;ECLAIRCIES;VENT;PLUIE;
2025-01-10;8;1;éclaircies/pluie;13.0;16.0;0.44;éclaircies/pluie;éclaircies;pluie;;;ECLAIRCIES;PLUIE;;
2025-01-11;8;2;pluie/couvert/pluie;3.0;11.0;0.58;pluie/couvert/pluie;pluie;couvert;pluie;;PLUIE;COUVERT;PLUIE;
2025-01-12;8;2;beau;0.0;4.0;0.42;beau;beau;;;;BEAU;;;
2025-01-13;8;2;beau;0.0;7.0;0.35;beau;beau;;;;BEAU;;;
2025-01-14;8;4;beau;0.0;5.0;0.39;beau;beau;;;;BEAU;;;
2025-01-15;8;0;voilé;0.0;6.0;0.37;voilé;voilé;;;;COUVERT;;;
2025-01-16;8;2;pluie/éclaircies;1.0;12.0;0.37;pluie/éclaircies;pluie;éclaircies;;;PLUIE;ECLAIRCIES;;
2025-01-17;8;0;brouillard épais/beau;0.0;14.0;0.33;brouillard épais/beau;brouillard épais;beau;;;COUVERT;BEAU;;
2025-01-18;8;1;éclaircies/;0.0;8.0;0.46;éclaircies/;éclaircies;;;;ECLAIRCIES;;;
2025-01-19;8;1;nuageux;0.0;10.0;0.46;nuageux;nuageux;;;;COUVERT;;;
2025-01-20;8;1;éclaircies/;0.0;14.0;0.28;éclaircies/;éclaircies;;;;ECLAIRCIES;;;
2025-01-21;8;2;voilé;0.0;12.0;0.43;voilé;voilé;;;;COUVERT;;;
2025-01-22;8;1;nuageux;0.0;15.0;0.51;nuageux;nuageux;;;;COUVERT;;;
2025-01-23;8;1;pluie/éclaircies;5.0;8.0;0.69;pluie/éclaircies;pluie;éclaircies;;;PLUIE;ECLAIRCIES;;
2025-01-24;8;0;beau/couvert;0.0;12.0;0.62;beau/couvert;beau;couvert;;;BEAU;COUVERT;;
2025-01-25;8;2;couvert/pluie;9.0;11.0;0.65;couvert/pluie;couvert;pluie;;;COUVERT;PLUIE;;
2025-01-26;8;0;couvert;0.0;13.0;0.54;couvert;couvert;;;;COUVERT;;;
2025-01-27;8;2;éclaircies/pluie;10.0;13.0;0.59;éclaircies/pluie;éclaircies;pluie;;;ECLAIRCIES;PLUIE;;
2025-01-28;8;0;éclaircies/pluie/;13.0;11.0;0.39;éclaircies/pluie/;éclaircies;pluie;;;ECLAIRCIES;PLUIE;;
2025-01-29;8;2;beau;0.0;16.0;0.42;beau;beau;;;;BEAU;;;
2025-01-30;8;1;beau/dégradation/pluie;10.0;16.0;0.36;beau/dégradation/pluie;beau;dégradation;pluie;;BEAU;AUTRE/NON CLASSE;PLUIE;
2025-01-31;8;1;couvert;0.0;7.0;0.64;couvert;couvert;;;;COUVERT;;;
2025-02-01;8;1;beau;0.0;13.0;0.27;beau;beau;;;;BEAU;;;
2025-02-02;8;2;beau;0.0;8.0;0.4;beau;beau;;;;BEAU;;;
2025-02-03;8;0;beau;0.0;8.0;0.42;beau;beau;;;;BEAU;;;
2025-02-04;8;2;beau;0.0;11.0;0.27;beau;beau;;;;BEAU;;;
2025-02-05;8;1;beau;0.0;12.0;0.21;beau;beau;;;;BEAU;;;
2025-02-06;8;1;beau;0.0;12.0;0.24;beau;beau;;;;BEAU;;;
2025-02-07;8;1;gris;0.0;9.0;0.55;gris;gris;;;;COUVERT;;;
2025-02-08;8;1;pluie/couvert/éclaircies;9.0;7.0;0.47;pluie/couvert/éclaircies;pluie;couvert;éclaircies;;PLUIE;COUVERT;ECLAIRCIES;
2025-02-09;8;1;couvert/pluie;1.0;7.0;0.58;couvert/pluie;couvert;pluie;;;COUVERT;PLUIE;;
2025-02-10;8;2;ensoleillé ;0.0;13.0;0.41;ensoleillé;ensoleillé;;;;BEAU;;;
2025-02-11;8;0;voilé;0.0;13.0;0.45;voilé;voilé;;;;COUVERT;;;
2025-02-12;8;3;couvert/pluie;8.0;11.0;0.6;couvert/pluie;couvert;pluie;;;COUVERT;PLUIE;;
2025-02-13;8;1;éclaircies;0.0;11.0;0.43;éclaircies;éclaircies;;;;ECLAIRCIES;;;
2025-02-14;8;2;pluie;5.0;11.0;0.84;pluie;pluie;;;;PLUIE;;;
2025-02-15;8;2;brouillard/voilé;0.0;12.0;0.46;brouillard/voilé;brouillard;voilé;;;COUVERT;COUVERT;;
2025-02-16;8;2;voilé;0.0;13.0;0.42;voilé;voilé;;;;COUVERT;;;
2025-02-17;8;2;voilé/beau;0.0;13.0;0.53;voilé/beau;voilé;beau;;;COUVERT;BEAU;;
2025-02-18;8;1;voilé;0.0;13.0;0.47;voilé;voilé;;;;COUVERT;;;
2025-02-19;8;2;voilé;0.0;15.0;0.34;voilé;voilé;;;;COUVERT;;;
2025-02-20;8;1;voilé;0.0;15.0;0.41;voilé;voilé;;;;COUVERT;;;
2025-02-21;8;2;voilé;0.0;14.0;0.48;voilé;voilé;;;;COUVERT;;;
2025-02-22;8;2;pluie fine/couvert;4.0;11.0;0.71;pluie fine/couvert;pluie fine;couvert;;;PLUIE;COUVERT;;
2025-02-23;8;1;beau;0.0;12.0;0.46;beau;beau;;;;BEAU;;;
2025-02-24;8;3;couvert;0.0;11.0;0.52;couvert;couvert;;;;COUVERT;;;
2025-02-25;8;3;pluie/couvert/;3.0;10.0;0.67;pluie/couvert/;pluie;couvert;;;PLUIE;COUVERT;;
2025-02-26;8;2;ensoleillé ;0.0;10.0;0.39;ensoleillé;ensoleillé;;;;BEAU;;;
2025-02-27;8;3;voilé/couvert;0.0;12.0;0.33;voilé/couvert;voilé;couvert;;;COUVERT;COUVERT;;
2025-02-28;8;5;voilé/couvert;0.0;12.0;0.37;voilé/couvert;voilé;couvert;;;COUVERT;COUVERT;;
2025-03-01;8;0;variable;0.0;11.0;0.36;variable;variable;;;;AUTRE/NON CLASSE;;;
2025-03-02;8;5;couvert/ensoleillé;0.0;12.0;0.34;couvert/ensoleillé;couvert;ensoleillé;;;COUVERT;BEAU;;
2025-03-03;8;2;voilé;0.0;14.0;0.32;voilé;voilé;;;;COUVERT;;;
2025-03-04;8;3;ensoleillé ;0.0;15.0;0.39;ensoleillé;ensoleillé;;;;BEAU;;;
2025-03-05;8;1;beau;0.0;17.0;0.28;beau;beau;;;;BEAU;;;
2025-03-06;8;3;beau;0.0;17.0;0.34;beau;beau;;;;BEAU;;;
2025-03-07;8;2;beau;0.0;18.0;0.32;beau;beau;;;;BEAU;;;
2025-03-08;8;4;nuageux;0.0;15.0;0.58;nuageux;nuageux;;;;COUVERT;;;
2025-03-09;8;2;pluie/éclaircies;4.0;13.0;0.61;pluie/éclaircies;pluie;éclaircies;;;PLUIE;ECLAIRCIES;;
2025-03-10;8;3;éclaircies/orages;1.0;14.0;0.48;éclaircies/orages;éclaircies;orages;;;ECLAIRCIES;ORAGE;;
2025-03-11;8;3;ensoleillé ;0.0;15.0;0.4;ensoleillé;ensoleillé;;;;BEAU;;;
2025-03-12;8;2;pluie/éclaircies;15.0;11.5;0.5449999999999999;pluie/éclaircies;pluie;éclaircies;;;PLUIE;ECLAIRCIES;;
2025-03-13;8;2;couvert/pluie;7.0;8.0;0.69;couvert/pluie;couvert;pluie;;;COUVERT;PLUIE;;
2025-03-14;8;4;pluie/couvert/;2.0;6.0;0.7;pluie/couvert/;pluie;couvert;;;PLUIE;COUVERT;;
2025-03-15;8;0;mitigé;0.0;7.0;0.38;mitigé;mitigé;;;;MITIGE;;;
2025-03-16;8;4;couvert/pluie;0.0;9.0;0.4;couvert/pluie;couvert;pluie;;;COUVERT;PLUIE;;
2025-03-17;8;2;beau;0.0;12.0;0.28;beau;beau;;;;BEAU;;;
2025-03-18;8;2;beau;0.0;15.0;0.31;beau;beau;;;;BEAU;;;
2025-03-19;8;2;ensoleillé ;0.0;18.0;0.37;ensoleillé;ensoleillé;;;;BEAU;;;
2025-03-20;8;3;nuageux;0.0;14.0;0.66;nuageux;nuageux;;;;COUVERT;;;
2025-03-21;8;2;vent/pluie/éclaircies;5.0;13.0;0.78;vent/pluie/éclaircies;vent;pluie;éclaircies;;VENT;PLUIE;ECLAIRCIES;
2025-03-22;8;1;ensoleillé/orage sec;0.0;15.0;0.37;ensoleillé/orage sec;ensoleillé;orage sec;;;BEAU;AUTRE/NON CLASSE;;
2025-03-23;8;0;pluie;17.0;10.0;0.77;pluie;pluie;;;;PLUIE;;;
2025-03-24;8;3;éclaircies/grêle et pluie;7.0;15.0;0.34;éclaircies/grêle et pluie;éclaircies;grêle et pluie;;;ECLAIRCIES;AUTRE/NON CLASSE;;
2025-03-25;8;1;couvert/pluie;27.0;12.0;0.76;couvert/pluie;couvert;pluie;;;COUVERT;PLUIE;;
2025-03-26;8;2;couvert;0.0;10.0;0.72;couvert;couvert;;;;COUVERT;;;
2025-03-27;8;3;couvert;0.0;11.0;0.64;couvert;couvert;;;;COUVERT;;;
2025-03-28;8;0;couvert;0.0;11.0;0.54;couvert;couvert;;;;COUVERT;;;
2025-03-29;8;0;éclaircies;1.0;8.0;0.52;éclaircies;éclaircies;;;;ECLAIRCIES;;;
2025-03-30;8;3;beau;0.0;12.0;0.33;beau;beau;;;;BEAU;;;
2025-03-31;8;2;beau;0.0;14.0;0.43;beau;beau;;;;BEAU;;;
2025-04-01;6;2;beau;0.0;16.0;0.35;beau;beau;;;;BEAU;;;
2025-04-02;6;2;beau;0.0;16.0;0.36;beau;beau;;;;BEAU;;;
2025-04-03;6;3;couvert/éclaircies;0.0;12.0;0.57;couvert/éclaircies;couvert;éclaircies;;;COUVERT;ECLAIRCIES;;
2025-04-04;6;4;couvert/éclaircies;0.0;15.0;0.57;couvert/éclaircies;couvert;éclaircies;;;COUVERT;ECLAIRCIES;;
2025-04-05;6;0;beau;0.0;16.0;0.49;beau;beau;;;;BEAU;;;
2025-04-06;6;3;ensoleillé;0.0;19.0;0.41;ensoleillé;ensoleillé;;;;BEAU;;;
2025-04-07;6;4;ensoleillé;0.0;17.0;0.44;ensoleillé;ensoleillé;;;;BEAU;;;
2025-04-08;6;3;beau;0.0;19.0;0.35;beau;beau;;;;BEAU;;;
2025-04-09;6;3;voilé;0.0;17.0;0.42;voilé;voilé;;;;COUVERT;;;
2025-04-10;6;3;beau/voilé;0.0;20.0;0.42;beau/voilé;beau;voilé;;;BEAU;COUVERT;;
2025-04-11;6;2;voilé;0.0;18.0;0.5;voilé;voilé;;;;COUVERT;;;
2025-04-12;6;4;ensoleillé;0.0;20.0;0.42;ensoleillé;ensoleillé;;;;BEAU;;;
2025-04-13;6;4;pluie;13.0;14.0;0.75;pluie;pluie;;;;PLUIE;;;
2025-04-14;6;4;éclaircies/pluie;2.0;18.0;0.52;éclaircies/pluie;éclaircies;pluie;;;ECLAIRCIES;PLUIE;;
2025-04-15;6;4;pluie;18.0;10.0;0.67;pluie;pluie;;;;PLUIE;;;
2025-04-16;6;2;pluie/éclaircies;5.0;9.0;0.62;pluie/éclaircies;pluie;éclaircies;;;PLUIE;ECLAIRCIES;;
2025-04-17;6;5;petites averses/éclaircies;1.0;11.0;0.49;petites averses/éclaircies;petites averses;éclaircies;;;AUTRE/NON CLASSE;ECLAIRCIES;;
2025-04-18;6;3;beau/voilé;0.0;17.0;0.4;beau/voilé;beau;voilé;;;BEAU;COUVERT;;
2025-04-19;6;1;éclaircies/pluie;7.0;16.0;0.56;éclaircies/pluie;éclaircies;pluie;;;ECLAIRCIES;PLUIE;;
2025-04-20;6;6;ensoleillé/pluie;3.0;13.0;0.48;ensoleillé/pluie;ensoleillé;pluie;;;BEAU;PLUIE;;
2025-04-21;6;3;ensoleillé;0.0;15.0;0.36;ensoleillé;ensoleillé;;;;BEAU;;;
2025-04-22;6;3;pluie;7.0;11.0;0.74;pluie;pluie;;;;PLUIE;;;
2025-04-23;6;3;éclaircies/couvert;0.0;14.0;0.47;éclaircies/couvert;éclaircies;couvert;;;ECLAIRCIES;COUVERT;;
2025-04-24;6;4;éclaircies;0.0;16.0;0.53;éclaircies;éclaircies;;;;ECLAIRCIES;;;
2025-04-25;6;3;beau;0.0;19.0;0.31;beau;beau;;;;BEAU;;;
2025-04-26;6;3;pluie;31.0;12.0;0.8;pluie;pluie;;;;PLUIE;;;
2025-04-27;6;4;pluie/éclaircies;4.0;14.0;0.64;pluie/éclaircies;pluie;éclaircies;;;PLUIE;ECLAIRCIES;;
2025-04-28;6;3;éclaircies/pluie;2.0;16.0;0.48;éclaircies/pluie;éclaircies;pluie;;;ECLAIRCIES;PLUIE;;
2025-04-29;6;3;beau;0.0;21.0;0.4;beau;beau;;;;BEAU;;;
2025-04-30;6;3;beau;0.0;24.0;0.35;beau;beau;;;;BEAU;;;
2025-05-01;6;4;voilé;0.0;18.0;0.53;voilé;voilé;;;;COUVERT;;;
2025-05-02;6;2;voilé/couvert/éclaircies;0.0;18.0;0.5;voilé/couvert/éclaircies;voilé;couvert;éclaircies;;COUVERT;COUVERT;ECLAIRCIES;
2025-05-03;6;3;ensoleillé/orageux;0.0;20.0;0.51;ensoleillé/orageux;ensoleillé;orageux;;;BEAU;ORAGE;;
2025-05-04;6;3;orageux/orages;42.0;18.0;0.62;orageux/orages;orageux;orages;;;ORAGE;ORAGE;;
2025-05-05;6;5;pluie;7.0;12.0;0.73;pluie;pluie;;;;PLUIE;;;
2025-05-06;6;0;éclaircies;0.0;14.0;0.39;éclaircies;éclaircies;;;;ECLAIRCIES;;;
2025-05-07;6;4;variable;0.0;16.0;0.35;variable;variable;;;;AUTRE/NON CLASSE;;;
2025-05-08;6;5;variable/pluie;3.0;16.0;0.39;variable/pluie;variable;pluie;;;AUTRE/NON CLASSE;PLUIE;;
2025-05-09;6;3;ensoleillé;0.0;17.0;0.43;ensoleillé;ensoleillé;;;;BEAU;;;
2025-05-10;6;2;ensoleillé;0.0;20.0;0.49;ensoleillé;ensoleillé;;;;BEAU;;;
2025-05-11;6;5;couvert/averse orageuse;9.0;16.0;0.63;couvert/averse orageuse;couvert;averse orageuse;;;COUVERT;AUTRE/NON CLASSE;;
2025-05-12;6;1;éclaircies/pluie;0.0;18.0;0.36;éclaircies/pluie;éclaircies;pluie;;;ECLAIRCIES;PLUIE;;
2025-05-13;6;2;ensoleillé/orage;18.0;18.0;0.39;ensoleillé/orage;ensoleillé;orage;;;BEAU;ORAGE;;
2025-05-14;6;5;beau;0.0;19.0;0.5;beau;beau;;;;BEAU;;;
2025-05-15;6;2;couvert/éclaircies;0.0;19.0;0.43;couvert/éclaircies;couvert;éclaircies;;;COUVERT;ECLAIRCIES;;
2025-05-16;6;4;éclaircies;0.0;19.0;0.4;éclaircies;éclaircies;;;;ECLAIRCIES;;;
2025-05-17;6;4;beau;0.0;20.0;0.39;beau;beau;;;;BEAU;;;
2025-05-18;6;1;beau/voilé;0.0;22.0;0.41;beau/voilé;beau;voilé;;;BEAU;COUVERT;;
2025-05-19;6;3;voilé/couvert/orage;25.0;22.0;0.54;voilé/couvert/orage;voilé;couvert;orage;;COUVERT;COUVERT;ORAGE;
2025-05-20;6;5;pluie/couvert/;1.0;15.0;0.7;pluie/couvert/;pluie;couvert;;;PLUIE;COUVERT;;
2025-05-21;6;2;éclaircies;0.0;18.0;0.42;éclaircies;éclaircies;;;;ECLAIRCIES;;;
2025-05-22;6;3;pluie/couvert/éclaircies;6.0;15.0;0.5;pluie/couvert/éclaircies;pluie;couvert;éclaircies;;PLUIE;COUVERT;ECLAIRCIES;
2025-05-23;6;5;éclaircies;0.0;18.0;0.49;éclaircies;éclaircies;;;;ECLAIRCIES;;;
2025-05-24;6;2;couvert/ensoleillé;0.0;16.0;0.54;couvert/ensoleillé;couvert;ensoleillé;;;COUVERT;BEAU;;
2025-05-25;6;4;ensoleillé;0.0;21.0;0.42;ensoleillé;ensoleillé;;;;BEAU;;;
2025-05-26;6;2;couvert;0.0;17.0;0.6;couvert;couvert;;;;COUVERT;;;
2025-05-27;6;4;couvert/éclaircies/beau;0.0;18.0;0.45;couvert/éclaircies/beau;couvert;éclaircies;beau;;COUVERT;ECLAIRCIES;BEAU;
2025-05-28;6;3;beau;0.0;22.0;0.42;beau;beau;;;;BEAU;;;
2025-05-29;6;3;beau;0.0;25.0;0.38;beau;beau;;;;BEAU;;;
2025-05-30;6;2;beau;0.0;29.0;0.36;beau;beau;;;;BEAU;;;
2025-05-31;6;2;beau;0.0;28.0;0.37;beau;beau;;;;BEAU;;;
2025-06-01;6;3;couvert/orages;16.0;21.0;0.65;couvert/orages;couvert;orages;;;COUVERT;ORAGE;;
2025-06-02;6;2;pluie;12.0;17.0;0.79;pluie;pluie;;;;PLUIE;;;
2025-06-03;6;4;ensoleillé/couvert;0.0;22.0;0.49;ensoleillé/couvert;ensoleillé;couvert;;;BEAU;COUVERT;;
2025-06-04;6;2;pluie/couvert/pluie;14.0;19.0;0.51;pluie/couvert/pluie;pluie;couvert;pluie;;PLUIE;COUVERT;PLUIE;
2025-06-05;6;3;couvert/éclaircies;0.0;18.0;0.62;couvert/éclaircies;couvert;éclaircies;;;COUVERT;ECLAIRCIES;;
2025-06-06;6;5;ensoleillé/couvert;0.0;22.0;0.51;ensoleillé/couvert;ensoleillé;couvert;;;BEAU;COUVERT;;
2025-06-07;6;3;pluie/couvert/;2.0;17.0;0.65;pluie/couvert/;pluie;couvert;;;PLUIE;COUVERT;;
2025-06-08;6;3;couvert/éclaircies;0.0;19.0;0.54;couvert/éclaircies;couvert;éclaircies;;;COUVERT;ECLAIRCIES;;
2025-06-09;6;1;beau;0.0;23.0;0.44;beau;beau;;;;BEAU;;;
2025-06-10;6;5;beau;0.0;28.0;0.33;beau;beau;;;;BEAU;;;
2025-06-11;6;3;beau/orageux;0.0;30.0;0.46;beau/orageux;beau;orageux;;;BEAU;ORAGE;;
2025-06-12;6;3;beau;0.0;28.0;0.53;beau;beau;;;;BEAU;;;
2025-06-13;6;3;beau/orageux/pluie;0.5;28.0;0.52;beau/orageux/pluie;beau;orageux;pluie;;BEAU;ORAGE;PLUIE;
2025-06-14;6;4;couvert/pluie;1.5;21.0;0.65;couvert/pluie;couvert;pluie;;;COUVERT;PLUIE;;
2025-06-15;6;2;orages faibles;4.5;16.0;0.75;orages faibles;orages faibles;;;;AUTRE/NON CLASSE;;;
2025-06-16;6;1;éclaircies;0.0;23.0;0.46;éclaircies;éclaircies;;;;ECLAIRCIES;;;
2025-06-17;6;2;beau;0.0;27.0;0.3;beau;beau;;;;BEAU;;;
2025-06-18;6;2;beau;0.0;27.0;0.38;beau;beau;;;;BEAU;;;
2025-06-19;6;3;beau;0.0;30.0;0.38;beau;beau;;;;BEAU;;;
2025-06-20;6;4;beau;0.0;30.0;0.3;beau;beau;;;;BEAU;;;
2025-06-21;6;3;beau;0.0;32.0;0.34;beau;beau;;;;BEAU;;;
2025-06-22;6;2;bruine/voilé/orageux;0.0;29.0;0.51;bruine/voilé/orageux;bruine;voilé;orageux;;PLUIE;COUVERT;ORAGE;
2025-06-23;6;3;couvert/éclaircies;0.0;25.0;0.55;couvert/éclaircies;couvert;éclaircies;;;COUVERT;ECLAIRCIES;;
2025-06-24;6;4;beau/orageux;0.0;30.0;0.48;beau/orageux;beau;orageux;;;BEAU;ORAGE;;
2025-06-25;6;2;voilé;0.0;30.0;0.55;voilé;voilé;;;;COUVERT;;;
2025-06-26;6;3;couvert;0.0;24.0;0.5;couvert;couvert;;;;COUVERT;;;
2025-06-27;6;5;beau;0.0;29.0;0.35;beau;beau;;;;BEAU;;;
2025-06-28;6;1;beau;0.0;32.0;0.35;beau;beau;;;;BEAU;;;
2025-06-29;6;4;beau;0.0;33.0;0.37;beau;beau;;;;BEAU;;;
2025-06-30;6;1;beau;0.0;34.0;0.35;beau;beau;;;;BEAU;;;
2025-07-01;6;4;beau;0.0;32.0;0.44;beau;beau;;;;BEAU;;;
2025-07-02;6;1;nuageux;0.0;29.0;0.49;nuageux;nuageux;;;;COUVERT;;;
2025-07-03;6;4;bruine/couvert;0.0;27.0;0.57;bruine/couvert;bruine;couvert;;;PLUIE;COUVERT;;
2025-07-04;6;1;ensoleillé;0.0;30.0;0.42;ensoleillé;ensoleillé;;;;BEAU;;;
2025-07-05;6;1;orageux/beau;1.5;26.5;0.485;orageux/beau;orageux;beau;;;ORAGE;BEAU;;
2025-07-06;6;1;nuageux/petite averse;0.5;23.0;0.55;nuageux/petite averse;nuageux;petite averse;;;COUVERT;AUTRE/NON CLASSE;;
2025-07-07;6;3;pluie/éclaircies;9.0;20.0;0.53;pluie/éclaircies;pluie;éclaircies;;;PLUIE;ECLAIRCIES;;
2025-07-08;6;1;éclaircies;0.0;22.0;0.4;éclaircies;éclaircies;;;;ECLAIRCIES;;;
2025-07-09;6;2;beau;0.0;25.5;0.335;beau;beau;;;;BEAU;;;
2025-07-10;6;1;beau;0.0;29.0;0.27;beau;beau;;;;BEAU;;;
2025-07-11;6;2;beau/couvert;0.0;31.0;0.29;beau/couvert;beau;couvert;;;BEAU;COUVERT;;
2025-07-12;6;1;nuageux/orages;11.5;27.0;0.49;nuageux/orages;nuageux;orages;;;COUVERT;ORAGE;;
2025-07-13;6;1;éclaircies/pluie;0.5;27.0;0.46;éclaircies/pluie;éclaircies;pluie;;;ECLAIRCIES;PLUIE;;
2025-07-14;6;2;voilé;0.0;27.0;0.45;voilé;voilé;;;;COUVERT;;;
2025-07-15;6;0;pluie/couvert/;2.0;22.0;0.73;pluie/couvert/;pluie;couvert;;;PLUIE;COUVERT;;
2025-07-16;6;1;éclaircies/beau;0.0;26.0;0.41;éclaircies/beau;éclaircies;beau;;;ECLAIRCIES;BEAU;;
2025-07-17;6;2;beau;0.0;30.0;0.33;beau;beau;;;;BEAU;;;
2025-07-18;6;0;ensoleillé/beau;0.0;27.0;0.41;ensoleillé/beau;ensoleillé;beau;;;BEAU;BEAU;;
2025-07-19;6;1;orage/couvert;0.0;23.0;0.53;orage/couvert;orage;couvert;;;ORAGE;COUVERT;;
2025-07-20;6;2;ensoleillé/orage;11.0;27.0;0.41;ensoleillé/orage;ensoleillé;orage;;;BEAU;ORAGE;;
2025-07-21;6;1;éclaircies/bruine;0.0;21.0;0.49;éclaircies/bruine;éclaircies;bruine;;;ECLAIRCIES;PLUIE;;
2025-07-22;6;0;éclaircies/beau;0.0;25.0;0.32;éclaircies/beau;éclaircies;beau;;;ECLAIRCIES;BEAU;;
2025-07-23;6;1;couvert;0.5;20.0;0.52;couvert;couvert;;;;COUVERT;;;
2025-07-24;6;0;averses;1.0;20.0;0.5;averses;averses;;;;PLUIE;;;
2025-07-25;6;1;couvert;0.0;21.0;0.52;couvert;couvert;;;;COUVERT;;;
2025-07-26;6;2;nuageux/éclaircies;0.0;24.0;0.46;nuageux/éclaircies;nuageux;éclaircies;;;COUVERT;ECLAIRCIES;;
2025-07-27;6;1;couvert;0.0;21.0;0.52;couvert;couvert;;;;COUVERT;;;
2025-07-28;6;1;pluie/nuageux;3.0;22.0;0.47;pluie/nuageux;pluie;nuageux;;;PLUIE;COUVERT;;
2025-07-29;6;0;ensoleillé;0.0;23.0;0.42;ensoleillé;ensoleillé;;;;BEAU;;;
2025-07-30;6;1;ensoleillé;0.0;24.0;0.46;ensoleillé;ensoleillé;;;;BEAU;;;
2025-07-31;6;0;couvert;0.5;23.0;0.49;couvert;couvert;;;;COUVERT;;;
2025-08-01;5;2;couvert;0.0;23.0;0.45;couvert;couvert;;;;COUVERT;;;
2025-08-02;5;0;couvert/éclaircies;0.0;23.5;0.4;couvert/éclaircies;couvert;éclaircies;;;COUVERT;ECLAIRCIES;;
2025-08-03;5;1;beau;0.0;24.0;0.35;beau;beau;;;;BEAU;;;
2025-08-04;5;2;beau;0.0;30.0;0.21;beau;beau;;;;BEAU;;;
2025-08-05;5;0;beau;0.0;28.0;0.33;beau;beau;;;;BEAU;;;
2025-08-06;5;1;ensoleillé/couvert;0.0;27.0;0.46;ensoleillé/couvert;ensoleillé;couvert;;;BEAU;COUVERT;;
2025-08-07;5;1;beau;0.0;30.0;0.37;beau;beau;;;;BEAU;;;
2025-08-08;5;0;beau;0.0;31.0;0.36;beau;beau;;;;BEAU;;;
2025-08-09;5;1;beau;0.0;32.0;0.33;beau;beau;;;;BEAU;;;
2025-08-10;5;0;beau;0.0;33.0;0.33;beau;beau;;;;BEAU;;;
2025-08-11;5;1;beau;0.0;35.0;0.23;beau;beau;;;;BEAU;;;
2025-08-12;5;0;beau;0.0;36.0;0.28;beau;beau;;;;BEAU;;;
2025-08-13;5;1;ensoleillé/voilé/orage;12.0;35.0;0.3;ensoleillé/voilé/orage;ensoleillé;voilé;orage;;BEAU;COUVERT;ORAGE;
2025-08-14;5;0;beau;0.0;30.0;0.38;beau;beau;;;;BEAU;;;
2025-08-15;5;1;beau;0.0;33.0;0.29;beau;beau;;;;BEAU;;;
2025-08-16;5;0;beau(ciel blanc);0.0;33.0;0.3;beau(ciel blanc);beau(ciel blanc);;;;AUTRE/NON CLASSE;;;
2025-08-17;5;1;brouillard/voilé;0.0;31.0;0.44;brouillard/voilé;brouillard;voilé;;;COUVERT;COUVERT;;
2025-08-18;5;0;couvert/orage;2.0;24.0;0.64;couvert/orage;couvert;orage;;;COUVERT;ORAGE;;
2025-08-19;5;0;couvert/pluie;5.0;23.0;0.5;couvert/pluie;couvert;pluie;;;COUVERT;PLUIE;;
2025-08-20;5;1;pluie/éclaircies;16.0;22.0;0.62;pluie/éclaircies;pluie;éclaircies;;;PLUIE;ECLAIRCIES;;
2025-08-21;5;0;pluie/éclaircies;17.0;22.0;0.5800000000000001;pluie/éclaircies;pluie;éclaircies;;;PLUIE;ECLAIRCIES;;
2025-08-22;5;1;couvert;0.0;22.0;0.54;couvert;couvert;;;;COUVERT;;;
2025-08-23;5;0;beau;0.0;24.0;0.31;beau;beau;;;;BEAU;;;
2025-08-24;5;1;beau;0.0;27.0;0.3;beau;beau;;;;BEAU;;;
2025-08-25;5;0;voilé;0.0;29.0;0.41;voilé;voilé;;;;COUVERT;;;
2025-08-26;5;1;pluie/couvert/orages;19.0;23.0;0.61;pluie/couvert/orages;pluie;couvert;orages;;PLUIE;COUVERT;ORAGE;
2025-08-27;5;1;couvert/pluie;28.0;22.0;0.78;couvert/pluie;couvert;pluie;;;COUVERT;PLUIE;;
2025-08-28;5;0;averses/éclaircies;4.0;17.0;0.74;averses/éclaircies;averses;éclaircies;;;PLUIE;ECLAIRCIES;;
2025-08-29;5;1;éclaircies/pluie/éclaircies;10.0;18.0;0.79;éclaircies/pluie/éclaircies;éclaircies;pluie;éclaircies;;ECLAIRCIES;PLUIE;ECLAIRCIES;
2025-08-30;5;0;pluie/éclaircies;0.0;20.0;0.5;pluie/éclaircies;pluie;éclaircies;;;PLUIE;ECLAIRCIES;;
2025-08-31;5;1;beau/voilé/orages;29.0;26.0;0.49;beau/voilé/orages;beau;voilé;orages;;BEAU;COUVERT;ORAGE;
2025-09-01;5;1;pluie/éclaircies;5.0;17.0;0.7;pluie/éclaircies;pluie;éclaircies;;;PLUIE;ECLAIRCIES;;
2025-09-02;5;1;ensoleillé;0.0;20.0;0.32;ensoleillé;ensoleillé;;;;BEAU;;;
2025-09-03;5;0;beau;0.0;25.0;0.3;beau;beau;;;;BEAU;;;
2025-09-04;5;1;couvert;0.0;20.0;0.64;couvert;couvert;;;;COUVERT;;;
2025-09-05;5;0;beau;0.0;23.0;0.525;beau;beau;;;;BEAU;;;
2025-09-06;5;0;beau;0.0;26.0;0.41;beau;beau;;;;BEAU;;;
2025-09-07;5;1;voilé/pluie;1.0;27.0;0.46;voilé/pluie;voilé;pluie;;;COUVERT;PLUIE;;
2025-09-08;5;0;couvert/pluie;16.0;19.0;0.77;couvert/pluie;couvert;pluie;;;COUVERT;PLUIE;;
2025-09-09;5;0;couvert;0.0;18.0;0.57;couvert;couvert;;;;COUVERT;;;
2025-09-10;5;0;beau/couvert/pluie;3.0;18.0;0.38;beau/couvert/pluie;beau;couvert;pluie;;BEAU;COUVERT;PLUIE;
2025-09-11;5;0;beau;0.0;19.0;0.49;beau;beau;;;;BEAU;;;
2025-09-12;5;0;couvert;0.0;20.0;0.6;couvert;couvert;;;;COUVERT;;;
2025-09-13;5;0;couvert/éclaircies;0.0;22.0;0.51;couvert/éclaircies;couvert;éclaircies;;;COUVERT;ECLAIRCIES;;
2025-09-14;5;0;ensoleillé;0.0;24.0;0.42;ensoleillé;ensoleillé;;;;BEAU;;;
2025-09-15;5;0;couvert;0.0;20.0;0.66;couvert;couvert;;;;COUVERT;;;
2025-09-16;5;0;pluie/couvert/;7.0;18.0;0.63;pluie/couvert/;pluie;couvert;;;PLUIE;COUVERT;;
2025-09-17;5;0;ensoleillé;0.0;21.0;0.39;ensoleillé;ensoleillé;;;;BEAU;;;
2025-09-18;5;0;beau;0.0;24.0;0.28;beau;beau;;;;BEAU;;;
2025-09-19;5;0;beau;0.0;26.0;0.45;beau;beau;;;;BEAU;;;
2025-09-20;5;0;voilé/couvert;0.0;25.0;0.54;voilé/couvert;voilé;couvert;;;COUVERT;COUVERT;;
2025-09-21;5;0;orage/pluie;17.0;16.0;0.77;orage/pluie;orage;pluie;;;ORAGE;PLUIE;;
2025-09-22;5;0;éclaircies/couvert/pluie;10.0;15.0;0.44;éclaircies/couvert/pluie;éclaircies;couvert;pluie;;ECLAIRCIES;COUVERT;PLUIE;
2025-09-23;5;0;nuageux/pluie;3.0;13.0;0.58;nuageux/pluie;nuageux;pluie;;;COUVERT;PLUIE;;
2025-09-24;5;0;couvert;0.0;12.0;0.63;couvert;couvert;;;;COUVERT;;;
2025-09-25;5;0;couvert;0.0;15.0;0.51;couvert;couvert;;;;COUVERT;;;
2025-09-26;5;0;couvert/éclaircies;0.0;15.0;0.41;couvert/éclaircies;couvert;éclaircies;;;COUVERT;ECLAIRCIES;;
2025-09-27;5;0;ensoleillé;0.0;15.0;0.6;ensoleillé;ensoleillé;;;;BEAU;;;
2025-09-28;5;0;couvert/petite averse/éclaircies;0.5;15.0;0.79;couvert/petite averse/éclaircies;couvert;petite averse;éclaircies;;COUVERT;AUTRE/NON CLASSE;ECLAIRCIES;
2025-09-29;5;0;beau;0.0;19.0;0.36;beau;beau;;;;BEAU;;;
2025-09-30;5;0;ensoleillé;0.0;18.0;0.43;ensoleillé;ensoleillé;;;;BEAU;;;
2025-10-01;5;0;beau;0.0;20.0;0.31;beau;beau;;;;BEAU;;;
2025-10-02;5;0;beau;0.0;19.0;0.25;beau;beau;;;;BEAU;;;
2025-10-03;5;0;voilé;0.0;19.0;0.35;voilé;voilé;;;;COUVERT;;;
2025-10-04;5;0;éclaircies/pluie;10.0;21.0;0.47;éclaircies/pluie;éclaircies;pluie;;;ECLAIRCIES;PLUIE;;
2025-10-05;5;0;averses/éclaircies;1.0;14.0;0.6;averses/éclaircies;averses;éclaircies;;;PLUIE;ECLAIRCIES;;
2025-10-06;5;0;beau;0.0;15.0;0.35;beau;beau;;;;BEAU;;;
2025-10-07;5;0;ensoleillé;0.0;16.0;0.41;ensoleillé;ensoleillé;;;;BEAU;;;
2025-10-08;5;0;beau;0.0;16.5;0.525;beau;beau;;;;BEAU;;;
2025-10-09;5;0;couvert/pluie;1.0;17.0;0.64;couvert/pluie;couvert;pluie;;;COUVERT;PLUIE;;
2025-10-10;5;0;couvert;0.0;16.0;0.65;couvert;couvert;;;;COUVERT;;;
2025-10-11;5;0;beau;0.0;17.0;0.41;beau;beau;;;;BEAU;;;
2025-10-12;5;0;beau;0.0;19.0;0.34;beau;beau;;;;BEAU;;;
2025-10-13;5;0;voilé/beau;0.0;18.0;0.36;voilé/beau;voilé;beau;;;COUVERT;BEAU;;
2025-10-14;5;0;ensoleillé;0.0;19.0;0.42;ensoleillé;ensoleillé;;;;BEAU;;;
2025-10-15;5;0;ensoleillé;0.0;17.0;0.5;ensoleillé;ensoleillé;;;;BEAU;;;
2025-10-16;5;0;beau;0.0;19.0;0.33;beau;beau;;;;BEAU;;;
2025-10-17;5;0;beau;0.0;18.0;0.33;beau;beau;;;;BEAU;;;
2025-10-18;5;0;beau;0.0;20.0;0.33;beau;beau;;;;BEAU;;;
2025-10-19;5;0;couvert;0.0;17.0;0.55;couvert;couvert;;;;COUVERT;;;
2025-10-20;5;0;pluie/couvert/;1.0;18.5;0.455;pluie/couvert/;pluie;couvert;;;PLUIE;COUVERT;;
2025-10-21;5;0;couvert/éclaircies;0.0;20.0;0.36;couvert/éclaircies;couvert;éclaircies;;;COUVERT;ECLAIRCIES;;
2025-10-22;5;0;pluie/éclaircies;3.0;20.0;0.43;pluie/éclaircies;pluie;éclaircies;;;PLUIE;ECLAIRCIES;;
2025-10-23;5;0;pluie/éclaircies;19.0;14.0;0.47;pluie/éclaircies;pluie;éclaircies;;;PLUIE;ECLAIRCIES;;
2025-10-24;5;0;ensoleillé;0.0;16.0;0.37;ensoleillé;ensoleillé;;;;BEAU;;;
2025-10-25;5;0;pluie/nuageux/pluie;3.0;16.0;0.53;pluie/nuageux/pluie;pluie;nuageux;pluie;;PLUIE;COUVERT;PLUIE;
2025-10-26;5;0;averses;3.0;11.0;0.71;averses;averses;;;;PLUIE;;;
2025-10-27;5;0;ensoleillé;0.0;14.0;0.45;ensoleillé;ensoleillé;;;;BEAU;;;
2025-10-28;5;0;beau;0.0;17.0;0.37;beau;beau;;;;BEAU;;;
2025-10-29;5;0;pluie/couvert;3.0;15.0;0.68;pluie/couvert;pluie;couvert;;;PLUIE;COUVERT;;
2025-10-30;5;0;couvert/éclaircies;0.0;16.0;0.45;couvert/éclaircies;couvert;éclaircies;;;COUVERT;ECLAIRCIES;;
2025-10-31;5;0;couvert;0.0;16.0;0.59;couvert;couvert;;;;COUVERT;;;
2025-11-01;5;0;ensoleillé;0.0;17.0;0.43;ensoleillé;ensoleillé;;;;BEAU;;;
2025-11-02;5;0;pluie/couvert/éclaircies;0.0;13.0;0.68;pluie/couvert/éclaircies;pluie;couvert;éclaircies;;PLUIE;COUVERT;ECLAIRCIES;
2025-11-03;5;0;beau;0.0;16.0;0.37;beau;beau;;;;BEAU;;;
2025-11-04;5;0;beau;0.0;17.0;0.41;beau;beau;;;;BEAU;;;
2025-11-05;5;0;ensoleillé;0.0;18.0;0.4;ensoleillé;ensoleillé;;;;BEAU;;;
2025-11-06;5;0;pluie;34.0;16.0;0.435;pluie;pluie;;;;PLUIE;;;
2025-11-07;5;0;ensoleillé;0.0;14.0;0.47;ensoleillé;ensoleillé;;;;BEAU;;;
2025-11-08;5;0;pluie;42.0;10.0;0.8;pluie;pluie;;;;PLUIE;;;
2025-11-09;5;0;ensoleillé;0.0;14.0;0.37;ensoleillé;ensoleillé;;;;BEAU;;;
2025-11-10;5;0;ensoleillé;0.0;15.0;0.33;ensoleillé;ensoleillé;;;;BEAU;;;
2025-11-11;5;0;ensoleillé;0.0;16.0;0.39;ensoleillé;ensoleillé;;;;BEAU;;;
2025-11-12;5;0;ensoleillé;0.0;16.0;0.5;ensoleillé;ensoleillé;;;;BEAU;;;
2025-11-13;5;0;couvert;0.0;16.0;0.64;couvert;couvert;;;;COUVERT;;;
2025-11-14;5;0;nuageux /pluie;2.0;22.0;0.31;nuageux /pluie;nuageux;pluie;;;COUVERT;PLUIE;;
2025-11-15;5;0;éclaircies;0.0;19.0;0.34;éclaircies;éclaircies;;;;ECLAIRCIES;;;
2025-11-16;5;0;ensoleillé/voilé;0.0;15.0;0.41;ensoleillé/voilé;ensoleillé;voilé;;;BEAU;COUVERT;;
2025-11-17;5;0;pluie/couvert/pluie;3.0;13.0;0.71;pluie/couvert/pluie;pluie;couvert;pluie;;PLUIE;COUVERT;PLUIE;
2025-11-18;5;0;ensoleillé;0.0;9.0;0.34;ensoleillé;ensoleillé;;;;BEAU;;;
2025-11-19;5;0;ensoleillé/pluie ;1.5;8.0;0.36;ensoleillé/pluie;ensoleillé;pluie;;;BEAU;PLUIE;;
2025-11-20;5;0;couvert/éclaircies/pluie-neige;10.0;6.0;0.52;couvert/éclaircies/pluie-neige;couvert;éclaircies;pluie-neige;;COUVERT;ECLAIRCIES;AUTRE/NON CLASSE;
2025-11-21;5;0;éclaircies;0.0;3.0;0.65;éclaircies;éclaircies;;;;ECLAIRCIES;;;
2025-11-22;5;0;beau;0.0;7.0;0.7050000000000001;beau;beau;;;;BEAU;;;
2025-11-23;5;0;pluie/éclaircies;6.0;11.0;0.76;pluie/éclaircies;pluie;éclaircies;;;PLUIE;ECLAIRCIES;;
2025-11-24;5;0;couvert/pluie;11.0;11.0;0.75;couvert/pluie;couvert;pluie;;;COUVERT;PLUIE;;
2025-11-25;5;0;pluie/éclaircies/orage avec grésil;14.0;7.0;0.72;pluie/éclaircies/orage avec grésil;pluie;éclaircies;orage avec grésil;;PLUIE;ECLAIRCIES;AUTRE/NON CLASSE;
2025-11-26;5;0;couvert/éclaircies;0.0;6.0;0.65;couvert/éclaircies;couvert;éclaircies;;;COUVERT;ECLAIRCIES;;
2025-11-27;5;0;beau;0.0;7.0;0.33;beau;beau;;;;BEAU;;;
2025-11-28;5;0;ensoleillé;0.0;11.0;0.23;ensoleillé;ensoleillé;;;;BEAU;;;
2025-11-29;5;1;ensoleillé;0.0;10.0;0.385;ensoleillé;ensoleillé;;;;BEAU;;;
2025-11-30;5;0;pluie/éclaircies;7.5;9.0;0.54;pluie/éclaircies;pluie;éclaircies;;;PLUIE;ECLAIRCIES;;
2025-12-01;5;1;beau;0.0;9.0;0.36;beau;beau;;;;BEAU;;;
2025-12-02;5;1;ensoleillé/couvert/pluie;2.0;8.0;0.54;ensoleillé/couvert/pluie;ensoleillé;couvert;pluie;;BEAU;COUVERT;PLUIE;
2025-12-03;5;0;couvert;0.0;8.0;0.57;couvert;couvert;;;;COUVERT;;;
2025-12-04;5;2;pluie;7.0;7.0;0.8;pluie;pluie;;;;PLUIE;;;
2025-12-05;5;1;éclaircies;0.0;10.0;0.7250000000000001;éclaircies;éclaircies;;;;ECLAIRCIES;;;
2025-12-06;5;0;couvert;0.0;13.0;0.65;couvert;couvert;;;;COUVERT;;;
2025-12-07;5;2;éclaircies;0.0;15.0;0.4;éclaircies;éclaircies;;;;ECLAIRCIES;;;
2025-12-08;5;1;beau;0.0;14.0;0.37;beau;beau;;;;BEAU;;;
2025-12-09;5;1;beau;0.0;15.0;0.43;beau;beau;;;;BEAU;;;
2025-12-10;5;1;couvert/pluie;1.5;12.0;0.74;couvert/pluie;couvert;pluie;;;COUVERT;PLUIE;;
2025-12-11;5;1;éclaircies/couvert;0.0;13.0;0.65;éclaircies/couvert;éclaircies;couvert;;;ECLAIRCIES;COUVERT;;
2025-12-12;5;1;beau;0.0;14.0;0.34;beau;beau;;;;BEAU;;;
2025-12-13;5;1;beau;0.0;13.0;0.31;beau;beau;;;;BEAU;;;
2025-12-14;5;2;beau;0.0;12.0;0.42;beau;beau;;;;BEAU;;;
2025-12-15;5;0;?;0.0;12.5;0.395;?;?;;;;;;;
2025-12-16;5;2;voilé;0.0;13.0;0.37;voilé;voilé;;;;COUVERT;;;
2025-12-17;5;2;nuageux;0.0;13.0;0.5;nuageux;nuageux;;;;COUVERT;;;
2025-12-18;5;1;éclaircies;0.0;13.0;0.49;éclaircies;éclaircies;;;;ECLAIRCIES;;;
2025-12-19;5;2;nuageux;0.0;11.0;0.65;nuageux;nuageux;;;;COUVERT;;;
2025-12-20;5;0;couvert;0.0;8.0;0.74;couvert;couvert;;;;COUVERT;;;
2025-12-21;5;0;éclaircies;0.0;14.0;0.45;éclaircies;éclaircies;;;;ECLAIRCIES;;;
2025-12-22;5;1;pluie/couvert;14.0;5.0;0.76;pluie/couvert;pluie;couvert;;;PLUIE;COUVERT;;
2025-12-23;5;0;pluie;4.0;6.0;0.83;pluie;pluie;;;;PLUIE;;;
2025-12-24;5;2;brouillard;0.0;4.0;0.84;brouillard;brouillard;;;;COUVERT;;;
2025-12-25;5;0;éclaircies/couvert;0.0;5.0;0.6;éclaircies/couvert;éclaircies;couvert;;;ECLAIRCIES;COUVERT;;
2025-12-26;5;1;brouillard/couvert;1.0;7.0;0.75;brouillard/couvert;brouillard;couvert;;;COUVERT;COUVERT;;
2025-12-27;5;0;couvert;0.0;9.0;0.8;couvert;couvert;;;;COUVERT;;;
2025-12-28;5;1;beau;0.0;11.0;0.42;beau;beau;;;;BEAU;;;
2025-12-29;5;0;beau;0.0;10.0;0.41;beau;beau;;;;BEAU;;;
2025-12-30;5;1;beau/couvert;0.0;7.0;0.75;beau/couvert;beau;couvert;;;BEAU;COUVERT;;
2025-12-31;5;0;brouillard/couvert;0.0;5.0;0.71;brouillard/couvert;brouillard;couvert;;;COUVERT;COUVERT;;
