Date;T°C (12h-15h);Pluie(mm);Météo;Humidité;Météo_1;Météo_2;Météo_3;Météo_4;Type_Météo_1;Type_Météo_2;Type_Météo_3;Type_Météo_4
2023-01-01;14.0;0.0;beau;;beau;;;;BEAU;NON RENSEIGNE;NON RENSEIGNE;NON RENSEIGNE
2023-01-02;13.0;0.0;beau;;beau;;;;BEAU;NON RENSEIGNE;NON RENSEIGNE;NON RENSEIGNE
2023-01-03;12.0;0.0;beau;;beau;;;;BEAU;NON RENSEIGNE;NON RENSEIGNE;NON RENSEIGNE
2023-01-04;15.0;0.0;beau;;beau;;;;BEAU;NON RENSEIGNE;NON RENSEIGNE;NON RENSEIGNE
2023-01-05;14.0;0.0;beau;;beau;;;;BEAU;NON RENSEIGNE;NON RENSEIGNE;NON RENSEIGNE
2023-01-06;14.0;0.0;beau;;beau;;;;BEAU;NON RENSEIGNE;NON RENSEIGNE;NON RENSEIGNE
2023-01-07;13.0;0.0;beau;;beau;;;;BEAU;NON RENSEIGNE;NON RENSEIGNE;NON RENSEIGNE
2023-01-08;9.0;0.0;mitigé;;mitigé;;;;MITIGE;NON RENSEIGNE;NON RENSEIGNE;NON RENSEIGNE
2023-01-09;8.0;16.0;vent/éclaircie;;vent;éclaircie;;;VENT;ECLAIRCIES;NON RENSEIGNE;NON RENSEIGNE
2023-01-10;14.0;0.0;beau;;beau;;;;BEAU;NON RENSEIGNE;NON RENSEIGNE;NON RENSEIGNE
2023-01-11;9.0;0.0;beau;;beau;;;;BEAU;NON RENSEIGNE;NON RENSEIGNE;NON RENSEIGNE
2023-01-12;12.0;0.0;beau;;beau;;;;BEAU;NON RENSEIGNE;NON RENSEIGNE;NON RENSEIGNE
2023-01-13;13.0;0.0;mitigé;;mitigé;;;;MITIGE;NON RENSEIGNE;NON RENSEIGNE;NON RENSEIGNE
2023-01-14;13.0;0.0;beau;;beau;;;;BEAU;NON RENSEIGNE;NON RENSEIGNE;NON RENSEIGNE
2023-01-15;10.0;2.0;pluie/beau;;pluie;beau;;;PLUIE;BEAU;NON RENSEIGNE;NON RENSEIGNE
2023-01-16;6.0;50.0;pluie/vent;;pluie;vent;;;PLUIE;VENT;NON RENSEIGNE;NON RENSEIGNE
2023-01-17;5.0;1.0;pluie/vent;;pluie;vent;;;PLUIE;VENT;NON RENSEIGNE;NON RENSEIGNE
2023-01-18;5.0;5.0;pluie/éclaircie;;pluie;éclaircie;;;PLUIE;ECLAIRCIES;NON RENSEIGNE;NON RENSEIGNE
2023-01-19;5.0;0.0;couvert/éclaircie;;couvert;éclaircie;;;COUVERT;ECLAIRCIES;NON RENSEIGNE;NON RENSEIGNE
2023-01-20;5.0;12.0;pluie/neige/soleil;;pluie;neige;soleil;;PLUIE;NEIGE;BEAU;NON RENSEIGNE
2023-01-21;2.0;2.0;pluie/neige/soleil/vent;;pluie;neige;soleil;vent;PLUIE;NEIGE;BEAU;VENT
2023-01-22;0.0;0.0;couvert/vent;;couvert;vent;;;COUVERT;VENT;NON RENSEIGNE;NON RENSEIGNE
2023-01-23;1.0;0.0;;;;;;;NON RENSEIGNE;NON RENSEIGNE;NON RENSEIGNE;NON RENSEIGNE
2023-01-24;2.0;0.0;couvert/éclaircie;;couvert;éclaircie;;;COUVERT;ECLAIRCIES;NON RENSEIGNE;NON RENSEIGNE
2023-01-25;0.0;0.0;couvert;;couvert;;;;COUVERT;NON RENSEIGNE;NON RENSEIGNE;NON RENSEIGNE
2023-01-26;0.0;0.0;couvert;;couvert;;;;COUVERT;NON RENSEIGNE;NON RENSEIGNE;NON RENSEIGNE
2023-01-27;0.0;0.0;couvert;;couvert;;;;COUVERT;NON RENSEIGNE;NON RENSEIGNE;NON RENSEIGNE
2023-01-28;0.0;0.0;couvert;;couvert;;;;COUVERT;NON RENSEIGNE;NON RENSEIGNE;NON RENSEIGNE
2023-01-29;0.0;0.0;couvert;;couvert;;;;COUVERT;NON RENSEIGNE;NON RENSEIGNE;NON RENSEIGNE
2023-01-30;4.0;0.0;éclaircie;;éclaircie;;;;ECLAIRCIES;NON RENSEIGNE;NON RENSEIGNE;NON RENSEIGNE
2023-01-31;8.0;0.0;beau temps;;beau temps;;;;BEAU;NON RENSEIGNE;NON RENSEIGNE;NON RENSEIGNE
2023-02-01;10.0;0.0;beau temps;;beau temps;;;;BEAU;NON RENSEIGNE;NON RENSEIGNE;NON RENSEIGNE
2023-02-02;12.0;0.0;beau temps;;beau temps;;;;BEAU;NON RENSEIGNE;NON RENSEIGNE;NON RENSEIGNE
2023-02-03;12.0;0.0;beau temps;;beau temps;;;;BEAU;NON RENSEIGNE;NON RENSEIGNE;NON RENSEIGNE
2023-02-04;10.0;0.0;beau temps;;beau temps;;;;BEAU;NON RENSEIGNE;NON RENSEIGNE;NON RENSEIGNE
2023-02-05;10.0;0.0;beau temps;;beau temps;;;;BEAU;NON RENSEIGNE;NON RENSEIGNE;NON RENSEIGNE
2023-02-06;12.0;0.0;beau temps;;beau temps;;;;BEAU;NON RENSEIGNE;NON RENSEIGNE;NON RENSEIGNE
2023-02-07;8.0;0.0;couvert/vent;;couvert;vent;;;COUVERT;VENT;NON RENSEIGNE;NON RENSEIGNE
2023-02-08;8.0;0.0;beau/vent;;beau;vent;;;BEAU;VENT;NON RENSEIGNE;NON RENSEIGNE
2023-02-09;10.0;0.0;beau;;beau;;;;BEAU;NON RENSEIGNE;NON RENSEIGNE;NON RENSEIGNE
2023-02-10;14.0;0.0;beau;;beau;;;;BEAU;NON RENSEIGNE;NON RENSEIGNE;NON RENSEIGNE
2023-02-11;14.0;0.0;beau;;beau;;;;BEAU;NON RENSEIGNE;NON RENSEIGNE;NON RENSEIGNE
2023-02-12;14.0;0.0;beau;;beau;;;;BEAU;NON RENSEIGNE;NON RENSEIGNE;NON RENSEIGNE
2023-02-13;15.0;0.0;beau;;beau;;;;BEAU;NON RENSEIGNE;NON RENSEIGNE;NON RENSEIGNE
2023-02-14;15.0;0.0;beau;;beau;;;;BEAU;NON RENSEIGNE;NON RENSEIGNE;NON RENSEIGNE
2023-02-15;16.0;0.0;beau;;beau;;;;BEAU;NON RENSEIGNE;NON RENSEIGNE;NON RENSEIGNE
2023-02-16;16.0;0.0;beau;;beau;;;;BEAU;NON RENSEIGNE;NON RENSEIGNE;NON RENSEIGNE
2023-02-17;16.0;0.0;beau;;beau;;;;BEAU;NON RENSEIGNE;NON RENSEIGNE;NON RENSEIGNE
2023-02-18;18.0;0.0;beau;;beau;;;;BEAU;NON RENSEIGNE;NON RENSEIGNE;NON RENSEIGNE
2023-02-19;18.0;0.0;beau;;beau;;;;BEAU;NON RENSEIGNE;NON RENSEIGNE;NON RENSEIGNE
2023-02-20;20.0;0.0;beau;;beau;;;;BEAU;NON RENSEIGNE;NON RENSEIGNE;NON RENSEIGNE
2023-02-21;15.0;0.0;mitigé;;mitigé;;;;MITIGE;NON RENSEIGNE;NON RENSEIGNE;NON RENSEIGNE
2023-02-22;13.0;0.0;couvert;;couvert;;;;COUVERT;NON RENSEIGNE;NON RENSEIGNE;NON RENSEIGNE
2023-02-23;11.0;4.0;couvert;;couvert;;;;COUVERT;NON RENSEIGNE;NON RENSEIGNE;NON RENSEIGNE
2023-02-24;12.0;2.5;beau;;beau;;;;BEAU;NON RENSEIGNE;NON RENSEIGNE;NON RENSEIGNE
2023-02-25;7.0;0.0;couvert;;couvert;;;;COUVERT;NON RENSEIGNE;NON RENSEIGNE;NON RENSEIGNE
2023-02-26;5.0;0.0;vent/froid/couvert;;vent;froid;couvert;;VENT;FROID;COUVERT;NON RENSEIGNE
2023-02-27;1.0;0.0;vent/neige/éclaircie;;vent;neige;éclaircie;;VENT;NEIGE;ECLAIRCIES;NON RENSEIGNE
2023-02-28;2.0;0.0;éclaircie/vent;;éclaircie;vent;;;ECLAIRCIES;VENT;NON RENSEIGNE;NON RENSEIGNE
2023-03-01;8.0;0.0;beau;;beau;;;;BEAU;NON RENSEIGNE;NON RENSEIGNE;NON RENSEIGNE
2023-03-02;7.0;0.0;couvert;;couvert;;;;COUVERT;NON RENSEIGNE;NON RENSEIGNE;NON RENSEIGNE
2023-03-03;7.0;0.0;couvert;;couvert;;;;COUVERT;NON RENSEIGNE;NON RENSEIGNE;NON RENSEIGNE
2023-03-04;10.0;1.5;éclaircie;;éclaircie;;;;ECLAIRCIES;NON RENSEIGNE;NON RENSEIGNE;NON RENSEIGNE
2023-03-05;10.0;0.0;éclaircie;;éclaircie;;;;ECLAIRCIES;NON RENSEIGNE;NON RENSEIGNE;NON RENSEIGNE
2023-03-06;10.0;0.0;beau;;beau;;;;BEAU;NON RENSEIGNE;NON RENSEIGNE;NON RENSEIGNE
2023-03-07;12.0;0.0;éclaircie/averse;;éclaircie;averse;;;ECLAIRCIES;PLUIE;NON RENSEIGNE;NON RENSEIGNE
2023-03-08;23.0;2.0;voilé;;voilé;;;;COUVERT;NON RENSEIGNE;NON RENSEIGNE;NON RENSEIGNE
2023-03-09;20.0;0.0;éclaircies;;éclaircies;;;;ECLAIRCIES;NON RENSEIGNE;NON RENSEIGNE;NON RENSEIGNE
2023-03-10;18.0;0.5;mitigé;;mitigé;;;;MITIGE;NON RENSEIGNE;NON RENSEIGNE;NON RENSEIGNE
2023-03-11;15.0;0.0;mitigé/vent violent;;mitigé;vent violent;;;MITIGE;VENT;NON RENSEIGNE;NON RENSEIGNE
2023-03-12;15.0;0.5;vent/pluie;;vent;pluie;;;VENT;PLUIE;NON RENSEIGNE;NON RENSEIGNE
2023-03-13;23.0;4.0;bruine/très beau;;bruine;très beau;;;PLUIE;BEAU;NON RENSEIGNE;NON RENSEIGNE
2023-03-14;22.0;14.0;beau/orage/tempête;;beau;orage;tempête;;BEAU;ORAGE;VENT;NON RENSEIGNE
2023-03-15;12.0;2.0;giboulées;;giboulées;;;;PLUIE;NON RENSEIGNE;NON RENSEIGNE;NON RENSEIGNE
2023-03-16;15.0;5.0;pluie/éclaircie;;pluie;éclaircie;;;PLUIE;ECLAIRCIES;NON RENSEIGNE;NON RENSEIGNE
2023-03-17;19.0;0.0;beau/vent;;beau;vent;;;BEAU;VENT;NON RENSEIGNE;NON RENSEIGNE
2023-03-18;18.0;0.0;couvert/beau/vent;;couvert;beau;vent;;COUVERT;BEAU;VENT;NON RENSEIGNE
2023-03-19;16.0;7.0;beau/pluie;;beau;pluie;;;BEAU;PLUIE;NON RENSEIGNE;NON RENSEIGNE
2023-03-20;16.0;1.5;giboulées;;giboulées;;;;PLUIE;NON RENSEIGNE;NON RENSEIGNE;NON RENSEIGNE
2023-03-21;17.0;0.0;beau;;beau;;;;BEAU;NON RENSEIGNE;NON RENSEIGNE;NON RENSEIGNE
2023-03-22;19.0;0.0;beau;;beau;;;;BEAU;NON RENSEIGNE;NON RENSEIGNE;NON RENSEIGNE
2023-03-23;22.0;0.0;beau;;beau;;;;BEAU;NON RENSEIGNE;NON RENSEIGNE;NON RENSEIGNE
2023-03-24;22.0;0.0;beau;;beau;;;;BEAU;NON RENSEIGNE;NON RENSEIGNE;NON RENSEIGNE
2023-03-25;17.0;1.0;beau/bruine;;beau;bruine;;;BEAU;PLUIE;NON RENSEIGNE;NON RENSEIGNE
2023-03-26;19.0;0.0;beau;;beau;;;;BEAU;NON RENSEIGNE;NON RENSEIGNE;NON RENSEIGNE
2023-03-27;9.0;8.0;pluie/éclaircie/vent;;pluie;éclaircie;vent;;PLUIE;ECLAIRCIES;VENT;NON RENSEIGNE
2023-03-28;10.0;5.0;giboulées;;giboulées;;;;PLUIE;NON RENSEIGNE;NON RENSEIGNE;NON RENSEIGNE
2023-03-29;16.0;0.0;beau;;beau;;;;BEAU;NON RENSEIGNE;NON RENSEIGNE;NON RENSEIGNE
2023-03-30;22.0;0.0;beau;;beau;;;;BEAU;NON RENSEIGNE;NON RENSEIGNE;NON RENSEIGNE
2023-03-31;20.0;0.0;beau;;beau;;;;BEAU;NON RENSEIGNE;NON RENSEIGNE;NON RENSEIGNE
2023-04-01;12.0;0.0;couvert/qq gouttes;;couvert;qq gouttes;;;COUVERT;PLUIE;NON RENSEIGNE;NON RENSEIGNE
2023-04-02;12.0;3.0;couvert/vent/pluie;;couvert;vent;pluie;;COUVERT;VENT;PLUIE;NON RENSEIGNE
2023-04-03;9.0;15.0;pluie;;pluie;;;;PLUIE;NON RENSEIGNE;NON RENSEIGNE;NON RENSEIGNE
2023-04-04;9.0;3.0;pluie/éclaircie;;pluie;éclaircie;;;PLUIE;ECLAIRCIES;NON RENSEIGNE;NON RENSEIGNE
2023-04-05;15.0;0.0;beau;;beau;;;;BEAU;NON RENSEIGNE;NON RENSEIGNE;NON RENSEIGNE
2023-04-06;17.0;0.0;beau;;beau;;;;BEAU;NON RENSEIGNE;NON RENSEIGNE;NON RENSEIGNE
2023-04-07;13.0;0.0;beau;;beau;;;;BEAU;NON RENSEIGNE;NON RENSEIGNE;NON RENSEIGNE
2023-04-08;18.0;0.0;beau;;beau;;;;BEAU;NON RENSEIGNE;NON RENSEIGNE;NON RENSEIGNE
2023-04-09;20.0;0.0;beau;;beau;;;;BEAU;NON RENSEIGNE;NON RENSEIGNE;NON RENSEIGNE
2023-04-10;24.0;0.0;beau;;beau;;;;BEAU;NON RENSEIGNE;NON RENSEIGNE;NON RENSEIGNE
2023-04-11;19.0;0.0;beau;;beau;;;;BEAU;NON RENSEIGNE;NON RENSEIGNE;NON RENSEIGNE
2023-04-12;16.0;0.0;beau;;beau;;;;BEAU;NON RENSEIGNE;NON RENSEIGNE;NON RENSEIGNE
2023-04-13;17.0;5.0;beau/pluie;;beau;pluie;;;BEAU;PLUIE;NON RENSEIGNE;NON RENSEIGNE
2023-04-14;8.0;4.0;giboulées;;giboulées;;;;PLUIE;NON RENSEIGNE;NON RENSEIGNE;NON RENSEIGNE
2023-04-15;11.0;3.0;giboulées;;giboulées;;;;PLUIE;NON RENSEIGNE;NON RENSEIGNE;NON RENSEIGNE
2023-04-16;13.0;1.0;giboulées/éclaircies;;giboulées;éclaircies;;;PLUIE;ECLAIRCIES;NON RENSEIGNE;NON RENSEIGNE
2023-04-17;16.0;0.0;beau;;beau;;;;BEAU;NON RENSEIGNE;NON RENSEIGNE;NON RENSEIGNE
2023-04-18;16.0;0.0;beau;;beau;;;;BEAU;NON RENSEIGNE;NON RENSEIGNE;NON RENSEIGNE
2023-04-19;17.0;0.0;beau;;beau;;;;BEAU;NON RENSEIGNE;NON RENSEIGNE;NON RENSEIGNE
2023-04-20;22.0;0.0;beau;;beau;;;;BEAU;NON RENSEIGNE;NON RENSEIGNE;NON RENSEIGNE
2023-04-21;22.0;0.0;beau;;beau;;;;BEAU;NON RENSEIGNE;NON RENSEIGNE;NON RENSEIGNE
2023-04-22;22.0;0.0;beau;;beau;;;;BEAU;NON RENSEIGNE;NON RENSEIGNE;NON RENSEIGNE
2023-04-23;13.0;0.0;couvert/bruine;;couvert;bruine;;;COUVERT;PLUIE;NON RENSEIGNE;NON RENSEIGNE
2023-04-24;19.0;7.0;beau/pluie;;beau;pluie;;;BEAU;PLUIE;NON RENSEIGNE;NON RENSEIGNE
2023-04-25;17.0;0.0;beau;;beau;;;;BEAU;NON RENSEIGNE;NON RENSEIGNE;NON RENSEIGNE
2023-04-26;15.0;17.0;pluie;;pluie;;;;PLUIE;NON RENSEIGNE;NON RENSEIGNE;NON RENSEIGNE
2023-04-27;18.0;2.0;couvert;;couvert;;;;COUVERT;NON RENSEIGNE;NON RENSEIGNE;NON RENSEIGNE
2023-04-28;23.0;0.0;voilé/beau;;voilé;beau;;;COUVERT;BEAU;NON RENSEIGNE;NON RENSEIGNE
2023-04-29;24.0;0.0;voilé;;voilé;;;;COUVERT;NON RENSEIGNE;NON RENSEIGNE;NON RENSEIGNE
2023-04-30;17.0;0.0;couvert/pluie;;couvert;pluie;;;COUVERT;PLUIE;NON RENSEIGNE;NON RENSEIGNE
2023-05-01;18.0;36.0;giboulées;;giboulées;;;;PLUIE;NON RENSEIGNE;NON RENSEIGNE;NON RENSEIGNE
2023-05-02;18.0;2.0;giboulées/éclaircies;;giboulées;éclaircies;;;PLUIE;ECLAIRCIES;NON RENSEIGNE;NON RENSEIGNE
2023-05-03;20.0;0.0;beau;;beau;;;;BEAU;NON RENSEIGNE;NON RENSEIGNE;NON RENSEIGNE
2023-05-04;25.0;0.0;beau;;beau;;;;BEAU;NON RENSEIGNE;NON RENSEIGNE;NON RENSEIGNE
2023-05-05;25.0;0.0;beau;;beau;;;;BEAU;NON RENSEIGNE;NON RENSEIGNE;NON RENSEIGNE
2023-05-06;23.0;0.0;beau;;beau;;;;BEAU;NON RENSEIGNE;NON RENSEIGNE;NON RENSEIGNE
2023-05-07;24.0;0.0;beau/orage;;beau;orage;;;BEAU;ORAGE;NON RENSEIGNE;NON RENSEIGNE
2023-05-08;17.0;8.0;averses;;averses;;;;PLUIE;NON RENSEIGNE;NON RENSEIGNE;NON RENSEIGNE
2023-05-09;22.0;0.0;beau;;beau;;;;BEAU;NON RENSEIGNE;NON RENSEIGNE;NON RENSEIGNE
2023-05-10;15.0;15.0;couvert/pluie;;couvert;pluie;;;COUVERT;PLUIE;NON RENSEIGNE;NON RENSEIGNE
2023-05-11;16.0;2.0;pluie/giboulées;;pluie;giboulées;;;PLUIE;PLUIE;NON RENSEIGNE;NON RENSEIGNE
2023-05-12;15.0;0.0;éclaircies;;éclaircies;;;;ECLAIRCIES;NON RENSEIGNE;NON RENSEIGNE;NON RENSEIGNE
2023-05-13;17.0;6.0;pluie/éclaircies;;pluie;éclaircies;;;PLUIE;ECLAIRCIES;NON RENSEIGNE;NON RENSEIGNE
2023-05-14;13.0;15.0;giboulées;;giboulées;;;;PLUIE;NON RENSEIGNE;NON RENSEIGNE;NON RENSEIGNE
2023-05-15;15.0;10.0;averses/éclaircies;;averses;éclaircies;;;PLUIE;ECLAIRCIES;NON RENSEIGNE;NON RENSEIGNE
2023-05-16;11.0;6.0;averses;;averses;;;;PLUIE;NON RENSEIGNE;NON RENSEIGNE;NON RENSEIGNE
2023-05-17;13.0;2.0;pluie/éclaircie;;pluie;éclaircie;;;PLUIE;ECLAIRCIES;NON RENSEIGNE;NON RENSEIGNE
2023-05-18;18.0;0.0;beau;;beau;;;;BEAU;NON RENSEIGNE;NON RENSEIGNE;NON RENSEIGNE
2023-05-19;14.0;0.0;couvert;;couvert;;;;COUVERT;NON RENSEIGNE;NON RENSEIGNE;NON RENSEIGNE
2023-05-20;10.0;4.0;pluie/couvert;;pluie;couvert;;;PLUIE;COUVERT;NON RENSEIGNE;NON RENSEIGNE
2023-05-21;15.0;0.0;éclaircies/beau;;éclaircies;beau;;;ECLAIRCIES;BEAU;NON RENSEIGNE;NON RENSEIGNE
2023-05-22;16.0;0.0;couvert/beau;;couvert;beau;;;COUVERT;BEAU;NON RENSEIGNE;NON RENSEIGNE
2023-05-23;18.0;4.0;pluie/éclaircies;;pluie;éclaircies;;;PLUIE;ECLAIRCIES;NON RENSEIGNE;NON RENSEIGNE
2023-05-24;22.0;6.0;temps lourd/orages;;temps lourd;orages;;; CHAUD;ORAGE;NON RENSEIGNE;NON RENSEIGNE
2023-05-25;20.0;25.0;lourd/orages;;lourd;orages;;;CHAUD;ORAGE;NON RENSEIGNE;NON RENSEIGNE
2023-05-26;17.0;6.0;couvert/pluie;;couvert;pluie;;;COUVERT;PLUIE;NON RENSEIGNE;NON RENSEIGNE
2023-05-27;23.0;0.0;beau;;beau;;;;BEAU;NON RENSEIGNE;NON RENSEIGNE;NON RENSEIGNE
2023-05-28;27.0;0.0;beau;;beau;;;;BEAU;NON RENSEIGNE;NON RENSEIGNE;NON RENSEIGNE
2023-05-29;27.0;0.0;beau;;beau;;;;BEAU;NON RENSEIGNE;NON RENSEIGNE;NON RENSEIGNE
2023-05-30;27.0;24.0;beau/orage fort;;beau;orage fort;;;BEAU;ORAGE;NON RENSEIGNE;NON RENSEIGNE
2023-05-31;26.0;0.0;éclaircies;;éclaircies;;;;ECLAIRCIES;NON RENSEIGNE;NON RENSEIGNE;NON RENSEIGNE
2023-06-01;24.0;5.0;beau/pluie;;beau;pluie;;;BEAU;PLUIE;NON RENSEIGNE;NON RENSEIGNE
2023-06-02;22.0;1.0;pluie/éclaircies;;pluie;éclaircies;;;PLUIE;ECLAIRCIES;NON RENSEIGNE;NON RENSEIGNE
2023-06-03;23.0;0.0;beau;;beau;;;;BEAU;NON RENSEIGNE;NON RENSEIGNE;NON RENSEIGNE
2023-06-04;25.0;2.0;beau/orage;;beau;orage;;;BEAU;ORAGE;NON RENSEIGNE;NON RENSEIGNE
2023-06-05;26.0;0.0;beau;;beau;;;;BEAU;NON RENSEIGNE;NON RENSEIGNE;NON RENSEIGNE
2023-06-06;25.0;5.0;beau/pluie;;beau;pluie;;;BEAU;PLUIE;NON RENSEIGNE;NON RENSEIGNE
2023-06-07;26.0;0.0;beau;;beau;;;;BEAU;NON RENSEIGNE;NON RENSEIGNE;NON RENSEIGNE
2023-06-08;27.0;0.0;beau;;beau;;;;BEAU;NON RENSEIGNE;NON RENSEIGNE;NON RENSEIGNE
2023-06-09;27.0;0.0;beau/orageux;;beau;orageux;;;BEAU;ORAGE;NON RENSEIGNE;NON RENSEIGNE
2023-06-10;26.0;3.0;couvert/orage;;couvert;orage;;;COUVERT;ORAGE;NON RENSEIGNE;NON RENSEIGNE
2023-06-11;27.0;0.0;beau/orageux;;beau;orageux;;;BEAU;ORAGE;NON RENSEIGNE;NON RENSEIGNE
2023-06-12;25.0;1.0;beau/orage;;beau;orage;;;BEAU;ORAGE;NON RENSEIGNE;NON RENSEIGNE
2023-06-13;27.0;31.0;couvert/orage;;couvert;orage;;;COUVERT;ORAGE;NON RENSEIGNE;NON RENSEIGNE
2023-06-14;24.0;23.0;beau/orage;;beau;orage;;;BEAU;ORAGE;NON RENSEIGNE;NON RENSEIGNE
2023-06-15;21.0;3.0;pluie/éclaircie;;pluie;éclaircie;;;PLUIE;ECLAIRCIES;NON RENSEIGNE;NON RENSEIGNE
2023-06-16;25.0;0.0;couvert/beau;;couvert;beau;;;COUVERT;BEAU;NON RENSEIGNE;NON RENSEIGNE
2023-06-17;26.0;0.0;beau;;beau;;;;BEAU;NON RENSEIGNE;NON RENSEIGNE;NON RENSEIGNE
2023-06-18;30.0;11.0;beau/orage;;beau;orage;;;BEAU;ORAGE;NON RENSEIGNE;NON RENSEIGNE
2023-06-19;27.0;0.0;mitigé/;;mitigé;;;;MITIGE;NON RENSEIGNE;NON RENSEIGNE;NON RENSEIGNE
2023-06-20;22.0;0.0;couvert/beau;;couvert;beau;;;COUVERT;BEAU;NON RENSEIGNE;NON RENSEIGNE
2023-06-21;25.0;0.0;lourd;;lourd;;;;CHAUD;NON RENSEIGNE;NON RENSEIGNE;NON RENSEIGNE
2023-06-22;20.0;7.0;orage;;orage;;;;ORAGE;NON RENSEIGNE;NON RENSEIGNE;NON RENSEIGNE
2023-06-23;23.0;6.0;pluie/éclaircies;;pluie;éclaircies;;;PLUIE;ECLAIRCIES;NON RENSEIGNE;NON RENSEIGNE
2023-06-24;28.0;0.0;beau;;beau;;;;BEAU;NON RENSEIGNE;NON RENSEIGNE;NON RENSEIGNE
2023-06-25;28.0;0.0;beau;;beau;;;;BEAU;NON RENSEIGNE;NON RENSEIGNE;NON RENSEIGNE
2023-06-26;32.0;0.0;beau;;beau;;;;BEAU;NON RENSEIGNE;NON RENSEIGNE;NON RENSEIGNE
2023-06-27;21.0;0.0;couvert;;couvert;;;;COUVERT;NON RENSEIGNE;NON RENSEIGNE;NON RENSEIGNE
2023-06-28;27.0;0.0;nuageux;;nuageux;;;;COUVERT;NON RENSEIGNE;NON RENSEIGNE;NON RENSEIGNE
2023-06-29;26.0;0.0;beau;;beau;;;;BEAU;NON RENSEIGNE;NON RENSEIGNE;NON RENSEIGNE
2023-06-30;24.0;13.0;nuageux/orage;;nuageux;orage;;;COUVERT;ORAGE;NON RENSEIGNE;NON RENSEIGNE
2023-07-01;19.0;3.0;pluie/couvert/vent;;pluie;couvert;vent;;PLUIE;COUVERT;VENT;NON RENSEIGNE
2023-07-02;22.0;0.0;couvert/vent;;couvert;vent;;;COUVERT;VENT;NON RENSEIGNE;NON RENSEIGNE
2023-07-03;25.0;0.0;éclaircies;;éclaircies;;;;ECLAIRCIES;NON RENSEIGNE;NON RENSEIGNE;NON RENSEIGNE
2023-07-04;27.0;0.0;couvert/éclaircies;;couvert;éclaircies;;;COUVERT;ECLAIRCIES;NON RENSEIGNE;NON RENSEIGNE
2023-07-05;26.0;1.0;lourd/orages;;lourd;orages;;;CHAUD;ORAGE;NON RENSEIGNE;NON RENSEIGNE
2023-07-06;27.0;0.0;éclaircies;;éclaircies;;;;ECLAIRCIES;NON RENSEIGNE;NON RENSEIGNE;NON RENSEIGNE
2023-07-07;27.0;0.0;beau/lourd/orageux;;beau;lourd;orageux;;BEAU;CHAUD;ORAGE;NON RENSEIGNE
2023-07-08;33.0;6.0;beau/orages;;beau;orages;;;BEAU;ORAGE;NON RENSEIGNE;NON RENSEIGNE
2023-07-09;32.0;0.0;beau;;beau;;;;BEAU;NON RENSEIGNE;NON RENSEIGNE;NON RENSEIGNE
2023-07-10;28.0;0.0;couvert/lourd;;couvert;lourd;;;COUVERT;CHAUD;NON RENSEIGNE;NON RENSEIGNE
2023-07-11;31.0;0.0;beau;;beau;;;;BEAU;NON RENSEIGNE;NON RENSEIGNE;NON RENSEIGNE
2023-07-12;28.0;1.0;beau/orageux;;beau;orageux;;;BEAU;ORAGE;NON RENSEIGNE;NON RENSEIGNE
2023-07-13;21.0;1.0;pluie/couvert;;pluie;couvert;;;PLUIE;COUVERT;NON RENSEIGNE;NON RENSEIGNE
2023-07-14;23.0;0.0;bruine/couvert;;bruine;couvert;;;PLUIE;COUVERT;NON RENSEIGNE;NON RENSEIGNE
2023-07-15;31.0;0.0;beau;;beau;;;;BEAU;NON RENSEIGNE;NON RENSEIGNE;NON RENSEIGNE
2023-07-16;30.0;3.0;beau/averses;;beau;averses;;;BEAU;PLUIE;NON RENSEIGNE;NON RENSEIGNE
2023-07-17;27.0;0.0;mitigé/beau;;mitigé;beau;;;MITIGE;BEAU;NON RENSEIGNE;NON RENSEIGNE
2023-07-18;27.0;0.0;beau;;beau;;;;BEAU;NON RENSEIGNE;NON RENSEIGNE;NON RENSEIGNE
2023-07-19;33.0;0.0;beau;;beau;;;;BEAU;NON RENSEIGNE;NON RENSEIGNE;NON RENSEIGNE
2023-07-20;24.0;2.0;orage/couvert;;orage;couvert;;;ORAGE;COUVERT;NON RENSEIGNE;NON RENSEIGNE
2023-07-21;27.0;0.0;beau;;beau;;;;BEAU;NON RENSEIGNE;NON RENSEIGNE;NON RENSEIGNE
2023-07-22;19.0;0.0;couvert/bruine;;couvert;bruine;;;COUVERT;PLUIE;NON RENSEIGNE;NON RENSEIGNE
2023-07-23;29.0;0.0;soleil/qq nuages;;soleil;qq nuages;;;BEAU;NUAGES;NON RENSEIGNE;NON RENSEIGNE
2023-07-24;30.0;0.0;beau;;beau;;;;BEAU;NON RENSEIGNE;NON RENSEIGNE;NON RENSEIGNE
2023-07-25;21.0;3.0;couvert/pluie;;couvert;pluie;;;COUVERT;PLUIE;NON RENSEIGNE;NON RENSEIGNE
2023-07-26;15.0;3.0;pluie/couvert/vent;;pluie;couvert;vent;;PLUIE;COUVERT;VENT;NON RENSEIGNE
2023-07-27;28.0;0.0;beau;;beau;;;;BEAU;NON RENSEIGNE;NON RENSEIGNE;NON RENSEIGNE
2023-07-28;30.0;16.0;beau/orages;;beau;orages;;;BEAU;ORAGE;NON RENSEIGNE;NON RENSEIGNE
2023-07-29;29.0;0.0;beau;;beau;;;;BEAU;NON RENSEIGNE;NON RENSEIGNE;NON RENSEIGNE
2023-07-30;31.0;0.0;beau/orage;;beau;orage;;;BEAU;ORAGE;NON RENSEIGNE;NON RENSEIGNE
2023-07-31;22.0;12.0;pluie/couvert;;pluie;couvert;;;PLUIE;COUVERT;NON RENSEIGNE;NON RENSEIGNE
2023-08-01;27.0;0.0;beau;;beau;;;;BEAU;NON RENSEIGNE;NON RENSEIGNE;NON RENSEIGNE
2023-08-02;24.0;0.0;couvert/vent;;couvert;vent;;;COUVERT;VENT;NON RENSEIGNE;NON RENSEIGNE
2023-08-03;28.0;3.0;beau/couvert/pluie;;beau;couvert;pluie;;BEAU;COUVERT;PLUIE;NON RENSEIGNE
2023-08-04;17.0;0.0;bruine/éclaircies;;bruine;éclaircies;;;PLUIE;ECLAIRCIES;NON RENSEIGNE;NON RENSEIGNE
2023-08-05;18.0;13.0;giboulées;;giboulées;;;;PLUIE;NON RENSEIGNE;NON RENSEIGNE;NON RENSEIGNE
2023-08-06;22.0;0.0;éclaircies;;éclaircies;;;;ECLAIRCIES;NON RENSEIGNE;NON RENSEIGNE;NON RENSEIGNE
2023-08-07;23.0;1.0;bruine/éclaircies/vent;;bruine;éclaircies;vent;;PLUIE;ECLAIRCIES;VENT;NON RENSEIGNE
2023-08-08;23.0;0.0;beau;;beau;;;;BEAU;NON RENSEIGNE;NON RENSEIGNE;NON RENSEIGNE
2023-08-09;28.0;0.0;beau;;beau;;;;BEAU;NON RENSEIGNE;NON RENSEIGNE;NON RENSEIGNE
2023-08-10;30.0;0.0;beau;;beau;;;;BEAU;NON RENSEIGNE;NON RENSEIGNE;NON RENSEIGNE
2023-08-11;30.0;0.0;beau;;beau;;;;BEAU;NON RENSEIGNE;NON RENSEIGNE;NON RENSEIGNE
2023-08-12;33.0;0.0;brumeux/beau;;brumeux;beau;;;COUVERT;BEAU;NON RENSEIGNE;NON RENSEIGNE
2023-08-13;32.0;0.0;beau;;beau;;;;BEAU;NON RENSEIGNE;NON RENSEIGNE;NON RENSEIGNE
2023-08-14;30.0;0.0;voilé;;voilé;;;;COUVERT;NON RENSEIGNE;NON RENSEIGNE;NON RENSEIGNE
2023-08-15;32.0;0.0;beau/vent;;beau;vent;;;BEAU;VENT;NON RENSEIGNE;NON RENSEIGNE
2023-08-16;26.0;0.5;pluie fine/couvert;;pluie fine;couvert;;;PLUIE;COUVERT;NON RENSEIGNE;NON RENSEIGNE
2023-08-17;25.0;0.0;couvert;;couvert;;;;COUVERT;NON RENSEIGNE;NON RENSEIGNE;NON RENSEIGNE
2023-08-18;32.0;0.0;bruine/mitigé;;bruine;mitigé;;;PLUIE;MITIGE;NON RENSEIGNE;NON RENSEIGNE
2023-08-19;32.0;0.0;voilé/vent;;voilé;vent;;;COUVERT;VENT;NON RENSEIGNE;NON RENSEIGNE
2023-08-20;34.0;0.0;vigilance canicule;;vigilance canicule;;;;CANICULE;NON RENSEIGNE;NON RENSEIGNE;NON RENSEIGNE
2023-08-21;37.0;0.0;canicule;;canicule;;;;CANICULE;NON RENSEIGNE;NON RENSEIGNE;NON RENSEIGNE
2023-08-22;34.0;0.0;canicule;;canicule;;;;CANICULE;NON RENSEIGNE;NON RENSEIGNE;NON RENSEIGNE
2023-08-23;36.0;0.0;canicule;;canicule;;;;CANICULE;NON RENSEIGNE;NON RENSEIGNE;NON RENSEIGNE
2023-08-24;40.0;0.0;canicule;;canicule;;;;CANICULE;NON RENSEIGNE;NON RENSEIGNE;NON RENSEIGNE
2023-08-25;40.5;0.0;canicule;;canicule;;;;CANICULE;NON RENSEIGNE;NON RENSEIGNE;NON RENSEIGNE
2023-08-26;23.0;3.0;pluie/couvert;;pluie;couvert;;;PLUIE;COUVERT;NON RENSEIGNE;NON RENSEIGNE
2023-08-27;19.0;8.0;pluie;;pluie;;;;PLUIE;NON RENSEIGNE;NON RENSEIGNE;NON RENSEIGNE
2023-08-28;16.0;37.0;pluie/éclaircies;;pluie;éclaircies;;;PLUIE;ECLAIRCIES;NON RENSEIGNE;NON RENSEIGNE
2023-08-29;17.0;5.0;pluie/éclaircies;;pluie;éclaircies;;;PLUIE;ECLAIRCIES;NON RENSEIGNE;NON RENSEIGNE
2023-08-30;20.0;0.0;éclaircies/vent;;éclaircies;vent;;;ECLAIRCIES;VENT;NON RENSEIGNE;NON RENSEIGNE
2023-08-31;22.0;1.0;éclaircies/averses;;éclaircies;averses;;;ECLAIRCIES;PLUIE;NON RENSEIGNE;NON RENSEIGNE
2023-09-01;28.0;0.0;beau;;beau;;;;BEAU;NON RENSEIGNE;NON RENSEIGNE;NON RENSEIGNE
2023-09-02;31.0;0.0;beau;;beau;;;;BEAU;NON RENSEIGNE;NON RENSEIGNE;NON RENSEIGNE
2023-09-03;22.0;0.0;couvert;;couvert;;;;COUVERT;NON RENSEIGNE;NON RENSEIGNE;NON RENSEIGNE
2023-09-04;26.0;0.0;beau/voilé;;beau;voilé;;;BEAU;COUVERT;NON RENSEIGNE;NON RENSEIGNE
2023-09-05;28.0;0.0;voilé/vent;;voilé;vent;;;COUVERT;VENT;NON RENSEIGNE;NON RENSEIGNE
2023-09-06;29.0;0.0;voilé;;voilé;;;;COUVERT;NON RENSEIGNE;NON RENSEIGNE;NON RENSEIGNE
2023-09-07;27.0;0.0;voilé;;voilé;;;;COUVERT;NON RENSEIGNE;NON RENSEIGNE;NON RENSEIGNE
2023-09-08;30.0;0.0;beau;;beau;;;;BEAU;NON RENSEIGNE;NON RENSEIGNE;NON RENSEIGNE
2023-09-09;29.0;0.0;beau;;beau;;;;BEAU;NON RENSEIGNE;NON RENSEIGNE;NON RENSEIGNE
2023-09-10;30.0;0.0;beau;;beau;;;;BEAU;NON RENSEIGNE;NON RENSEIGNE;NON RENSEIGNE
2023-09-11;30.0;0.0;beau;;beau;;;;BEAU;NON RENSEIGNE;NON RENSEIGNE;NON RENSEIGNE
2023-09-12;30.0;0.0;couvert/éclaircies;;couvert;éclaircies;;;COUVERT;ECLAIRCIES;NON RENSEIGNE;NON RENSEIGNE
2023-09-13;24.0;22.0;mitigé/orages;;mitigé;orages;;;MITIGE;ORAGE;NON RENSEIGNE;NON RENSEIGNE
2023-09-14;25.0;0.0;éclaircies;;éclaircies;;;;ECLAIRCIES;NON RENSEIGNE;NON RENSEIGNE;NON RENSEIGNE
2023-09-15;28.0;0.0;beau;;beau;;;;BEAU;NON RENSEIGNE;NON RENSEIGNE;NON RENSEIGNE
2023-09-16;28.0;3.0;beau/orageux/pluie;;beau;orageux;pluie;;BEAU;ORAGE;PLUIE;NON RENSEIGNE
2023-09-17;28.0;0.0;beau;;beau;;;;BEAU;NON RENSEIGNE;NON RENSEIGNE;NON RENSEIGNE
2023-09-18;25.0;3.0;beau/orages;;beau;orages;;;BEAU;ORAGE;NON RENSEIGNE;NON RENSEIGNE
2023-09-19;26.0;6.0;beau/orages;;beau;orages;;;BEAU;ORAGE;NON RENSEIGNE;NON RENSEIGNE
2023-09-20;25.0;0.0;beau;;beau;;;;BEAU;NON RENSEIGNE;NON RENSEIGNE;NON RENSEIGNE
2023-09-21;27.0;0.0;couvert/beau;;couvert;beau;;;COUVERT;BEAU;NON RENSEIGNE;NON RENSEIGNE
2023-09-22;20.0;9.0;couvert/pluie;;couvert;pluie;;;COUVERT;PLUIE;NON RENSEIGNE;NON RENSEIGNE
2023-09-23;20.0;0.0;éclaircies/vent;;éclaircies;vent;;;ECLAIRCIES;VENT;NON RENSEIGNE;NON RENSEIGNE
2023-09-24;23.0;0.0;éclaircies;;éclaircies;;;;ECLAIRCIES;NON RENSEIGNE;NON RENSEIGNE;NON RENSEIGNE
2023-09-25;24.0;0.0;beau;;beau;;;;BEAU;NON RENSEIGNE;NON RENSEIGNE;NON RENSEIGNE
2023-09-26;27.0;0.0;beau;;beau;;;;BEAU;NON RENSEIGNE;NON RENSEIGNE;NON RENSEIGNE
2023-09-27;28.0;0.0;beau;;beau;;;;BEAU;NON RENSEIGNE;NON RENSEIGNE;NON RENSEIGNE
2023-09-28;30.0;0.0;beau;;beau;;;;BEAU;NON RENSEIGNE;NON RENSEIGNE;NON RENSEIGNE
2023-09-29;31.0;0.0;beau;;beau;;;;BEAU;NON RENSEIGNE;NON RENSEIGNE;NON RENSEIGNE
2023-09-30;30.0;0.0;beau;;beau;;;;BEAU;NON RENSEIGNE;NON RENSEIGNE;NON RENSEIGNE
2023-10-01;30.0;0.0;beau;;beau;;;;BEAU;NON RENSEIGNE;NON RENSEIGNE;NON RENSEIGNE
2023-10-02;32.0;0.0;beau;;beau;;;;BEAU;NON RENSEIGNE;NON RENSEIGNE;NON RENSEIGNE
2023-10-03;31.0;0.0;beau/vent;;beau;vent;;;BEAU;VENT;NON RENSEIGNE;NON RENSEIGNE
2023-10-04;22.0;0.0;couvert;;couvert;;;;COUVERT;NON RENSEIGNE;NON RENSEIGNE;NON RENSEIGNE
2023-10-05;28.0;0.0;nuageux;;nuageux;;;;COUVERT;NON RENSEIGNE;NON RENSEIGNE;NON RENSEIGNE
2023-10-06;28.0;0.0;beau;;beau;;;;BEAU;NON RENSEIGNE;NON RENSEIGNE;NON RENSEIGNE
2023-10-07;28.0;0.0;beau;;beau;;;;BEAU;NON RENSEIGNE;NON RENSEIGNE;NON RENSEIGNE
2023-10-08;30.0;0.0;beau;;beau;;;;BEAU;NON RENSEIGNE;NON RENSEIGNE;NON RENSEIGNE
2023-10-09;29.0;0.0;beau;;beau;;;;BEAU;NON RENSEIGNE;NON RENSEIGNE;NON RENSEIGNE
2023-10-10;29.0;0.0;beau;;beau;;;;BEAU;NON RENSEIGNE;NON RENSEIGNE;NON RENSEIGNE
2023-10-11;30.0;0.0;beau;;beau;;;;BEAU;NON RENSEIGNE;NON RENSEIGNE;NON RENSEIGNE
2023-10-12;31.0;0.0;beau;;beau;;;;BEAU;NON RENSEIGNE;NON RENSEIGNE;NON RENSEIGNE
2023-10-13;30.0;0.0;beau;;beau;;;;BEAU;NON RENSEIGNE;NON RENSEIGNE;NON RENSEIGNE
2023-10-14;29.0;0.0;beau;;beau;;;;BEAU;NON RENSEIGNE;NON RENSEIGNE;NON RENSEIGNE
2023-10-15;24.0;5.0;couvert/pluie;;couvert;pluie;;;COUVERT;PLUIE;NON RENSEIGNE;NON RENSEIGNE
2023-10-16;19.0;0.0;éclaircies;;éclaircies;;;;ECLAIRCIES;NON RENSEIGNE;NON RENSEIGNE;NON RENSEIGNE
2023-10-17;19.0;0.0;éclaircies;;éclaircies;;;;ECLAIRCIES;NON RENSEIGNE;NON RENSEIGNE;NON RENSEIGNE
2023-10-18;26.0;0.0;beau/vent;;beau;vent;;;BEAU;VENT;NON RENSEIGNE;NON RENSEIGNE
2023-10-19;26.0;3.0;couvert/pluie;;couvert;pluie;;;COUVERT;PLUIE;NON RENSEIGNE;NON RENSEIGNE
2023-10-20;25.0;13.0;couvert/pluie;;couvert;pluie;;;COUVERT;PLUIE;NON RENSEIGNE;NON RENSEIGNE
2023-10-21;20.0;3.0;éclaircies/pluie;;éclaircies;pluie;;;ECLAIRCIES;PLUIE;NON RENSEIGNE;NON RENSEIGNE
2023-10-22;19.0;0.0;beau;;beau;;;;BEAU;NON RENSEIGNE;NON RENSEIGNE;NON RENSEIGNE
2023-10-23;15.0;0.0;maussade;;maussade;;;;AUTRE/NON CLASSE;NON RENSEIGNE;NON RENSEIGNE;NON RENSEIGNE
2023-10-24;20.0;0.0;éclaircies;;éclaircies;;;;ECLAIRCIES;NON RENSEIGNE;NON RENSEIGNE;NON RENSEIGNE
2023-10-25;20.0;0.0;pluie/éclaircies;;pluie;éclaircies;;;PLUIE;ECLAIRCIES;NON RENSEIGNE;NON RENSEIGNE
2023-10-26;18.0;1.0;couvert/pluie;;couvert;pluie;;;COUVERT;PLUIE;NON RENSEIGNE;NON RENSEIGNE
2023-10-27;15.0;8.0;couvert/pluie;;couvert;pluie;;;COUVERT;PLUIE;NON RENSEIGNE;NON RENSEIGNE
2023-10-28;18.0;0.0;beau;;beau;;;;BEAU;NON RENSEIGNE;NON RENSEIGNE;NON RENSEIGNE
2023-10-29;19.0;0.0;beau;;beau;;;;BEAU;NON RENSEIGNE;NON RENSEIGNE;NON RENSEIGNE
2023-10-30;17.0;0.0;couvert;;couvert;;;;COUVERT;NON RENSEIGNE;NON RENSEIGNE;NON RENSEIGNE
2023-10-31;15.0;9.0;couvert/pluie;;couvert;pluie;;;COUVERT;PLUIE;NON RENSEIGNE;NON RENSEIGNE
2023-11-01;19.0;0.0;beau;;beau;;;;BEAU;NON RENSEIGNE;NON RENSEIGNE;NON RENSEIGNE
2023-11-02;19.0;5.0;éclaircies/pluie;;éclaircies;pluie;;;ECLAIRCIES;PLUIE;NON RENSEIGNE;NON RENSEIGNE
2023-11-03;13.0;17.0;pluie;;pluie;;;;PLUIE;NON RENSEIGNE;NON RENSEIGNE;NON RENSEIGNE
2023-11-04;10.0;5.0;pluie;;pluie;;;;PLUIE;NON RENSEIGNE;NON RENSEIGNE;NON RENSEIGNE
2023-11-05;13.0;6.0;pluie/éclaircies;;pluie;éclaircies;;;PLUIE;ECLAIRCIES;NON RENSEIGNE;NON RENSEIGNE
2023-11-06;19.0;0.0;beau;;beau;;;;BEAU;NON RENSEIGNE;NON RENSEIGNE;NON RENSEIGNE
2023-11-07;12.0;8.0;averses/pluie;;averses;pluie;;;PLUIE;PLUIE;NON RENSEIGNE;NON RENSEIGNE
2023-11-08;17.0;0.0;beau;;beau;;;;BEAU;NON RENSEIGNE;NON RENSEIGNE;NON RENSEIGNE
2023-11-09;19.0;0.0;beau;;beau;;;;BEAU;NON RENSEIGNE;NON RENSEIGNE;NON RENSEIGNE
2023-11-10;13.0;6.0;pluie/beau;;pluie;beau;;;PLUIE;BEAU;NON RENSEIGNE;NON RENSEIGNE
2023-11-11;11.0;7.0;pluie/éclaircies;;pluie;éclaircies;;;PLUIE;ECLAIRCIES;NON RENSEIGNE;NON RENSEIGNE
2023-11-12;12.0;0.0;pluie;;pluie;;;;PLUIE;NON RENSEIGNE;NON RENSEIGNE;NON RENSEIGNE
2023-11-13;17.0;0.0;couvert/éclaircies;;couvert;éclaircies;;;COUVERT;ECLAIRCIES;NON RENSEIGNE;NON RENSEIGNE
2023-11-14;24.0;0.0;beau;;beau;;;;BEAU;NON RENSEIGNE;NON RENSEIGNE;NON RENSEIGNE
2023-11-15;24.0;5.0;beau/pluie;;beau;pluie;;;BEAU;PLUIE;NON RENSEIGNE;NON RENSEIGNE
2023-11-16;16.0;5.0;pluie/éclaircies;;pluie;éclaircies;;;PLUIE;ECLAIRCIES;NON RENSEIGNE;NON RENSEIGNE
2023-11-17;16.0;2.0;couvert/pluie;;couvert;pluie;;;COUVERT;PLUIE;NON RENSEIGNE;NON RENSEIGNE
2023-11-18;15.0;0.0;éclaircies;;éclaircies;;;;ECLAIRCIES;NON RENSEIGNE;NON RENSEIGNE;NON RENSEIGNE
2023-11-19;20.0;0.0;beau;;beau;;;;BEAU;NON RENSEIGNE;NON RENSEIGNE;NON RENSEIGNE
2023-11-20;21.0;0.0;beau;;beau;;;;BEAU;NON RENSEIGNE;NON RENSEIGNE;NON RENSEIGNE
2023-11-21;14.0;9.0;couvert/pluie;;couvert;pluie;;;COUVERT;PLUIE;NON RENSEIGNE;NON RENSEIGNE
2023-11-22;9.0;10.0;pluie;;pluie;;;;PLUIE;NON RENSEIGNE;NON RENSEIGNE;NON RENSEIGNE
2023-11-23;9.0;3.0;pluie/éclaircies/vent;;pluie;éclaircies;vent;;PLUIE;ECLAIRCIES;VENT;NON RENSEIGNE
2023-11-24;11.0;0.0;beau/vent;;beau;vent;;;BEAU;VENT;NON RENSEIGNE;NON RENSEIGNE
2023-11-25;7.0;0.0;gris/vent;;gris;vent;;;COUVERT;VENT;NON RENSEIGNE;NON RENSEIGNE
2023-11-26;9.0;0.0;gris ;;gris;;;;COUVERT;NON RENSEIGNE;NON RENSEIGNE;NON RENSEIGNE
2023-11-27;12.0;0.0;beau;;beau;;;;BEAU;NON RENSEIGNE;NON RENSEIGNE;NON RENSEIGNE
2023-11-28;13.0;27.0;éclaircies/pluie/vent;;éclaircies;pluie;vent;;ECLAIRCIES;PLUIE;VENT;NON RENSEIGNE
2023-11-29;9.0;0.0;éclaircies;;éclaircies;;;;ECLAIRCIES;NON RENSEIGNE;NON RENSEIGNE;NON RENSEIGNE
2023-11-30;16.0;0.0;éclaircies;;éclaircies;;;;ECLAIRCIES;NON RENSEIGNE;NON RENSEIGNE;NON RENSEIGNE
2023-12-01;11.0;6.0;bruine/pluie;;bruine;pluie;;;PLUIE;PLUIE;NON RENSEIGNE;NON RENSEIGNE
2023-12-02;8.0;14.0;pluie;;pluie;;;;PLUIE;NON RENSEIGNE;NON RENSEIGNE;NON RENSEIGNE
2023-12-03;6.0;2.0;pluie/éclaircies;;pluie;éclaircies;;;PLUIE;ECLAIRCIES;NON RENSEIGNE;NON RENSEIGNE
2023-12-04;11.0;0.0;beau;;beau;;;;BEAU;NON RENSEIGNE;NON RENSEIGNE;NON RENSEIGNE
2023-12-05;12.0;0.5;éclaircies/pluie;;éclaircies;pluie;;;ECLAIRCIES;PLUIE;NON RENSEIGNE;NON RENSEIGNE
2023-12-06;9.0;0.0;éclaircies/vent;;éclaircies;vent;;;ECLAIRCIES;VENT;NON RENSEIGNE;NON RENSEIGNE
2023-12-07;10.0;0.0;beau;;beau;;;;BEAU;NON RENSEIGNE;NON RENSEIGNE;NON RENSEIGNE
2023-12-08;14.0;0.0;beau;;beau;;;;BEAU;NON RENSEIGNE;NON RENSEIGNE;NON RENSEIGNE
2023-12-09;9.0;18.0;pluie/vent;;pluie;vent;;;PLUIE;VENT;NON RENSEIGNE;NON RENSEIGNE
2023-12-10;14.0;1.0;pluie/éclaircies;;pluie;éclaircies;;;PLUIE;ECLAIRCIES;NON RENSEIGNE;NON RENSEIGNE
2023-12-11;18.0;0.0;beau/couvert;;beau;couvert;;;BEAU;COUVERT;NON RENSEIGNE;NON RENSEIGNE
2023-12-12;19.0;0.0;beau;;beau;;;;BEAU;NON RENSEIGNE;NON RENSEIGNE;NON RENSEIGNE
2023-12-13;16.0;3.0;voilé/pluie;;voilé;pluie;;;COUVERT;PLUIE;NON RENSEIGNE;NON RENSEIGNE
2023-12-14;10.0;20.0;averses/pluie/vent;;averses;pluie;vent;;PLUIE;PLUIE;VENT;NON RENSEIGNE
2023-12-15;10.0;1.0;averses/éclaircies/vent;;averses;éclaircies;vent;;PLUIE;ECLAIRCIES;VENT;NON RENSEIGNE
2023-12-16;9.0;1.0;bruine;;bruine;;;;PLUIE;NON RENSEIGNE;NON RENSEIGNE;NON RENSEIGNE
2023-12-17;13.0;0.0;beau;;beau;;;;BEAU;NON RENSEIGNE;NON RENSEIGNE;NON RENSEIGNE
2023-12-18;15.0;0.0;beau;;beau;;;;BEAU;NON RENSEIGNE;NON RENSEIGNE;NON RENSEIGNE
2023-12-19;16.0;0.0;beau;;beau;;;;BEAU;NON RENSEIGNE;NON RENSEIGNE;NON RENSEIGNE
2023-12-20;4.0;0.0;gris;;gris;;;;COUVERT;NON RENSEIGNE;NON RENSEIGNE;NON RENSEIGNE
2023-12-21;8.0;11.0;pluie/éclaircies/vent;;pluie;éclaircies;vent;;PLUIE;ECLAIRCIES;VENT;NON RENSEIGNE
2023-12-22;11.0;0.0;vent/bruine;;vent;bruine;;;VENT;PLUIE;NON RENSEIGNE;NON RENSEIGNE
2023-12-23;12.0;1.0;gris/vent/éclaircies/pluie;;gris;vent;éclaircies;pluie;COUVERT;VENT;ECLAIRCIES;PLUIE
2023-12-24;12.0;0.0;éclaircies;;éclaircies;;;;ECLAIRCIES;NON RENSEIGNE;NON RENSEIGNE;NON RENSEIGNE
2023-12-25;13.0;0.0;beau;;beau;;;;BEAU;NON RENSEIGNE;NON RENSEIGNE;NON RENSEIGNE
2023-12-26;12.0;0.0;beau;;beau;;;;BEAU;NON RENSEIGNE;NON RENSEIGNE;NON RENSEIGNE
2023-12-27;15.0;0.0;beau;;beau;;;;BEAU;NON RENSEIGNE;NON RENSEIGNE;NON RENSEIGNE
2023-12-28;17.0;0.0;beau;;beau;;;;BEAU;NON RENSEIGNE;NON RENSEIGNE;NON RENSEIGNE
2023-12-29;10.0;0.0;gris;;gris;;;;COUVERT;NON RENSEIGNE;NON RENSEIGNE;NON RENSEIGNE
2023-12-30;9.0;0.0;gris/éclaircies;;gris;éclaircies;;;COUVERT;ECLAIRCIES;NON RENSEIGNE;NON RENSEIGNE
2023-12-31;17.0;0.0;beau;;beau;;;;BEAU;NON RENSEIGNE;NON RENSEIGNE;NON RENSEIGNE
2024-01-01;15.0;0.0;beau;0.38;beau;;;;BEAU;NON RENSEIGNE;NON RENSEIGNE;NON RENSEIGNE
2024-01-02;13.0;0.0;éclaircies;0.44;éclaircies;;;;ECLAIRCIES;NON RENSEIGNE;NON RENSEIGNE;NON RENSEIGNE
2024-01-03;12.0;1.0;gris/pluie;0.61;gris;pluie;;;COUVERT;PLUIE;NON RENSEIGNE;NON RENSEIGNE
2024-01-04;14.0;0.0;beau;0.42;beau;;;;BEAU;NON RENSEIGNE;NON RENSEIGNE;NON RENSEIGNE
2024-01-05;6.0;12.0;pluie;0.78;pluie;;;;PLUIE;NON RENSEIGNE;NON RENSEIGNE;NON RENSEIGNE
2024-01-06;5.0;10.0;pluie;0.82;pluie;;;;PLUIE;NON RENSEIGNE;NON RENSEIGNE;NON RENSEIGNE
2024-01-07;3.0;0.0;gris;0.6;gris;;;;COUVERT;NON RENSEIGNE;NON RENSEIGNE;NON RENSEIGNE
2024-01-08;4.0;0.0;gris;0.59;gris;;;;COUVERT;NON RENSEIGNE;NON RENSEIGNE;NON RENSEIGNE
2024-01-09;4.0;0.0;beau;0.58;beau;;;;BEAU;NON RENSEIGNE;NON RENSEIGNE;NON RENSEIGNE
2024-01-10;3.0;0.0;gris;0.71;gris;;;;COUVERT;NON RENSEIGNE;NON RENSEIGNE;NON RENSEIGNE
2024-01-11;4.0;4.0;pluie/neige/éclaircies;0.7;pluie;neige;éclaircies;;PLUIE;NEIGE;ECLAIRCIES;NON RENSEIGNE
2024-01-12;6.0;0.0;beau;0.53;beau;;;;BEAU;NON RENSEIGNE;NON RENSEIGNE;NON RENSEIGNE
2024-01-13;11.0;0.0;beau;0.47;beau;;;;BEAU;NON RENSEIGNE;NON RENSEIGNE;NON RENSEIGNE
2024-01-14;15.0;6.0;voilé/pluie;0.45;voilé;pluie;;;COUVERT;PLUIE;NON RENSEIGNE;NON RENSEIGNE
2024-01-15;12.0;10.0;pluie;0.85;pluie;;;;PLUIE;NON RENSEIGNE;NON RENSEIGNE;NON RENSEIGNE
2024-01-16;15.0;0.0;voilé;0.53;voilé;;;;COUVERT;NON RENSEIGNE;NON RENSEIGNE;NON RENSEIGNE
2024-01-17;10.0;0.0;gris;0.76;gris;;;;COUVERT;NON RENSEIGNE;NON RENSEIGNE;NON RENSEIGNE
2024-01-18;19.0;2.0;beau/couvert/pluie;0.34;beau;couvert;pluie;;BEAU;COUVERT;PLUIE;NON RENSEIGNE
2024-01-19;3.0;0.0;gris;0.64;gris;;;;COUVERT;NON RENSEIGNE;NON RENSEIGNE;NON RENSEIGNE
2024-01-20;8.0;0.0;beau;0.38;beau;;;;BEAU;NON RENSEIGNE;NON RENSEIGNE;NON RENSEIGNE
2024-01-21;15.0;0.0;beau;0.31;beau;;;;BEAU;NON RENSEIGNE;NON RENSEIGNE;NON RENSEIGNE
2024-01-22;11.0;2.0;voilé/pluie;0.41;voilé;pluie;;;COUVERT;PLUIE;NON RENSEIGNE;NON RENSEIGNE
2024-01-23;13.0;0.0;éclaircies;0.45;éclaircies;;;;ECLAIRCIES;NON RENSEIGNE;NON RENSEIGNE;NON RENSEIGNE
2024-01-24;15.0;0.0;voilé;0.51;voilé;;;;COUVERT;NON RENSEIGNE;NON RENSEIGNE;NON RENSEIGNE
2024-01-25;18.0;0.0;beau;0.42;beau;;;;BEAU;NON RENSEIGNE;NON RENSEIGNE;NON RENSEIGNE
2024-01-26;13.0;0.0;voilé;0.53;voilé;;;;COUVERT;NON RENSEIGNE;NON RENSEIGNE;NON RENSEIGNE
2024-01-27;15.0;0.0;beau;0.47;beau;;;;BEAU;NON RENSEIGNE;NON RENSEIGNE;NON RENSEIGNE
2024-01-28;16.0;0.0;beau/vent;0.45;beau;vent;;;BEAU;VENT;NON RENSEIGNE;NON RENSEIGNE
2024-01-29;16.0;0.0;beau/vent;0.44;beau;vent;;;BEAU;VENT;NON RENSEIGNE;NON RENSEIGNE
2024-01-30;17.0;0.0;beau/vent;0.4;beau;vent;;;BEAU;VENT;NON RENSEIGNE;NON RENSEIGNE
2024-01-31;16.0;0.0;voilé;0.37;voilé;;;;COUVERT;NON RENSEIGNE;NON RENSEIGNE;NON RENSEIGNE
2024-02-01;14.0;0.0;très voilé;0.53;très voilé;;;;COUVERT;NON RENSEIGNE;NON RENSEIGNE;NON RENSEIGNE
2024-02-02;12.0;0.0;éclaircies/gris;0.55;éclaircies;gris;;;ECLAIRCIES;COUVERT;NON RENSEIGNE;NON RENSEIGNE
2024-02-03;16.0;0.0;brouillard/beau;0.49;brouillard;beau;;;COUVERT;BEAU;NON RENSEIGNE;NON RENSEIGNE
2024-02-04;16.0;0.0;brouillard/beau;0.54;brouillard;beau;;;COUVERT;BEAU;NON RENSEIGNE;NON RENSEIGNE
2024-02-05;14.0;0.0;brouillard/beau/voilé;0.47;brouillard;beau;voilé;;COUVERT;BEAU;COUVERT;NON RENSEIGNE
2024-02-06;8.0;1.0;bruine/gris/éclaircies;0.58;bruine;gris;éclaircies;;PLUIE;COUVERT;ECLAIRCIES;NON RENSEIGNE
2024-02-07;17.0;1.0;beau/pluie;0.32;beau;pluie;;;BEAU;PLUIE;NON RENSEIGNE;NON RENSEIGNE
2024-02-08;20.0;0.0;beau/vent chaud;0.33;beau;vent chaud;;;BEAU;VENT;NON RENSEIGNE;NON RENSEIGNE
2024-02-09;12.0;0.0;gris/éclaircies;0.61;gris;éclaircies;;;COUVERT;ECLAIRCIES;NON RENSEIGNE;NON RENSEIGNE
2024-02-10;7.0;15.0;pluie/vent;0.79;pluie;vent;;;PLUIE;VENT;NON RENSEIGNE;NON RENSEIGNE
2024-02-11;10.0;0.0;éclaircies/vent;0.55;éclaircies;vent;;;ECLAIRCIES;VENT;NON RENSEIGNE;NON RENSEIGNE
2024-02-12;10.0;2.0;éclaircies/tempête/pluie;0.7;éclaircies;tempête;pluie;;ECLAIRCIES;VENT;PLUIE;NON RENSEIGNE
2024-02-13;18.0;0.0;beau;0.36;beau;;;;BEAU;NON RENSEIGNE;NON RENSEIGNE;NON RENSEIGNE
2024-02-14;22.0;0.0;beau;0.33;beau;;;;BEAU;NON RENSEIGNE;NON RENSEIGNE;NON RENSEIGNE
2024-02-15;15.0;0.0;beau/vent;0.58;beau;vent;;;BEAU;VENT;NON RENSEIGNE;NON RENSEIGNE
2024-02-16;11.0;29.0;pluie;0.8;pluie;;;;PLUIE;NON RENSEIGNE;NON RENSEIGNE;NON RENSEIGNE
2024-02-17;13.0;0.0;éclaircies;0.55;éclaircies;;;;ECLAIRCIES;NON RENSEIGNE;NON RENSEIGNE;NON RENSEIGNE
2024-02-18;13.0;0.0;voilé;0.5;voilé;;;;COUVERT;NON RENSEIGNE;NON RENSEIGNE;NON RENSEIGNE
2024-02-19;13.0;0.0;bruine/éclaircies;0.69;bruine;éclaircies;;;PLUIE;ECLAIRCIES;NON RENSEIGNE;NON RENSEIGNE
2024-02-20;10.0;0.0;voilé;0.55;voilé;;;;COUVERT;NON RENSEIGNE;NON RENSEIGNE;NON RENSEIGNE
2024-02-21;17.0;0.0;voilé;0.34;voilé;;;;COUVERT;NON RENSEIGNE;NON RENSEIGNE;NON RENSEIGNE
2024-02-22;16.0;6.0;voilé/couvert/tempête;0.55;voilé;couvert;tempête;;COUVERT;COUVERT;VENT;NON RENSEIGNE
2024-02-23;10.0;2.0;voilé/vent/pluie;0.46;voilé;vent;pluie;;COUVERT;VENT;PLUIE;NON RENSEIGNE
2024-02-24;12.0;2.0;pluie/éclaircies/vent;0.3;pluie;éclaircies;vent;;PLUIE;ECLAIRCIES;VENT;NON RENSEIGNE
2024-02-25;9.0;13.0;pluie;0.83;pluie;;;;PLUIE;NON RENSEIGNE;NON RENSEIGNE;NON RENSEIGNE
2024-02-26;13.0;8.0;éclaircies/pluie/vent;0.4;éclaircies;pluie;vent;;ECLAIRCIES;PLUIE;VENT;NON RENSEIGNE
2024-02-27;5.0;12.0;pluie/vent;0.81;pluie;vent;;;PLUIE;VENT;NON RENSEIGNE;NON RENSEIGNE
2024-02-28;10.0;8.0;éclaircies/vent;0.42;éclaircies;vent;;;ECLAIRCIES;VENT;NON RENSEIGNE;NON RENSEIGNE
2024-02-29;13.0;0.0;beau/pluie/vent;0.36;beau;pluie;vent;;BEAU;PLUIE;VENT;NON RENSEIGNE
2024-03-01;14.0;0.0;beau/vent;0.34;beau;vent;;;BEAU;VENT;NON RENSEIGNE;NON RENSEIGNE
2024-03-02;11.0;0.0;gris;0.54;gris;;;;COUVERT;NON RENSEIGNE;NON RENSEIGNE;NON RENSEIGNE
2024-03-03;11.0;17.0;pluie/éclaircies/vent;0.48;pluie;éclaircies;vent;;PLUIE;ECLAIRCIES;VENT;NON RENSEIGNE
2024-03-04;14.0;4.0;beau/voilé/pluie;0.32;beau;voilé;pluie;;BEAU;COUVERT;PLUIE;NON RENSEIGNE
2024-03-05;10.0;3.0;giboulées;0.38;giboulées;;;;PLUIE;NON RENSEIGNE;NON RENSEIGNE;NON RENSEIGNE
2024-03-06;15.0;0.0;beau;0.3;beau;;;;BEAU;NON RENSEIGNE;NON RENSEIGNE;NON RENSEIGNE
2024-03-07;17.0;0.0;voilé/vent;0.37;voilé;vent;;;COUVERT;VENT;NON RENSEIGNE;NON RENSEIGNE
2024-03-08;17.0;2.0;pluie/beau;0.41;pluie;beau;;;PLUIE;BEAU;NON RENSEIGNE;NON RENSEIGNE
2024-03-09;14.0;0.0;gris;0.5;gris;;;;COUVERT;NON RENSEIGNE;NON RENSEIGNE;NON RENSEIGNE
2024-03-10;16.0;0.0;dégagé;0.25;dégagé;;;;BEAU;NON RENSEIGNE;NON RENSEIGNE;NON RENSEIGNE
2024-03-11;6.0;17.0;pluie/vent;0.78;pluie;vent;;;PLUIE;VENT;NON RENSEIGNE;NON RENSEIGNE
2024-03-12;15.0;0.0;beau;0.33;beau;;;;BEAU;NON RENSEIGNE;NON RENSEIGNE;NON RENSEIGNE
2024-03-13;20.0;0.0;beau;0.33;beau;;;;BEAU;NON RENSEIGNE;NON RENSEIGNE;NON RENSEIGNE
2024-03-14;21.0;0.0;voilé;0.41;voilé;;;;COUVERT;NON RENSEIGNE;NON RENSEIGNE;NON RENSEIGNE
2024-03-15;21.0;0.0;voilé/beau/couvert;0.34;voilé;beau;couvert;;COUVERT;BEAU;COUVERT;NON RENSEIGNE
2024-03-16;19.0;0.0;beau/voilé;0.39;beau;voilé;;;BEAU;COUVERT;NON RENSEIGNE;NON RENSEIGNE
2024-03-17;24.0;0.0;beau;0.35;beau;;;;BEAU;NON RENSEIGNE;NON RENSEIGNE;NON RENSEIGNE
2024-03-18;21.0;0.0;couvert/voilé;0.46;couvert;voilé;;;COUVERT;COUVERT;NON RENSEIGNE;NON RENSEIGNE
2024-03-19;22.0;0.0;beau;0.41;beau;;;;BEAU;NON RENSEIGNE;NON RENSEIGNE;NON RENSEIGNE
2024-03-20;21.0;0.0;voilé/couvert;0.58;voilé;couvert;;;COUVERT;COUVERT;NON RENSEIGNE;NON RENSEIGNE
2024-03-21;24.0;0.0;couvert/voilé;0.43;couvert;voilé;;;COUVERT;COUVERT;NON RENSEIGNE;NON RENSEIGNE
2024-03-22;26.0;0.0;beau;0.35;beau;;;;BEAU;NON RENSEIGNE;NON RENSEIGNE;NON RENSEIGNE
2024-03-23;10.0;0.0;bruine/couvert/éclaircies;0.77;bruine;couvert;éclaircies;;PLUIE;COUVERT;ECLAIRCIES;NON RENSEIGNE
2024-03-24;9.0;0.0;assez beau;;assez beau;;;;BEAU;NON RENSEIGNE;NON RENSEIGNE;NON RENSEIGNE
2024-03-25;10.0;0.0;;;;;;;NON RENSEIGNE;NON RENSEIGNE;NON RENSEIGNE;NON RENSEIGNE
2024-03-26;7.0;7.0;pluie/gris;0.65;pluie;gris;;;PLUIE;COUVERT;NON RENSEIGNE;NON RENSEIGNE
2024-03-27;14.0;4.0;voilé/pluie;0.4;voilé;pluie;;;COUVERT;PLUIE;NON RENSEIGNE;NON RENSEIGNE
2024-03-28;19.0;0.0;beau;0.36;beau;;;;BEAU;NON RENSEIGNE;NON RENSEIGNE;NON RENSEIGNE
2024-03-29;21.0;2.0;voilé/vent/pluie;0.47;voilé;vent;pluie;;COUVERT;VENT;PLUIE;NON RENSEIGNE
2024-03-30;22.0;0.0;beau;0.33;beau;;;;BEAU;NON RENSEIGNE;NON RENSEIGNE;NON RENSEIGNE
2024-03-31;15.0;5.0;voilé/vent/orages;0.5;voilé;vent;orages;;COUVERT;VENT;ORAGE;NON RENSEIGNE
2024-04-01;17.0;2.0;beau/orages/beau;0.39;beau;orages;beau;;BEAU;ORAGE;BEAU;NON RENSEIGNE
2024-04-02;19.0;0.0;beau/couvert;0.33;beau;couvert;;;BEAU;COUVERT;NON RENSEIGNE;NON RENSEIGNE
2024-04-03;17.0;0.0;nuageux/beau;0.37;nuageux;beau;;;COUVERT;BEAU;NON RENSEIGNE;NON RENSEIGNE
2024-04-04;25.0;0.0;beau;0.31;beau;;;;BEAU;NON RENSEIGNE;NON RENSEIGNE;NON RENSEIGNE
2024-04-05;25.0;0.0;beau/vent;0.4;beau;vent;;;BEAU;VENT;NON RENSEIGNE;NON RENSEIGNE
2024-04-06;18.0;0.0;couvert/vent;0.56;couvert;vent;;;COUVERT;VENT;NON RENSEIGNE;NON RENSEIGNE
2024-04-07;20.0;0.0;couvert/vent/éclaircies;0.53;couvert;vent;éclaircies;;COUVERT;VENT;ECLAIRCIES;NON RENSEIGNE
2024-04-08;22.0;2.0;couvert/voilé/pluie;0.51;couvert;voilé;pluie;;COUVERT;COUVERT;PLUIE;NON RENSEIGNE
2024-04-09;13.0;11.0;giboulées;0.42;giboulées;;;;PLUIE;NON RENSEIGNE;NON RENSEIGNE;NON RENSEIGNE
2024-04-10;12.0;0.0;éclaircies/vent;0.49;éclaircies;vent;;;ECLAIRCIES;VENT;NON RENSEIGNE;NON RENSEIGNE
2024-04-11;20.0;0.0;beau/qq nuages;0.3;beau;qq nuages;;;BEAU;NUAGES;NON RENSEIGNE;NON RENSEIGNE
2024-04-12;24.0;0.0;beau;0.36;beau;;;;BEAU;NON RENSEIGNE;NON RENSEIGNE;NON RENSEIGNE
2024-04-13;27.0;0.0;beau;0.27;beau;;;;BEAU;NON RENSEIGNE;NON RENSEIGNE;NON RENSEIGNE
2024-04-14;26.0;0.0;beau;0.34;beau;;;;BEAU;NON RENSEIGNE;NON RENSEIGNE;NON RENSEIGNE
2024-04-15;16.0;0.0;couvert;0.68;couvert;;;;COUVERT;NON RENSEIGNE;NON RENSEIGNE;NON RENSEIGNE
2024-04-16;8.0;4.0;couvert/pluie/vent/éclaircies;0.79;couvert;pluie;vent;éclaircies;COUVERT;PLUIE;VENT;ECLAIRCIES
2024-04-17;13.0;0.5;couvert/pluie fine/éclaircie;0.61;couvert;pluie fine;éclaircie;;COUVERT;PLUIE;ECLAIRCIES;NON RENSEIGNE
2024-04-18;12.0;4.0;giboulées;0.6;giboulées;;;;PLUIE;NON RENSEIGNE;NON RENSEIGNE;NON RENSEIGNE
2024-04-19;19.0;0.0;beau;0.3;beau;;;;BEAU;NON RENSEIGNE;NON RENSEIGNE;NON RENSEIGNE
2024-04-20;19.0;0.0;beau/qq nuages;0.35;beau;qq nuages;;;BEAU;NUAGES;NON RENSEIGNE;NON RENSEIGNE
2024-04-21;14.0;0.0;beau/vent;0.35;beau;vent;;;BEAU;VENT;NON RENSEIGNE;NON RENSEIGNE
2024-04-22;12.0;0.0;qq nuages/vent;0.35;qq nuages;vent;;;NUAGES;VENT;NON RENSEIGNE;NON RENSEIGNE
2024-04-23;9.0;0.0;nuageux/vent;0.45;nuageux;vent;;;COUVERT;VENT;NON RENSEIGNE;NON RENSEIGNE
2024-04-24;12.0;0.5;couvert/vent;0.39;couvert;vent;;;COUVERT;VENT;NON RENSEIGNE;NON RENSEIGNE
2024-04-25;15.0;5.0;nuageux/pluie;0.38;nuageux;pluie;;;COUVERT;PLUIE;NON RENSEIGNE;NON RENSEIGNE
2024-04-26;18.0;0.0;beau/nuageux;0.39;beau;nuageux;;;BEAU;COUVERT;NON RENSEIGNE;NON RENSEIGNE
2024-04-27;20.0;2.0;nuageux/vent/pluie;0.45;nuageux;vent;pluie;;COUVERT;VENT;PLUIE;NON RENSEIGNE
2024-04-28;14.0;14.0;couvert/pluie;0.54;couvert;pluie;;;COUVERT;PLUIE;NON RENSEIGNE;NON RENSEIGNE
2024-04-29;11.0;9.0;pluie;0.75;pluie;;;;PLUIE;NON RENSEIGNE;NON RENSEIGNE;NON RENSEIGNE
2024-04-30;13.0;0.0;couvert/éclaircies;0.63;couvert;éclaircies;;;COUVERT;ECLAIRCIES;NON RENSEIGNE;NON RENSEIGNE
2024-05-01;10.0;15.0;pluie;0.77;pluie;;;;PLUIE;NON RENSEIGNE;NON RENSEIGNE;NON RENSEIGNE
2024-05-02;11.0;0.0;couvert/vent/éclaircies;0.55;couvert;vent;éclaircies;;COUVERT;VENT;ECLAIRCIES;NON RENSEIGNE
2024-05-03;18.0;0.0;beau/couvert;0.31;beau;couvert;;;BEAU;COUVERT;NON RENSEIGNE;NON RENSEIGNE
2024-05-04;23.0;0.0;couvert/éclaircies;0.36;couvert;éclaircies;;;COUVERT;ECLAIRCIES;NON RENSEIGNE;NON RENSEIGNE
2024-05-05;22.0;17.0;beau/orages;0.49;beau;orages;;;BEAU;ORAGE;NON RENSEIGNE;NON RENSEIGNE
2024-05-06;12.0;4.0;pluie;0.66;pluie;;;;PLUIE;NON RENSEIGNE;NON RENSEIGNE;NON RENSEIGNE
2024-05-07;13.0;6.0;éclaircies/vent/pluie;0.56;éclaircies;vent;pluie;;ECLAIRCIES;VENT;PLUIE;NON RENSEIGNE
2024-05-08;20.0;0.0;éclaircies/vent;0.38;éclaircies;vent;;;ECLAIRCIES;VENT;NON RENSEIGNE;NON RENSEIGNE
2024-05-09;25.0;0.0;beau;0.3;beau;;;;BEAU;NON RENSEIGNE;NON RENSEIGNE;NON RENSEIGNE
2024-05-10;26.0;0.0;beau;0.37;beau;;;;BEAU;NON RENSEIGNE;NON RENSEIGNE;NON RENSEIGNE
2024-05-11;27.0;0.0;beau/couvert;0.37;beau;couvert;;;BEAU;COUVERT;NON RENSEIGNE;NON RENSEIGNE
2024-05-12;16.0;0.0;nuageux/orageux;0.71;nuageux;orageux;;;COUVERT;ORAGE;NON RENSEIGNE;NON RENSEIGNE
2024-05-13;19.0;0.0;couvert/voilé;0.48;couvert;voilé;;;COUVERT;COUVERT;NON RENSEIGNE;NON RENSEIGNE
2024-05-14;13.0;17.0;pluie/éclaircies;0.65;pluie;éclaircies;;;PLUIE;ECLAIRCIES;NON RENSEIGNE;NON RENSEIGNE
2024-05-15;15.0;8.0;pluie/éclaircies/pluie;0.43;pluie;éclaircies;pluie;;PLUIE;ECLAIRCIES;PLUIE;NON RENSEIGNE
2024-05-16;14.0;5.0;éclaircies/pluie;0.6;éclaircies;pluie;;;ECLAIRCIES;PLUIE;NON RENSEIGNE;NON RENSEIGNE
2024-05-17;17.0;8.0;éclaircies/pluie;0.49;éclaircies;pluie;;;ECLAIRCIES;PLUIE;NON RENSEIGNE;NON RENSEIGNE
2024-05-18;15.0;0.0;éclaircies;0.49;éclaircies;;;;ECLAIRCIES;NON RENSEIGNE;NON RENSEIGNE;NON RENSEIGNE
2024-05-19;14.0;3.0;éclaircies/pluie;0.77;éclaircies;pluie;;;ECLAIRCIES;PLUIE;NON RENSEIGNE;NON RENSEIGNE
2024-05-20;18.0;0.0;nuageux/pluie;0.47;nuageux;pluie;;;COUVERT;PLUIE;NON RENSEIGNE;NON RENSEIGNE
2024-05-21;17.0;0.0;nuageux/éclaircies;0.46;nuageux;éclaircies;;;COUVERT;ECLAIRCIES;NON RENSEIGNE;NON RENSEIGNE
2024-05-22;17.0;7.0;nuageux/pluie;0.51;nuageux;pluie;;;COUVERT;PLUIE;NON RENSEIGNE;NON RENSEIGNE
2024-05-23;17.0;1.0;couvert/pluie;0.54;couvert;pluie;;;COUVERT;PLUIE;NON RENSEIGNE;NON RENSEIGNE
2024-05-24;16.0;0.0;pluie/couvert;0.56;pluie;couvert;;;PLUIE;COUVERT;NON RENSEIGNE;NON RENSEIGNE
2024-05-25;25.0;0.0;voilé;0.41;voilé;;;;COUVERT;NON RENSEIGNE;NON RENSEIGNE;NON RENSEIGNE
2024-05-26;20.0;0.0;éclaircies/couvert;0.5;éclaircies;couvert;;;ECLAIRCIES;COUVERT;NON RENSEIGNE;NON RENSEIGNE
2024-05-27;14.0;4.0;pluie/couvert;0.71;pluie;couvert;;;PLUIE;COUVERT;NON RENSEIGNE;NON RENSEIGNE
2024-05-28;26.0;0.0;beau;0.35;beau;;;;BEAU;NON RENSEIGNE;NON RENSEIGNE;NON RENSEIGNE
2024-05-29;24.0;0.0;voilé/couvert;0.42;voilé;couvert;;;COUVERT;COUVERT;NON RENSEIGNE;NON RENSEIGNE
2024-05-30;17.0;2.0;pluie/éclaircies;0.75;pluie;éclaircies;;;PLUIE;ECLAIRCIES;NON RENSEIGNE;NON RENSEIGNE
2024-05-31;21.0;0.0;beau;0.36;beau;;;;BEAU;NON RENSEIGNE;NON RENSEIGNE;NON RENSEIGNE
2024-06-01;18.0;0.0;nuageux/;0.55;nuageux;;;;COUVERT;NON RENSEIGNE;NON RENSEIGNE;NON RENSEIGNE
2024-06-02;18.0;0.0;nuageux/;0.52;nuageux;;;;COUVERT;NON RENSEIGNE;NON RENSEIGNE;NON RENSEIGNE
2024-06-03;24.0;0.0;beau/vent;0.37;beau;vent;;;BEAU;VENT;NON RENSEIGNE;NON RENSEIGNE
2024-06-04;24.0;0.0;éclaircies;0.41;éclaircies;;;;ECLAIRCIES;NON RENSEIGNE;NON RENSEIGNE;NON RENSEIGNE
2024-06-05;29.0;0.0;beau;0.35;beau;;;;BEAU;NON RENSEIGNE;NON RENSEIGNE;NON RENSEIGNE
2024-06-06;28.0;0.0;beau;0.46;beau;;;;BEAU;NON RENSEIGNE;NON RENSEIGNE;NON RENSEIGNE
2024-06-07;26.0;0.0;couvert/lourd;0.58;couvert;lourd;;;COUVERT;CHAUD;NON RENSEIGNE;NON RENSEIGNE
2024-06-08;25.0;0.0;couvert/lourd;0.6;couvert;lourd;;;COUVERT;CHAUD;NON RENSEIGNE;NON RENSEIGNE
2024-06-09;16.0;1.0;pluie/couvert;0.82;pluie;couvert;;;PLUIE;COUVERT;NON RENSEIGNE;NON RENSEIGNE
2024-06-10;23.0;0.0;couvert/éclaircies;0.38;couvert;éclaircies;;;COUVERT;ECLAIRCIES;NON RENSEIGNE;NON RENSEIGNE
2024-06-11;19.0;1.0;bruine/nuageux;0.52;bruine;nuageux;;;PLUIE;COUVERT;NON RENSEIGNE;NON RENSEIGNE
2024-06-12;16.0;0.0;couvert/qq gouttes;0.56;couvert;qq gouttes;;;COUVERT;PLUIE;NON RENSEIGNE;NON RENSEIGNE
2024-06-13;22.0;0.0;beau;0.43;beau;;;;BEAU;NON RENSEIGNE;NON RENSEIGNE;NON RENSEIGNE
2024-06-14;25.0;0.0;beau;0.37;beau;;;;BEAU;NON RENSEIGNE;NON RENSEIGNE;NON RENSEIGNE
2024-06-15;16.0;7.0;pluie/couvert;0.68;pluie;couvert;;;PLUIE;COUVERT;NON RENSEIGNE;NON RENSEIGNE
2024-06-16;27.0;0.0;beau;0.39;beau;;;;BEAU;NON RENSEIGNE;NON RENSEIGNE;NON RENSEIGNE
2024-06-17;19.0;0.0;beau/couvert;0.42;beau;couvert;;;BEAU;COUVERT;NON RENSEIGNE;NON RENSEIGNE
2024-06-18;26.0;0.0;qq nuages/beau/vent;0.55;qq nuages;beau;vent;;NUAGES;BEAU;VENT;NON RENSEIGNE
2024-06-19;20.0;11.0;couvert/bruine/orage;0.72;couvert;bruine;orage;;COUVERT;PLUIE;ORAGE;NON RENSEIGNE
2024-06-20;17.0;9.0;pluie/couvert;0.73;pluie;couvert;;;PLUIE;COUVERT;NON RENSEIGNE;NON RENSEIGNE
2024-06-21;18.0;0.0;assez beau/ vent;;assez beau;vent;;;BEAU;VENT;NON RENSEIGNE;NON RENSEIGNE
2024-06-22;20.0;1.0;éclaircies/pluie;0.47;éclaircies;pluie;;;ECLAIRCIES;PLUIE;NON RENSEIGNE;NON RENSEIGNE
2024-06-23;19.0;0.0;couvert/éclaircies;0.5;couvert;éclaircies;;;COUVERT;ECLAIRCIES;NON RENSEIGNE;NON RENSEIGNE
2024-06-24;26.0;0.0;beau;0.39;beau;;;;BEAU;NON RENSEIGNE;NON RENSEIGNE;NON RENSEIGNE
2024-06-25;28.0;0.0;beau;0.4;beau;;;;BEAU;NON RENSEIGNE;NON RENSEIGNE;NON RENSEIGNE
2024-06-26;30.0;0.0;beau;0.36;beau;;;;BEAU;NON RENSEIGNE;NON RENSEIGNE;NON RENSEIGNE
2024-06-27;31.0;0.0;beau/orageux;0.49;beau;orageux;;;BEAU;ORAGE;NON RENSEIGNE;NON RENSEIGNE
2024-06-28;25.0;0.0;couvert;0.64;couvert;;;;COUVERT;NON RENSEIGNE;NON RENSEIGNE;NON RENSEIGNE
2024-06-29;18.0;12.0;couvert/orages;0.81;couvert;orages;;;COUVERT;ORAGE;NON RENSEIGNE;NON RENSEIGNE
2024-06-30;22.0;0.0;couvert;0.54;couvert;;;;COUVERT;NON RENSEIGNE;NON RENSEIGNE;NON RENSEIGNE
2024-07-01;17.0;2.0;pluie/éclaircies;0.7;pluie;éclaircies;;;PLUIE;ECLAIRCIES;NON RENSEIGNE;NON RENSEIGNE
2024-07-02;20.0;0.0;éclaircie;0.5;éclaircie;;;;ECLAIRCIES;NON RENSEIGNE;NON RENSEIGNE;NON RENSEIGNE
2024-07-03;24.0;0.0;belles éclaircies/vent;0.36;belles éclaircies;vent;;;ECLAIRCIES;VENT;NON RENSEIGNE;NON RENSEIGNE
2024-07-04;25.0;0.0;éclaircie/couvert;0.45;éclaircie;couvert;;;ECLAIRCIES;COUVERT;NON RENSEIGNE;NON RENSEIGNE
2024-07-05;21.0;0.0;beau/chaud;;beau;chaud;;;BEAU;CHAUD;NON RENSEIGNE;NON RENSEIGNE
2024-07-06;17.0;25.0;orages;0.79;orages;;;;ORAGE;NON RENSEIGNE;NON RENSEIGNE;NON RENSEIGNE
2024-07-07;18.0;0.0;couvert/éclaircies/beau;0.56;couvert;éclaircies;beau;;COUVERT;ECLAIRCIES;BEAU;NON RENSEIGNE
2024-07-08;27.0;0.0;beau/vent;0.5;beau;vent;;;BEAU;VENT;NON RENSEIGNE;NON RENSEIGNE
2024-07-09;30.0;0.0;voilé;0.53;voilé;;;;COUVERT;NON RENSEIGNE;NON RENSEIGNE;NON RENSEIGNE
2024-07-10;27.0;0.0;beau;0.44;beau;;;;BEAU;NON RENSEIGNE;NON RENSEIGNE;NON RENSEIGNE
2024-07-11;33.0;0.0;beau/orageux;0.38;beau;orageux;;;BEAU;ORAGE;NON RENSEIGNE;NON RENSEIGNE
2024-07-12;19.0;7.0;couvert/pluie;0.77;couvert;pluie;;;COUVERT;PLUIE;NON RENSEIGNE;NON RENSEIGNE
2024-07-13;18.0;0.0;couvert/éclaircies;0.49;couvert;éclaircies;;;COUVERT;ECLAIRCIES;NON RENSEIGNE;NON RENSEIGNE
2024-07-14;26.0;0.0;beau;0.5;beau;;;;BEAU;NON RENSEIGNE;NON RENSEIGNE;NON RENSEIGNE
2024-07-15;30.0;0.0;beau/orageux;0.44;beau;orageux;;;BEAU;ORAGE;NON RENSEIGNE;NON RENSEIGNE
2024-07-16;23.0;2.0;pluie/couvert;0.47;pluie;couvert;;;PLUIE;COUVERT;NON RENSEIGNE;NON RENSEIGNE
2024-07-17;30.0;0.0;voilé/beau;0.4;voilé;beau;;;COUVERT;BEAU;NON RENSEIGNE;NON RENSEIGNE
2024-07-18;31.0;0.0;beau;0.41;beau;;;;BEAU;NON RENSEIGNE;NON RENSEIGNE;NON RENSEIGNE
2024-07-19;32.0;0.0;voilé/beau;0.4;voilé;beau;;;COUVERT;BEAU;NON RENSEIGNE;NON RENSEIGNE
2024-07-20;29.0;0.0;lourd;0.53;lourd;;;;CHAUD;NON RENSEIGNE;NON RENSEIGNE;NON RENSEIGNE
2024-07-21;21.0;27.0;orages/éclaircies/pluie;0.52;orages;éclaircies;pluie;;ORAGE;ECLAIRCIES;PLUIE;NON RENSEIGNE
2024-07-22;21.0;0.0;couvert/éclaircies;0.52;couvert;éclaircies;;;COUVERT;ECLAIRCIES;NON RENSEIGNE;NON RENSEIGNE
2024-07-23;28.0;0.0;beau;0.42;beau;;;;BEAU;NON RENSEIGNE;NON RENSEIGNE;NON RENSEIGNE
2024-07-24;28.0;0.0;voilé;0.48;voilé;;;;COUVERT;NON RENSEIGNE;NON RENSEIGNE;NON RENSEIGNE
2024-07-25;27.0;0.0;brumeux/beau;0.45;brumeux;beau;;;COUVERT;BEAU;NON RENSEIGNE;NON RENSEIGNE
2024-07-26;30.0;0.0;nuageux;0.45;nuageux;;;;COUVERT;NON RENSEIGNE;NON RENSEIGNE;NON RENSEIGNE
2024-07-27;26.0;0.0;brumeux/couvert;0.6;brumeux;couvert;;;COUVERT;COUVERT;NON RENSEIGNE;NON RENSEIGNE
2024-07-28;31.0;0.0;beau;0.45;beau;;;;BEAU;NON RENSEIGNE;NON RENSEIGNE;NON RENSEIGNE
2024-07-29;35.0;0.0;beau;0.3;beau;;;;BEAU;NON RENSEIGNE;NON RENSEIGNE;NON RENSEIGNE
2024-07-30;35.0;5.0;beau/orage;0.4;beau;orage;;;BEAU;ORAGE;NON RENSEIGNE;NON RENSEIGNE
2024-07-31;33.0;0.0;beau;0.43;beau;;;;BEAU;NON RENSEIGNE;NON RENSEIGNE;NON RENSEIGNE
2024-08-01;23.0;0.0;couvert/éclaircies;0.71;couvert;éclaircies;;;COUVERT;ECLAIRCIES;NON RENSEIGNE;NON RENSEIGNE
2024-08-02;22.0;4.0;pluie/couvert;0.74;pluie;couvert;;;PLUIE;COUVERT;NON RENSEIGNE;NON RENSEIGNE
2024-08-03;21.0;0.5;bruine/éclaircies/beau;0.57;bruine;éclaircies;beau;;PLUIE;ECLAIRCIES;BEAU;NON RENSEIGNE
2024-08-04;25.0;0.0;beau;0.3;beau;;;;BEAU;NON RENSEIGNE;NON RENSEIGNE;NON RENSEIGNE
2024-08-05;30.0;0.0;beau;0.42;beau;;;;BEAU;NON RENSEIGNE;NON RENSEIGNE;NON RENSEIGNE
2024-08-06;30.0;0.0;orageux/mitigé;0.47;orageux;mitigé;;;ORAGE;MITIGE;NON RENSEIGNE;NON RENSEIGNE
2024-08-07;23.0;0.0;couvert;0.65;couvert;;;;COUVERT;NON RENSEIGNE;NON RENSEIGNE;NON RENSEIGNE
2024-08-08;32.0;0.0;beau;0.35;beau;;;;BEAU;NON RENSEIGNE;NON RENSEIGNE;NON RENSEIGNE
2024-08-09;31.0;0.0;beau;0.36;beau;;;;BEAU;NON RENSEIGNE;NON RENSEIGNE;NON RENSEIGNE
2024-08-10;32.0;0.0;beau;0.43;beau;;;;BEAU;NON RENSEIGNE;NON RENSEIGNE;NON RENSEIGNE
2024-08-11;33.0;0.0;beau;0.4;beau;;;;BEAU;NON RENSEIGNE;NON RENSEIGNE;NON RENSEIGNE
2024-08-12;24.0;0.0;couvert/beau;0.7;couvert;beau;;;COUVERT;BEAU;NON RENSEIGNE;NON RENSEIGNE
2024-08-13;25.0;2.0;couvert/pluie/éclaircies;0.65;couvert;pluie;éclaircies;;COUVERT;PLUIE;ECLAIRCIES;NON RENSEIGNE
2024-08-14;19.0;95.0;fortes pluie/acalmie;0.79;fortes pluie;acalmie;;;AUTRE/NON CLASSE;AUTRE/NON CLASSE;NON RENSEIGNE;NON RENSEIGNE
2024-08-15;24.0;5.0;pluie/éclaircies;0.5;pluie;éclaircies;;;PLUIE;ECLAIRCIES;NON RENSEIGNE;NON RENSEIGNE
2024-08-16;28.0;0.0;couvert/belles éclaircies;0.42;couvert;belles éclaircies;;;COUVERT;ECLAIRCIES;NON RENSEIGNE;NON RENSEIGNE
2024-08-17;29.0;0.0;ensoleillé;0.45;ensoleillé;;;;BEAU;NON RENSEIGNE;NON RENSEIGNE;NON RENSEIGNE
2024-08-18;25.0;5.0;pluie/éclaircies;0.51;pluie;éclaircies;;;PLUIE;ECLAIRCIES;NON RENSEIGNE;NON RENSEIGNE
2024-08-19;27.0;0.0;ensoleillé;0.34;ensoleillé;;;;BEAU;NON RENSEIGNE;NON RENSEIGNE;NON RENSEIGNE
2024-08-20;26.0;0.0;beau;0.35;beau;;;;BEAU;NON RENSEIGNE;NON RENSEIGNE;NON RENSEIGNE
2024-08-21;21.0;4.0;pluie/couvert/éclaircies;0.59;pluie;couvert;éclaircies;;PLUIE;COUVERT;ECLAIRCIES;NON RENSEIGNE
2024-08-22;27.0;0.0;beau;0.37;beau;;;;BEAU;NON RENSEIGNE;NON RENSEIGNE;NON RENSEIGNE
2024-08-23;20.0;0.0;couvert/éclaircies;0.67;couvert;éclaircies;;;COUVERT;ECLAIRCIES;NON RENSEIGNE;NON RENSEIGNE
2024-08-24;31.0;37.0;beau/orages;0.49;beau;orages;;;BEAU;ORAGE;NON RENSEIGNE;NON RENSEIGNE
2024-08-25;22.0;0.0;couvert/éclaircies;0.35;couvert;éclaircies;;;COUVERT;ECLAIRCIES;NON RENSEIGNE;NON RENSEIGNE
2024-08-26;24.0;0.0;beau;0.3;beau;;;;BEAU;NON RENSEIGNE;NON RENSEIGNE;NON RENSEIGNE
2024-08-27;26.0;0.0;beau;;beau;;;;BEAU;NON RENSEIGNE;NON RENSEIGNE;NON RENSEIGNE
2024-08-28;31.0;0.0;beau;0.41;beau;;;;BEAU;NON RENSEIGNE;NON RENSEIGNE;NON RENSEIGNE
2024-08-29;26.0;0.0;couvert/éclaircies;0.5;couvert;éclaircies;;;COUVERT;ECLAIRCIES;NON RENSEIGNE;NON RENSEIGNE
2024-08-30;29.0;0.0;beau;0.45;beau;;;;BEAU;NON RENSEIGNE;NON RENSEIGNE;NON RENSEIGNE
2024-08-31;31.0;1.0;couvert/éclaircies/averses;0.52;couvert;éclaircies;averses;;COUVERT;ECLAIRCIES;PLUIE;NON RENSEIGNE
2024-09-01;21.0;0.0;pluie/couvert;0.74;pluie;couvert;;;PLUIE;COUVERT;NON RENSEIGNE;NON RENSEIGNE
2024-09-02;26.0;0.0;beau;0.32;beau;;;;BEAU;NON RENSEIGNE;NON RENSEIGNE;NON RENSEIGNE
2024-09-03;18.0;10.0;pluie/bruine;0.8;pluie;bruine;;;PLUIE;PLUIE;NON RENSEIGNE;NON RENSEIGNE
2024-09-04;16.0;30.0;pluie;0.8;pluie;;;;PLUIE;NON RENSEIGNE;NON RENSEIGNE;NON RENSEIGNE
2024-09-05;24.0;0.0;éclaircie;0.43;éclaircie;;;;ECLAIRCIES;NON RENSEIGNE;NON RENSEIGNE;NON RENSEIGNE
2024-09-06;18.0;3.0;nuageux/pluie;0.6;nuageux;pluie;;;COUVERT;PLUIE;NON RENSEIGNE;NON RENSEIGNE
2024-09-07;21.0;0.0;nuageux/;0.64;nuageux;;;;COUVERT;NON RENSEIGNE;NON RENSEIGNE;NON RENSEIGNE
2024-09-08;19.0;4.0;éclaircies/dégradation/pluie;0.69;éclaircies;dégradation;pluie;;ECLAIRCIES;AUTRE/NON CLASSE;PLUIE;NON RENSEIGNE
2024-09-09;18.0;0.0;couvert/éclaircies;0.65;couvert;éclaircies;;;COUVERT;ECLAIRCIES;NON RENSEIGNE;NON RENSEIGNE
2024-09-10;21.0;0.0;éclaircie;0.44;éclaircie;;;;ECLAIRCIES;NON RENSEIGNE;NON RENSEIGNE;NON RENSEIGNE
2024-09-11;23.0;19.0;éclaircie/pluie;0.43;éclaircie;pluie;;;ECLAIRCIES;PLUIE;NON RENSEIGNE;NON RENSEIGNE
2024-09-12;19.0;1.0;pluie/éclaircies;;pluie;éclaircies;;;PLUIE;ECLAIRCIES;NON RENSEIGNE;NON RENSEIGNE
2024-09-13;18.0;2.0;pluie/éclaircies;0.4;pluie;éclaircies;;;PLUIE;ECLAIRCIES;NON RENSEIGNE;NON RENSEIGNE
2024-09-14;20.0;0.0;beau;0.32;beau;;;;BEAU;NON RENSEIGNE;NON RENSEIGNE;NON RENSEIGNE
2024-09-15;17.0;0.0;beau;0.42;beau;;;;BEAU;NON RENSEIGNE;NON RENSEIGNE;NON RENSEIGNE
2024-09-16;20.0;0.0;beau;0.35;beau;;;;BEAU;NON RENSEIGNE;NON RENSEIGNE;NON RENSEIGNE
2024-09-17;16.0;0.0;couvert;0.62;couvert;;;;COUVERT;NON RENSEIGNE;NON RENSEIGNE;NON RENSEIGNE
2024-09-18;26.0;0.0;beau;0.38;beau;;;;BEAU;NON RENSEIGNE;NON RENSEIGNE;NON RENSEIGNE
2024-09-19;23.0;0.0;beau;0.45;beau;;;;BEAU;NON RENSEIGNE;NON RENSEIGNE;NON RENSEIGNE
2024-09-20;20.0;1.0;couvert/pluie/éclaircies;0.71;couvert;pluie;éclaircies;;COUVERT;PLUIE;ECLAIRCIES;NON RENSEIGNE
2024-09-21;22.0;6.0;nuageux/pluie;0.57;nuageux;pluie;;;COUVERT;PLUIE;NON RENSEIGNE;NON RENSEIGNE
2024-09-22;18.0;4.0;couvert/pluie;0.74;couvert;pluie;;;COUVERT;PLUIE;NON RENSEIGNE;NON RENSEIGNE
2024-09-23;19.0;14.0;pluie/éclaircies;0.53;pluie;éclaircies;;;PLUIE;ECLAIRCIES;NON RENSEIGNE;NON RENSEIGNE
2024-09-24;19.0;0.0;beau;;beau;;;;BEAU;NON RENSEIGNE;NON RENSEIGNE;NON RENSEIGNE
2024-09-25;24.0;0.0;beau/voilé;0.46;beau;voilé;;;BEAU;COUVERT;NON RENSEIGNE;NON RENSEIGNE
2024-09-26;17.0;5.0;couvert/pluie;0.83;couvert;pluie;;;COUVERT;PLUIE;NON RENSEIGNE;NON RENSEIGNE
2024-09-27;13.0;4.0;couvert/pluie;0.75;couvert;pluie;;;COUVERT;PLUIE;NON RENSEIGNE;NON RENSEIGNE
2024-09-28;17.0;0.0;éclaircies;0.47;éclaircies;;;;ECLAIRCIES;NON RENSEIGNE;NON RENSEIGNE;NON RENSEIGNE
2024-09-29;22.0;0.0;beau;0.38;beau;;;;BEAU;NON RENSEIGNE;NON RENSEIGNE;NON RENSEIGNE
2024-09-30;24.0;0.0;beau;0.45;beau;;;;BEAU;NON RENSEIGNE;NON RENSEIGNE;NON RENSEIGNE
2024-10-01;22.0;0.0;voilé;0.6;voilé;;;;COUVERT;NON RENSEIGNE;NON RENSEIGNE;NON RENSEIGNE
2024-10-02;17.0;16.0;pluie;0.63;pluie;;;;PLUIE;NON RENSEIGNE;NON RENSEIGNE;NON RENSEIGNE
2024-10-03;17.0;0.0;éclaircie;0.48;éclaircie;;;;ECLAIRCIES;NON RENSEIGNE;NON RENSEIGNE;NON RENSEIGNE
2024-10-04;19.0;0.0;éclaircie;;éclaircie;;;;ECLAIRCIES;NON RENSEIGNE;NON RENSEIGNE;NON RENSEIGNE
2024-10-05;27.0;0.0;beau;0.27;beau;;;;BEAU;NON RENSEIGNE;NON RENSEIGNE;NON RENSEIGNE
2024-10-06;25.0;0.0;voilé;0.46;voilé;;;;COUVERT;NON RENSEIGNE;NON RENSEIGNE;NON RENSEIGNE
2024-10-07;18.0;5.0;couvert/pluie;0.69;couvert;pluie;;;COUVERT;PLUIE;NON RENSEIGNE;NON RENSEIGNE
2024-10-08;25.0;0.0;beau;0.37;beau;;;;BEAU;NON RENSEIGNE;NON RENSEIGNE;NON RENSEIGNE
2024-10-09;25.0;10.0;beau/pluie;0.5;beau;pluie;;;BEAU;PLUIE;NON RENSEIGNE;NON RENSEIGNE
2024-10-10;17.0;1.0;pluie/éclaircies;0.5;pluie;éclaircies;;;PLUIE;ECLAIRCIES;NON RENSEIGNE;NON RENSEIGNE
2024-10-11;17.0;0.0;beau;;beau;;;;BEAU;NON RENSEIGNE;NON RENSEIGNE;NON RENSEIGNE
2024-10-12;17.0;0.0;couvert;0.68;couvert;;;;COUVERT;NON RENSEIGNE;NON RENSEIGNE;NON RENSEIGNE
2024-10-13;28.0;0.0;beau;0.4;beau;;;;BEAU;NON RENSEIGNE;NON RENSEIGNE;NON RENSEIGNE
2024-10-14;24.0;0.0;couvert;0.55;couvert;;;;COUVERT;NON RENSEIGNE;NON RENSEIGNE;NON RENSEIGNE
2024-10-15;20.0;0.0;couvert;0.73;couvert;;;;COUVERT;NON RENSEIGNE;NON RENSEIGNE;NON RENSEIGNE
2024-10-16;23.0;0.0;éclaircie;0.5;éclaircie;;;;ECLAIRCIES;NON RENSEIGNE;NON RENSEIGNE;NON RENSEIGNE
2024-10-17;17.0;40.0;couvert/pluie;0.83;couvert;pluie;;;COUVERT;PLUIE;NON RENSEIGNE;NON RENSEIGNE
2024-10-18;13.0;14.0;pluie;0.85;pluie;;;;PLUIE;NON RENSEIGNE;NON RENSEIGNE;NON RENSEIGNE
2024-10-19;17.0;0.0;éclaircie;0.58;éclaircie;;;;ECLAIRCIES;NON RENSEIGNE;NON RENSEIGNE;NON RENSEIGNE
2024-10-20;25.0;0.0;beau;0.41;beau;;;;BEAU;NON RENSEIGNE;NON RENSEIGNE;NON RENSEIGNE
2024-10-21;23.0;0.0;beau;0.45;beau;;;;BEAU;NON RENSEIGNE;NON RENSEIGNE;NON RENSEIGNE
2024-10-22;14.0;16.0;pluie;0.8;pluie;;;;PLUIE;NON RENSEIGNE;NON RENSEIGNE;NON RENSEIGNE
2024-10-23;17.0;0.0;brouillard/couvert;;brouillard;couvert;;;COUVERT;COUVERT;NON RENSEIGNE;NON RENSEIGNE
2024-10-24;23.0;0.0;beau;0.46;beau;;;;BEAU;NON RENSEIGNE;NON RENSEIGNE;NON RENSEIGNE
2024-10-25;18.0;7.0;couvert/pluie;0.67;couvert;pluie;;;COUVERT;PLUIE;NON RENSEIGNE;NON RENSEIGNE
2024-10-26;12.0;6.0;pluie;0.81;pluie;;;;PLUIE;NON RENSEIGNE;NON RENSEIGNE;NON RENSEIGNE
2024-10-27;15.0;0.0;bruine/couvert/éclaircies;0.61;bruine;couvert;éclaircies;;PLUIE;COUVERT;ECLAIRCIES;NON RENSEIGNE
2024-10-28;13.0;11.0;couvert/pluie;0.78;couvert;pluie;;;COUVERT;PLUIE;NON RENSEIGNE;NON RENSEIGNE
2024-10-29;15.0;1.0;brouillard/couvert;0.74;brouillard;couvert;;;COUVERT;COUVERT;NON RENSEIGNE;NON RENSEIGNE
2024-10-30;22.0;0.0;nuageux/couvert;0.53;nuageux;couvert;;;COUVERT;COUVERT;NON RENSEIGNE;NON RENSEIGNE
2024-10-31;19.0;0.0;beau;0.74;beau;;;;BEAU;NON RENSEIGNE;NON RENSEIGNE;NON RENSEIGNE
2024-11-01;24.0;0.0;beau;0.44;beau;;;;BEAU;NON RENSEIGNE;NON RENSEIGNE;NON RENSEIGNE
2024-11-02;22.0;0.0;couvert/éclaircies;0.49;couvert;éclaircies;;;COUVERT;ECLAIRCIES;NON RENSEIGNE;NON RENSEIGNE
2024-11-03;25.0;0.0;beau;0.36;beau;;;;BEAU;NON RENSEIGNE;NON RENSEIGNE;NON RENSEIGNE
2024-11-04;18.0;0.0;beau/nuageux;0.68;beau;nuageux;;;BEAU;COUVERT;NON RENSEIGNE;NON RENSEIGNE
2024-11-05;21.0;0.0;nuageux/;0.49;nuageux;;;;COUVERT;NON RENSEIGNE;NON RENSEIGNE;NON RENSEIGNE
2024-11-06;25.0;0.0;beau;0.38;beau;;;;BEAU;NON RENSEIGNE;NON RENSEIGNE;NON RENSEIGNE
2024-11-07;24.0;0.0;beau;;beau;;;;BEAU;NON RENSEIGNE;NON RENSEIGNE;NON RENSEIGNE
2024-11-08;25.0;0.0;beau/voilé;0.34;beau;voilé;;;BEAU;COUVERT;NON RENSEIGNE;NON RENSEIGNE
2024-11-09;16.0;19.0;couvert/pluie;0.74;couvert;pluie;;;COUVERT;PLUIE;NON RENSEIGNE;NON RENSEIGNE
2024-11-10;15.0;0.0;pluie/couvert;0.59;pluie;couvert;;;PLUIE;COUVERT;NON RENSEIGNE;NON RENSEIGNE
2024-11-11;15.0;0.0;couvert;0.62;couvert;;;;COUVERT;NON RENSEIGNE;NON RENSEIGNE;NON RENSEIGNE
2024-11-12;7.0;9.0;couvert/pluie;0.78;couvert;pluie;;;COUVERT;PLUIE;NON RENSEIGNE;NON RENSEIGNE
2024-11-13;10.0;0.0;couvert;0.74;couvert;;;;COUVERT;NON RENSEIGNE;NON RENSEIGNE;NON RENSEIGNE
2024-11-14;12.0;0.0;beau;;beau;;;;BEAU;NON RENSEIGNE;NON RENSEIGNE;NON RENSEIGNE
2024-11-15;18.0;0.0;beau;0.37;beau;;;;BEAU;NON RENSEIGNE;NON RENSEIGNE;NON RENSEIGNE
2024-11-16;21.0;0.0;beau;0.34;beau;;;;BEAU;NON RENSEIGNE;NON RENSEIGNE;NON RENSEIGNE
2024-11-17;16.0;0.0;voilé/couvert;0.45;voilé;couvert;;;COUVERT;COUVERT;NON RENSEIGNE;NON RENSEIGNE
2024-11-18;11.0;0.0;couvert;0.64;couvert;;;;COUVERT;NON RENSEIGNE;NON RENSEIGNE;NON RENSEIGNE
2024-11-19;13.0;0.0;gris;0.69;gris;;;;COUVERT;NON RENSEIGNE;NON RENSEIGNE;NON RENSEIGNE
2024-11-20;8.0;21.0;pluie;0.82;pluie;;;;PLUIE;NON RENSEIGNE;NON RENSEIGNE;NON RENSEIGNE
2024-11-21;16.0;0.0;gris;0.52;gris;;;;COUVERT;NON RENSEIGNE;NON RENSEIGNE;NON RENSEIGNE
2024-11-22;8.0;0.0;pluie/éclaircies;0.66;pluie;éclaircies;;;PLUIE;ECLAIRCIES;NON RENSEIGNE;NON RENSEIGNE
2024-11-23;12.0;0.0;beau;;beau;;;;BEAU;NON RENSEIGNE;NON RENSEIGNE;NON RENSEIGNE
2024-11-24;22.0;0.0;ensoleillé;0.42;ensoleillé;;;;BEAU;NON RENSEIGNE;NON RENSEIGNE;NON RENSEIGNE
2024-11-25;17.0;9.0;couvert/pluie;0.64;couvert;pluie;;;COUVERT;PLUIE;NON RENSEIGNE;NON RENSEIGNE
2024-11-26;13.0;0.0;gris;0.54;gris;;;;COUVERT;NON RENSEIGNE;NON RENSEIGNE;NON RENSEIGNE
2024-11-27;18.0;0.0;beau;0.31;beau;;;;BEAU;NON RENSEIGNE;NON RENSEIGNE;NON RENSEIGNE
2024-11-28;19.0;0.0;beau;0.32;beau;;;;BEAU;NON RENSEIGNE;NON RENSEIGNE;NON RENSEIGNE
2024-11-29;20.0;0.0;beau;;beau;;;;BEAU;NON RENSEIGNE;NON RENSEIGNE;NON RENSEIGNE
2024-11-30;21.0;0.0;beau;0.36;beau;;;;BEAU;NON RENSEIGNE;NON RENSEIGNE;NON RENSEIGNE
2024-12-01;22.0;0.0;beau;0.37;beau;;;;BEAU;NON RENSEIGNE;NON RENSEIGNE;NON RENSEIGNE
2024-12-02;11.0;9.0;couvert/pluie;0.82;couvert;pluie;;;COUVERT;PLUIE;NON RENSEIGNE;NON RENSEIGNE
2024-12-03;10.0;2.0;couvert/éclaircies/pluie;0.68;couvert;éclaircies;pluie;;COUVERT;ECLAIRCIES;PLUIE;NON RENSEIGNE
2024-12-04;10.0;0.0;éclaircies/beau;;éclaircies;beau;;;ECLAIRCIES;BEAU;NON RENSEIGNE;NON RENSEIGNE
2024-12-05;14.0;0.0;beau;0.33;beau;;;;BEAU;NON RENSEIGNE;NON RENSEIGNE;NON RENSEIGNE
2024-12-06;13.0;6.0;pluie;0.82;pluie;;;;PLUIE;NON RENSEIGNE;NON RENSEIGNE;NON RENSEIGNE
2024-12-07;10.0;15.0;couvert/tempête;0.72;couvert;tempête;;;COUVERT;VENT;NON RENSEIGNE;NON RENSEIGNE
2024-12-08;6.0;17.0;couvert/pluie;0.7;couvert;pluie;;;COUVERT;PLUIE;NON RENSEIGNE;NON RENSEIGNE
2024-12-09;5.0;21.0;pluie;0.82;pluie;;;;PLUIE;NON RENSEIGNE;NON RENSEIGNE;NON RENSEIGNE
2024-12-10;4.0;0.0;couvert;0.71;couvert;;;;COUVERT;NON RENSEIGNE;NON RENSEIGNE;NON RENSEIGNE
2024-12-11;5.0;0.0;couvert/éclaircie;0.68;couvert;éclaircie;;;COUVERT;ECLAIRCIES;NON RENSEIGNE;NON RENSEIGNE
2024-12-12;14.0;0.0;éclaircie;0.43;éclaircie;;;;ECLAIRCIES;NON RENSEIGNE;NON RENSEIGNE;NON RENSEIGNE
2024-12-13;13.0;0.0;ensoleillé;0.45;ensoleillé;;;;BEAU;NON RENSEIGNE;NON RENSEIGNE;NON RENSEIGNE
2024-12-14;10.0;5.0;ensoleillé/pluie;;ensoleillé;pluie;;;BEAU;PLUIE;NON RENSEIGNE;NON RENSEIGNE
2024-12-15;6.0;2.0;pluie/éclaircies;0.79;pluie;éclaircies;;;PLUIE;ECLAIRCIES;NON RENSEIGNE;NON RENSEIGNE
2024-12-16;15.0;0.0;beau;0.38;beau;;;;BEAU;NON RENSEIGNE;NON RENSEIGNE;NON RENSEIGNE
2024-12-17;16.0;0.0;beau;;beau;;;;BEAU;NON RENSEIGNE;NON RENSEIGNE;NON RENSEIGNE
2024-12-18;17.0;0.0;beau;0.37;beau;;;;BEAU;NON RENSEIGNE;NON RENSEIGNE;NON RENSEIGNE
2024-12-19;11.0;14.0;ensoleillé/pluie;0.78;ensoleillé;pluie;;;BEAU;PLUIE;NON RENSEIGNE;NON RENSEIGNE
2024-12-20;10.0;0.0;ensoleillé;0.38;ensoleillé;;;;BEAU;NON RENSEIGNE;NON RENSEIGNE;NON RENSEIGNE
2024-12-21;8.0;2.0;pluie;0.8;pluie;;;;PLUIE;NON RENSEIGNE;NON RENSEIGNE;NON RENSEIGNE
2024-12-22;12.0;14.0;couvert/pluie;0.62;couvert;pluie;;;COUVERT;PLUIE;NON RENSEIGNE;NON RENSEIGNE
2024-12-23;5.0;2.0;pluie;0.68;pluie;;;;PLUIE;NON RENSEIGNE;NON RENSEIGNE;NON RENSEIGNE
2024-12-24;10.0;5.0;pluie;0.85;pluie;;;;PLUIE;NON RENSEIGNE;NON RENSEIGNE;NON RENSEIGNE
2024-12-25;8.0;1.0;brouillard épais;0.81;brouillard épais;;;;COUVERT;NON RENSEIGNE;NON RENSEIGNE;NON RENSEIGNE
2024-12-26;6.0;0.0;brouillard/;0.77;brouillard;;;;COUVERT;NON RENSEIGNE;NON RENSEIGNE;NON RENSEIGNE
2024-12-27;14.0;0.0;brumeux/beau;0.34;brumeux;beau;;;COUVERT;BEAU;NON RENSEIGNE;NON RENSEIGNE
2024-12-28;13.0;0.0;beau;0.38;beau;;;;BEAU;NON RENSEIGNE;NON RENSEIGNE;NON RENSEIGNE
2024-12-29;8.0;0.0;éclaircie;0.55;éclaircie;;;;ECLAIRCIES;NON RENSEIGNE;NON RENSEIGNE;NON RENSEIGNE
2024-12-30;7.0;0.0;beau/brouillard épais;0.46;beau;brouillard épais;;;BEAU;COUVERT;NON RENSEIGNE;NON RENSEIGNE
2024-12-31;9.0;0.0;beau;0.4;beau;;;;BEAU;NON RENSEIGNE;NON RENSEIGNE;NON RENSEIGNE
