Date;Météo;Pluie(mm);T°C (12h-15h);Humidité;THI;Météo;Météo_1;Météo_2;Météo_3;Météo_4;Météo_1_Cat;Météo_2_Cat;Météo_3_Cat;Météo_4_Cat;Météo_Cat
2023-01-01;beau;0.0;14.0;;;beau;beau;;;;BEAU;;;;BEAU
2023-01-02;beau;0.0;13.0;;;beau;beau;;;;BEAU;;;;BEAU
2023-01-03;beau;0.0;12.0;;;beau;beau;;;;BEAU;;;;BEAU
2023-01-04;beau;0.0;15.0;;;beau;beau;;;;BEAU;;;;BEAU
2023-01-05;beau;0.0;14.0;;;beau;beau;;;;BEAU;;;;BEAU
2023-01-06;beau;0.0;14.0;;;beau;beau;;;;BEAU;;;;BEAU
2023-01-07;beau;0.0;13.0;;;beau;beau;;;;BEAU;;;;BEAU
2023-01-08;mitigé;0.0;9.0;;;mitigé;mitigé;;;;INSTABLE;;;;INSTABLE
2023-01-09;vent/éclaircie;16.0;8.0;;;vent/éclaircie;vent;éclaircie;;;VENT;ECLAIRCIES;;;ECLAIRCIES|VENT
2023-01-10;beau;0.0;14.0;;;beau;beau;;;;BEAU;;;;BEAU
2023-01-11;beau;0.0;9.0;;;beau;beau;;;;BEAU;;;;BEAU
2023-01-12;beau;0.0;12.0;;;beau;beau;;;;BEAU;;;;BEAU
2023-01-13;mitigé;0.0;13.0;;;mitigé;mitigé;;;;INSTABLE;;;;INSTABLE
2023-01-14;beau;0.0;13.0;;;beau;beau;;;;BEAU;;;;BEAU
2023-01-15;pluie/beau;2.0;10.0;;;pluie/beau;pluie;beau;;;PLUIE;BEAU;;;BEAU|PLUIE
2023-01-16;pluie/vent;50.0;6.0;;;pluie/vent;pluie;vent;;;PLUIE;VENT;;;PLUIE|VENT
2023-01-17;pluie/vent;1.0;5.0;;;pluie/vent;pluie;vent;;;PLUIE;VENT;;;PLUIE|VENT
2023-01-18;pluie/éclaircie;5.0;5.0;;;pluie/éclaircie;pluie;éclaircie;;;PLUIE;ECLAIRCIES;;;ECLAIRCIES|PLUIE
2023-01-19;couvert/éclaircie;0.0;5.0;;;couvert/éclaircie;couvert;éclaircie;;;COUVERT;ECLAIRCIES;;;COUVERT|ECLAIRCIES
2023-01-20;pluie/neige/soleil;12.0;5.0;;;pluie/neige/soleil;pluie;neige;soleil;;PLUIE;NEIGE;BEAU;;BEAU|NEIGE|PLUIE
2023-01-21;pluie/neige/soleil/vent;2.0;2.0;;;pluie/neige/soleil/vent;pluie;neige;soleil;vent;PLUIE;NEIGE;BEAU;VENT;BEAU|NEIGE|PLUIE|VENT
2023-01-22;couvert/vent;0.0;0.0;;;couvert/vent;couvert;vent;;;COUVERT;VENT;;;COUVERT|VENT
2023-01-23;;0.0;1.0;;;;;;;;;;;;
2023-01-24;couvert/éclaircie;0.0;2.0;;;couvert/éclaircie;couvert;éclaircie;;;COUVERT;ECLAIRCIES;;;COUVERT|ECLAIRCIES
2023-01-25;couvert;0.0;0.0;;;couvert;couvert;;;;COUVERT;;;;COUVERT
2023-01-26;couvert;0.0;0.0;;;couvert;couvert;;;;COUVERT;;;;COUVERT
2023-01-27;couvert;0.0;0.0;;;couvert;couvert;;;;COUVERT;;;;COUVERT
2023-01-28;couvert;0.0;0.0;;;couvert;couvert;;;;COUVERT;;;;COUVERT
2023-01-29;couvert;0.0;0.0;;;couvert;couvert;;;;COUVERT;;;;COUVERT
2023-01-30;éclaircie;0.0;4.0;;;éclaircie;éclaircie;;;;ECLAIRCIES;;;;ECLAIRCIES
2023-01-31;beau temps;0.0;8.0;;;beau temps;beau temps;;;;BEAU;;;;BEAU
2023-02-01;beau temps;0.0;10.0;;;beau temps;beau temps;;;;BEAU;;;;BEAU
2023-02-02;beau temps;0.0;12.0;;;beau temps;beau temps;;;;BEAU;;;;BEAU
2023-02-03;beau temps;0.0;12.0;;;beau temps;beau temps;;;;BEAU;;;;BEAU
2023-02-04;beau temps;0.0;10.0;;;beau temps;beau temps;;;;BEAU;;;;BEAU
2023-02-05;beau temps;0.0;10.0;;;beau temps;beau temps;;;;BEAU;;;;BEAU
2023-02-06;beau temps;0.0;12.0;;;beau temps;beau temps;;;;BEAU;;;;BEAU
2023-02-07;couvert/vent;0.0;8.0;;;couvert/vent;couvert;vent;;;COUVERT;VENT;;;COUVERT|VENT
2023-02-08;beau/vent;0.0;8.0;;;beau/vent;beau;vent;;;BEAU;VENT;;;BEAU|VENT
2023-02-09;beau;0.0;10.0;;;beau;beau;;;;BEAU;;;;BEAU
2023-02-10;beau;0.0;14.0;;;beau;beau;;;;BEAU;;;;BEAU
2023-02-11;beau;0.0;14.0;;;beau;beau;;;;BEAU;;;;BEAU
2023-02-12;beau;0.0;14.0;;;beau;beau;;;;BEAU;;;;BEAU
2023-02-13;beau;0.0;15.0;;;beau;beau;;;;BEAU;;;;BEAU
2023-02-14;beau;0.0;15.0;;;beau;beau;;;;BEAU;;;;BEAU
2023-02-15;beau;0.0;16.0;;;beau;beau;;;;BEAU;;;;BEAU
2023-02-16;beau;0.0;16.0;;;beau;beau;;;;BEAU;;;;BEAU
2023-02-17;beau;0.0;16.0;;;beau;beau;;;;BEAU;;;;BEAU
2023-02-18;beau;0.0;18.0;;;beau;beau;;;;BEAU;;;;BEAU
2023-02-19;beau;0.0;18.0;;;beau;beau;;;;BEAU;;;;BEAU
2023-02-20;beau;0.0;20.0;;;beau;beau;;;;BEAU;;;;BEAU
2023-02-21;mitigé;0.0;15.0;;;mitigé;mitigé;;;;INSTABLE;;;;INSTABLE
2023-02-22;couvert;0.0;13.0;;;couvert;couvert;;;;COUVERT;;;;COUVERT
2023-02-23;couvert;4.0;11.0;;;couvert;couvert;;;;COUVERT;;;;COUVERT
2023-02-24;beau;2.5;12.0;;;beau;beau;;;;BEAU;;;;BEAU
2023-02-25;couvert;0.0;7.0;;;couvert;couvert;;;;COUVERT;;;;COUVERT
2023-02-26;vent/froid/couvert;0.0;5.0;;;vent/froid/couvert;vent;froid;couvert;;VENT;FROID;COUVERT;;COUVERT|FROID|VENT
2023-02-27;vent/neige/éclaircie;0.0;1.0;;;vent/neige/éclaircie;vent;neige;éclaircie;;VENT;NEIGE;ECLAIRCIES;;ECLAIRCIES|NEIGE|VENT
2023-02-28;éclaircie/vent;0.0;2.0;;;éclaircie/vent;éclaircie;vent;;;ECLAIRCIES;VENT;;;ECLAIRCIES|VENT
2023-03-01;beau;0.0;8.0;;;beau;beau;;;;BEAU;;;;BEAU
2023-03-02;couvert;0.0;7.0;;;couvert;couvert;;;;COUVERT;;;;COUVERT
2023-03-03;couvert;0.0;7.0;;;couvert;couvert;;;;COUVERT;;;;COUVERT
2023-03-04;éclaircie;1.5;10.0;;;éclaircie;éclaircie;;;;ECLAIRCIES;;;;ECLAIRCIES
2023-03-05;éclaircie;0.0;10.0;;;éclaircie;éclaircie;;;;ECLAIRCIES;;;;ECLAIRCIES
2023-03-06;beau;0.0;10.0;;;beau;beau;;;;BEAU;;;;BEAU
2023-03-07;éclaircie/averse;0.0;12.0;;;éclaircie/averse;éclaircie;averse;;;ECLAIRCIES;PLUIE;;;ECLAIRCIES|PLUIE
2023-03-08;voilé;2.0;23.0;;;voilé;voilé;;;;COUVERT;;;;COUVERT
2023-03-09;éclaircies;0.0;20.0;;;éclaircies;éclaircies;;;;ECLAIRCIES;;;;ECLAIRCIES
2023-03-10;mitigé;0.5;18.0;;;mitigé;mitigé;;;;INSTABLE;;;;INSTABLE
2023-03-11;mitigé/vent violent;0.0;15.0;;;mitigé/vent violent;mitigé;vent violent;;;INSTABLE;VENT;;;INSTABLE|VENT
2023-03-12;vent/pluie;0.5;15.0;;;vent/pluie;vent;pluie;;;VENT;PLUIE;;;PLUIE|VENT
2023-03-13;bruine puis très beau;4.0;23.0;;;bruine/très beau;bruine;très beau;;;PLUIE;BEAU;;;BEAU|PLUIE
2023-03-14;beau/orage/tempête;14.0;22.0;;;beau/orage/tempête;beau;orage;tempête;;BEAU;ORAGE;VENT;;BEAU|ORAGE|VENT
2023-03-15;giboulées;2.0;12.0;;;giboulées;giboulées;;;;PLUIE;;;;PLUIE
2023-03-16;pluie/éclaircie;5.0;15.0;;;pluie/éclaircie;pluie;éclaircie;;;PLUIE;ECLAIRCIES;;;ECLAIRCIES|PLUIE
2023-03-17;beau/vent;0.0;19.0;;;beau/vent;beau;vent;;;BEAU;VENT;;;BEAU|VENT
2023-03-18;couvert/beau/vent;0.0;18.0;;;couvert/beau/vent;couvert;beau;vent;;COUVERT;BEAU;VENT;;BEAU|COUVERT|VENT
2023-03-19;beau/pluie;7.0;16.0;;;beau/pluie;beau;pluie;;;BEAU;PLUIE;;;BEAU|PLUIE
2023-03-20;giboulées;1.5;16.0;;;giboulées;giboulées;;;;PLUIE;;;;PLUIE
2023-03-21;beau;0.0;17.0;;;beau;beau;;;;BEAU;;;;BEAU
2023-03-22;beau;0.0;19.0;;;beau;beau;;;;BEAU;;;;BEAU
2023-03-23;beau;0.0;22.0;;;beau;beau;;;;BEAU;;;;BEAU
2023-03-24;beau;0.0;22.0;;;beau;beau;;;;BEAU;;;;BEAU
2023-03-25;beau puis bruine;1.0;17.0;;;beau/bruine;beau;bruine;;;BEAU;PLUIE;;;BEAU|PLUIE
2023-03-26;beau;0.0;19.0;;;beau;beau;;;;BEAU;;;;BEAU
2023-03-27;pluie/éclaircie/vent;8.0;9.0;;;pluie/éclaircie/vent;pluie;éclaircie;vent;;PLUIE;ECLAIRCIES;VENT;;ECLAIRCIES|PLUIE|VENT
2023-03-28;giboulées;5.0;10.0;;;giboulées;giboulées;;;;PLUIE;;;;PLUIE
2023-03-29;beau;0.0;16.0;;;beau;beau;;;;BEAU;;;;BEAU
2023-03-30;beau;0.0;22.0;;;beau;beau;;;;BEAU;;;;BEAU
2023-03-31;beau;0.0;20.0;;;beau;beau;;;;BEAU;;;;BEAU
2023-04-01;couvert/qq gouttes;0.0;12.0;;;couvert/qq gouttes;couvert;qq gouttes;;;COUVERT;PLUIE;;;COUVERT|PLUIE
2023-04-02;couvert/vent/pluie;3.0;12.0;;;couvert/vent/pluie;couvert;vent;pluie;;COUVERT;VENT;PLUIE;;COUVERT|PLUIE|VENT
2023-04-03;pluie;15.0;9.0;;;pluie;pluie;;;;PLUIE;;;;PLUIE
2023-04-04;pluie/éclaircie;3.0;9.0;;;pluie/éclaircie;pluie;éclaircie;;;PLUIE;ECLAIRCIES;;;ECLAIRCIES|PLUIE
2023-04-05;beau;0.0;15.0;;;beau;beau;;;;BEAU;;;;BEAU
2023-04-06;beau;0.0;17.0;;;beau;beau;;;;BEAU;;;;BEAU
2023-04-07;beau;0.0;13.0;;;beau;beau;;;;BEAU;;;;BEAU
2023-04-08;beau;0.0;18.0;;;beau;beau;;;;BEAU;;;;BEAU
2023-04-09;beau;0.0;20.0;;;beau;beau;;;;BEAU;;;;BEAU
2023-04-10;beau;0.0;24.0;;;beau;beau;;;;BEAU;;;;BEAU
2023-04-11;beau;0.0;19.0;;;beau;beau;;;;BEAU;;;;BEAU
2023-04-12;beau;0.0;16.0;;;beau;beau;;;;BEAU;;;;BEAU
2023-04-13;beau/pluie;5.0;17.0;;;beau/pluie;beau;pluie;;;BEAU;PLUIE;;;BEAU|PLUIE
2023-04-14;giboulées;4.0;8.0;;;giboulées;giboulées;;;;PLUIE;;;;PLUIE
2023-04-15;giboulées;3.0;11.0;;;giboulées;giboulées;;;;PLUIE;;;;PLUIE
2023-04-16;giboulées/éclaircies;1.0;13.0;;;giboulées/éclaircies;giboulées;éclaircies;;;PLUIE;ECLAIRCIES;;;ECLAIRCIES|PLUIE
2023-04-17;beau;0.0;16.0;;;beau;beau;;;;BEAU;;;;BEAU
2023-04-18;beau;0.0;16.0;;;beau;beau;;;;BEAU;;;;BEAU
2023-04-19;beau;0.0;17.0;;;beau;beau;;;;BEAU;;;;BEAU
2023-04-20;beau;0.0;22.0;;;beau;beau;;;;BEAU;;;;BEAU
2023-04-21;beau;0.0;22.0;;;beau;beau;;;;BEAU;;;;BEAU
2023-04-22;beau;0.0;22.0;;;beau;beau;;;;BEAU;;;;BEAU
2023-04-23;couvert/bruine;0.0;13.0;;;couvert/bruine;couvert;bruine;;;COUVERT;PLUIE;;;COUVERT|PLUIE
2023-04-24;beau/pluie;7.0;19.0;;;beau/pluie;beau;pluie;;;BEAU;PLUIE;;;BEAU|PLUIE
2023-04-25;beau;0.0;17.0;;;beau;beau;;;;BEAU;;;;BEAU
2023-04-26;pluie;17.0;15.0;;;pluie;pluie;;;;PLUIE;;;;PLUIE
2023-04-27;couvert;2.0;18.0;;;couvert;couvert;;;;COUVERT;;;;COUVERT
2023-04-28;voilé/beau;0.0;23.0;;;voilé/beau;voilé;beau;;;COUVERT;BEAU;;;BEAU|COUVERT
2023-04-29;voilé;0.0;24.0;;;voilé;voilé;;;;COUVERT;;;;COUVERT
2023-04-30;couvert/pluie;0.0;17.0;;;couvert/pluie;couvert;pluie;;;COUVERT;PLUIE;;;COUVERT|PLUIE
2023-05-01;giboulées;36.0;18.0;;;giboulées;giboulées;;;;PLUIE;;;;PLUIE
2023-05-02;giboulées/éclaircies;2.0;18.0;;;giboulées/éclaircies;giboulées;éclaircies;;;PLUIE;ECLAIRCIES;;;ECLAIRCIES|PLUIE
2023-05-03;beau;0.0;20.0;;;beau;beau;;;;BEAU;;;;BEAU
2023-05-04;beau;0.0;25.0;;;beau;beau;;;;BEAU;;;;BEAU
2023-05-05;beau;0.0;25.0;;;beau;beau;;;;BEAU;;;;BEAU
2023-05-06;beau;0.0;23.0;;;beau;beau;;;;BEAU;;;;BEAU
2023-05-07;beau/orage;0.0;24.0;;;beau/orage;beau;orage;;;BEAU;ORAGE;;;BEAU|ORAGE
2023-05-08;averses;8.0;17.0;;;averses;averses;;;;PLUIE;;;;PLUIE
2023-05-09;beau;0.0;22.0;;;beau;beau;;;;BEAU;;;;BEAU
2023-05-10;couvert/pluie;15.0;15.0;;;couvert/pluie;couvert;pluie;;;COUVERT;PLUIE;;;COUVERT|PLUIE
2023-05-11;pluie/giboulées;2.0;16.0;;;pluie/giboulées;pluie;giboulées;;;PLUIE;PLUIE;;;PLUIE|PLUIE
2023-05-12;éclaircies;0.0;15.0;;;éclaircies;éclaircies;;;;ECLAIRCIES;;;;ECLAIRCIES
2023-05-13;pluie/éclaircies;6.0;17.0;;;pluie/éclaircies;pluie;éclaircies;;;PLUIE;ECLAIRCIES;;;ECLAIRCIES|PLUIE
2023-05-14;giboulées;15.0;13.0;;;giboulées;giboulées;;;;PLUIE;;;;PLUIE
2023-05-15;averses, éclaircies;10.0;15.0;;;averses/éclaircies;averses;éclaircies;;;PLUIE;ECLAIRCIES;;;ECLAIRCIES|PLUIE
2023-05-16;averses;6.0;11.0;;;averses;averses;;;;PLUIE;;;;PLUIE
2023-05-17;pluie/éclaircie;2.0;13.0;;;pluie/éclaircie;pluie;éclaircie;;;PLUIE;ECLAIRCIES;;;ECLAIRCIES|PLUIE
2023-05-18;beau;0.0;18.0;;;beau;beau;;;;BEAU;;;;BEAU
2023-05-19;couvert;0.0;14.0;;;couvert;couvert;;;;COUVERT;;;;COUVERT
2023-05-20;pluie/couvert;4.0;10.0;;;pluie/couvert;pluie;couvert;;;PLUIE;COUVERT;;;COUVERT|PLUIE
2023-05-21;éclaircies/beau;0.0;15.0;;;éclaircies/beau;éclaircies;beau;;;ECLAIRCIES;BEAU;;;BEAU|ECLAIRCIES
2023-05-22;couvert/beau;0.0;16.0;;;couvert/beau;couvert;beau;;;COUVERT;BEAU;;;BEAU|COUVERT
2023-05-23;pluie/éclaircies;4.0;18.0;;;pluie/éclaircies;pluie;éclaircies;;;PLUIE;ECLAIRCIES;;;ECLAIRCIES|PLUIE
2023-05-24;temps lourd/orages;6.0;22.0;;;temps lourd/orages;temps lourd;orages;;;CHAUD;ORAGE;;;CHAUD|ORAGE
2023-05-25;lourd/orages;25.0;20.0;;;lourd/orages;lourd;orages;;;CHAUD;ORAGE;;;CHAUD|ORAGE
2023-05-26;couvert/pluie;6.0;17.0;;;couvert/pluie;couvert;pluie;;;COUVERT;PLUIE;;;COUVERT|PLUIE
2023-05-27;beau;0.0;23.0;;;beau;beau;;;;BEAU;;;;BEAU
2023-05-28;beau;0.0;27.0;;;beau;beau;;;;BEAU;;;;BEAU
2023-05-29;beau;0.0;27.0;;;beau;beau;;;;BEAU;;;;BEAU
2023-05-30;beau/orage fort;24.0;27.0;;;beau/orage fort;beau;orage fort;;;BEAU;ORAGE;;;BEAU|ORAGE
2023-05-31;éclaircies;0.0;26.0;;;éclaircies;éclaircies;;;;ECLAIRCIES;;;;ECLAIRCIES
2023-06-01;beau/pluie;5.0;24.0;;;beau/pluie;beau;pluie;;;BEAU;PLUIE;;;BEAU|PLUIE
2023-06-02;pluie/éclaircies;1.0;22.0;;;pluie/éclaircies;pluie;éclaircies;;;PLUIE;ECLAIRCIES;;;ECLAIRCIES|PLUIE
2023-06-03;beau;0.0;23.0;;;beau;beau;;;;BEAU;;;;BEAU
2023-06-04;beau/orage;2.0;25.0;;;beau/orage;beau;orage;;;BEAU;ORAGE;;;BEAU|ORAGE
2023-06-05;beau;0.0;26.0;;;beau;beau;;;;BEAU;;;;BEAU
2023-06-06;beau/pluie;5.0;25.0;;;beau/pluie;beau;pluie;;;BEAU;PLUIE;;;BEAU|PLUIE
2023-06-07;beau;0.0;26.0;;;beau;beau;;;;BEAU;;;;BEAU
2023-06-08;beau;0.0;27.0;;;beau;beau;;;;BEAU;;;;BEAU
2023-06-09;beau/orageux;0.0;27.0;;;beau/orageux;beau;orageux;;;BEAU;ORAGE;;;BEAU|ORAGE
2023-06-10;couvert/orage;3.0;26.0;;;couvert/orage;couvert;orage;;;COUVERT;ORAGE;;;COUVERT|ORAGE
2023-06-11;beau/orageux;0.0;27.0;;;beau/orageux;beau;orageux;;;BEAU;ORAGE;;;BEAU|ORAGE
2023-06-12;beau/orage;1.0;25.0;;;beau/orage;beau;orage;;;BEAU;ORAGE;;;BEAU|ORAGE
2023-06-13;couvert/orage;31.0;27.0;;;couvert/orage;couvert;orage;;;COUVERT;ORAGE;;;COUVERT|ORAGE
2023-06-14;beau/orage;23.0;24.0;;;beau/orage;beau;orage;;;BEAU;ORAGE;;;BEAU|ORAGE
2023-06-15;pluie/éclaircie;3.0;21.0;;;pluie/éclaircie;pluie;éclaircie;;;PLUIE;ECLAIRCIES;;;ECLAIRCIES|PLUIE
2023-06-16;couvert/beau;0.0;25.0;;;couvert/beau;couvert;beau;;;COUVERT;BEAU;;;BEAU|COUVERT
2023-06-17;beau;0.0;26.0;;;beau;beau;;;;BEAU;;;;BEAU
2023-06-18;beau/orage;11.0;30.0;;;beau/orage;beau;orage;;;BEAU;ORAGE;;;BEAU|ORAGE
2023-06-19;mitigé/;0.0;27.0;;;mitigé/;mitigé;;;;INSTABLE;;;;INSTABLE
2023-06-20;couvert/beau;0.0;22.0;;;couvert/beau;couvert;beau;;;COUVERT;BEAU;;;BEAU|COUVERT
2023-06-21;lourd;0.0;25.0;;;lourd;lourd;;;;CHAUD;;;;CHAUD
2023-06-22;orage;7.0;20.0;;;orage;orage;;;;ORAGE;;;;ORAGE
2023-06-23;pluie/éclaircies;6.0;23.0;;;pluie/éclaircies;pluie;éclaircies;;;PLUIE;ECLAIRCIES;;;ECLAIRCIES|PLUIE
2023-06-24;beau;0.0;28.0;;;beau;beau;;;;BEAU;;;;BEAU
2023-06-25;beau;0.0;28.0;;;beau;beau;;;;BEAU;;;;BEAU
2023-06-26;beau;0.0;32.0;;;beau;beau;;;;BEAU;;;;BEAU
2023-06-27;couvert;0.0;21.0;;;couvert;couvert;;;;COUVERT;;;;COUVERT
2023-06-28;nuageux;0.0;27.0;;;nuageux;nuageux;;;;COUVERT;;;;COUVERT
2023-06-29;beau;0.0;26.0;;;beau;beau;;;;BEAU;;;;BEAU
2023-06-30;nuageux/orage;13.0;24.0;;;nuageux/orage;nuageux;orage;;;COUVERT;ORAGE;;;COUVERT|ORAGE
2023-07-01;pluie/couvert/vent;3.0;19.0;;;pluie/couvert/vent;pluie;couvert;vent;;PLUIE;COUVERT;VENT;;COUVERT|PLUIE|VENT
2023-07-02;couvert/vent;0.0;22.0;;;couvert/vent;couvert;vent;;;COUVERT;VENT;;;COUVERT|VENT
2023-07-03;éclaircies;0.0;25.0;;;éclaircies;éclaircies;;;;ECLAIRCIES;;;;ECLAIRCIES
2023-07-04;couvert/éclaircies;0.0;27.0;;;couvert/éclaircies;couvert;éclaircies;;;COUVERT;ECLAIRCIES;;;COUVERT|ECLAIRCIES
2023-07-05;lourd/orages;1.0;26.0;;;lourd/orages;lourd;orages;;;CHAUD;ORAGE;;;CHAUD|ORAGE
2023-07-06;éclaircies;0.0;27.0;;;éclaircies;éclaircies;;;;ECLAIRCIES;;;;ECLAIRCIES
2023-07-07;beau/lourd/orageux;0.0;27.0;;;beau/lourd/orageux;beau;lourd;orageux;;BEAU;CHAUD;ORAGE;;BEAU|CHAUD|ORAGE
2023-07-08;beau/orages;6.0;33.0;;;beau/orages;beau;orages;;;BEAU;ORAGE;;;BEAU|ORAGE
2023-07-09;beau;0.0;32.0;;;beau;beau;;;;BEAU;;;;BEAU
2023-07-10;couvert/lourd;0.0;28.0;;;couvert/lourd;couvert;lourd;;;COUVERT;CHAUD;;;CHAUD|COUVERT
2023-07-11;beau;0.0;31.0;;;beau;beau;;;;BEAU;;;;BEAU
2023-07-12;beau/orageux;1.0;28.0;;;beau/orageux;beau;orageux;;;BEAU;ORAGE;;;BEAU|ORAGE
2023-07-13;pluie/couvert;1.0;21.0;;;pluie/couvert;pluie;couvert;;;PLUIE;COUVERT;;;COUVERT|PLUIE
2023-07-14;bruine/couvert;0.0;23.0;;;bruine/couvert;bruine;couvert;;;PLUIE;COUVERT;;;COUVERT|PLUIE
2023-07-15;beau;0.0;31.0;;;beau;beau;;;;BEAU;;;;BEAU
2023-07-16;beau/averses;3.0;30.0;;;beau/averses;beau;averses;;;BEAU;PLUIE;;;BEAU|PLUIE
2023-07-17;mitigé/beau;0.0;27.0;;;mitigé/beau;mitigé;beau;;;INSTABLE;BEAU;;;BEAU|INSTABLE
2023-07-18;beau;0.0;27.0;;;beau;beau;;;;BEAU;;;;BEAU
2023-07-19;beau;0.0;33.0;;;beau;beau;;;;BEAU;;;;BEAU
2023-07-20;orage/couvert;2.0;24.0;;;orage/couvert;orage;couvert;;;ORAGE;COUVERT;;;COUVERT|ORAGE
2023-07-21;beau;0.0;27.0;;;beau;beau;;;;BEAU;;;;BEAU
2023-07-22;couvert/bruine;0.0;19.0;;;couvert/bruine;couvert;bruine;;;COUVERT;PLUIE;;;COUVERT|PLUIE
2023-07-23;soleil et qq nuages;0.0;29.0;;;soleil/qq nuages;soleil;qq nuages;;;BEAU;PASSAGES NUAGEUX;;;BEAU|PASSAGES NUAGEUX
2023-07-24;beau;0.0;30.0;;;beau;beau;;;;BEAU;;;;BEAU
2023-07-25;couvert/pluie;3.0;21.0;;;couvert/pluie;couvert;pluie;;;COUVERT;PLUIE;;;COUVERT|PLUIE
2023-07-26;pluie/couvert/vent;3.0;15.0;;;pluie/couvert/vent;pluie;couvert;vent;;PLUIE;COUVERT;VENT;;COUVERT|PLUIE|VENT
2023-07-27;beau;0.0;28.0;;;beau;beau;;;;BEAU;;;;BEAU
2023-07-28;beau/orages;16.0;30.0;;;beau/orages;beau;orages;;;BEAU;ORAGE;;;BEAU|ORAGE
2023-07-29;beau;0.0;29.0;;;beau;beau;;;;BEAU;;;;BEAU
2023-07-30;beau/orage;0.0;31.0;;;beau/orage;beau;orage;;;BEAU;ORAGE;;;BEAU|ORAGE
2023-07-31;pluie/couvert;12.0;22.0;;;pluie/couvert;pluie;couvert;;;PLUIE;COUVERT;;;COUVERT|PLUIE
2023-08-01;beau;0.0;27.0;;;beau;beau;;;;BEAU;;;;BEAU
2023-08-02;couvert/vent;0.0;24.0;;;couvert/vent;couvert;vent;;;COUVERT;VENT;;;COUVERT|VENT
2023-08-03;beau/couvert/pluie;3.0;28.0;;;beau/couvert/pluie;beau;couvert;pluie;;BEAU;COUVERT;PLUIE;;BEAU|COUVERT|PLUIE
2023-08-04;bruine/éclaircies;0.0;17.0;;;bruine/éclaircies;bruine;éclaircies;;;PLUIE;ECLAIRCIES;;;ECLAIRCIES|PLUIE
2023-08-05;giboulées;13.0;18.0;;;giboulées;giboulées;;;;PLUIE;;;;PLUIE
2023-08-06;éclaircies;0.0;22.0;;;éclaircies;éclaircies;;;;ECLAIRCIES;;;;ECLAIRCIES
2023-08-07;bruine/éclaircies/vent;1.0;23.0;;;bruine/éclaircies/vent;bruine;éclaircies;vent;;PLUIE;ECLAIRCIES;VENT;;ECLAIRCIES|PLUIE|VENT
2023-08-08;beau;0.0;23.0;;;beau;beau;;;;BEAU;;;;BEAU
2023-08-09;beau;0.0;28.0;;;beau;beau;;;;BEAU;;;;BEAU
2023-08-10;beau;0.0;30.0;;;beau;beau;;;;BEAU;;;;BEAU
2023-08-11;beau;0.0;30.0;;;beau;beau;;;;BEAU;;;;BEAU
2023-08-12;brumeux/beau;0.0;33.0;;;brumeux/beau;brumeux;beau;;;COUVERT;BEAU;;;BEAU|COUVERT
2023-08-13;beau;0.0;32.0;;;beau;beau;;;;BEAU;;;;BEAU
2023-08-14;voilé;0.0;30.0;;;voilé;voilé;;;;COUVERT;;;;COUVERT
2023-08-15;beau/vent;0.0;32.0;;;beau/vent;beau;vent;;;BEAU;VENT;;;BEAU|VENT
2023-08-16;pluie fine/couvert;0.5;26.0;;;pluie fine/couvert;pluie fine;couvert;;;PLUIE;COUVERT;;;COUVERT|PLUIE
2023-08-17;couvert;0.0;25.0;;;couvert;couvert;;;;COUVERT;;;;COUVERT
2023-08-18;bruine le matin;0.0;32.0;;;bruine/mitigé;bruine;mitigé;;;PLUIE;INSTABLE;;;INSTABLE|PLUIE
2023-08-19;voilé/vent;0.0;32.0;;;voilé/vent;voilé;vent;;;COUVERT;VENT;;;COUVERT|VENT
2023-08-20;vigilance canicule;0.0;34.0;;;vigilance canicule;vigilance canicule;;;;CANICULE;;;;CANICULE
2023-08-21;canicule;0.0;37.0;;;canicule;canicule;;;;CANICULE;;;;CANICULE
2023-08-22;canicule;0.0;34.0;;;canicule;canicule;;;;CANICULE;;;;CANICULE
2023-08-23;canicule;0.0;36.0;;;canicule;canicule;;;;CANICULE;;;;CANICULE
2023-08-24;canicule;0.0;40.0;;;canicule;canicule;;;;CANICULE;;;;CANICULE
2023-08-25;canicule;0.0;40.5;;;canicule;canicule;;;;CANICULE;;;;CANICULE
2023-08-26;pluie/couvert;3.0;23.0;;;pluie/couvert;pluie;couvert;;;PLUIE;COUVERT;;;COUVERT|PLUIE
2023-08-27;pluie;8.0;19.0;;;pluie;pluie;;;;PLUIE;;;;PLUIE
2023-08-28;pluie/éclaircies;37.0;16.0;;;pluie/éclaircies;pluie;éclaircies;;;PLUIE;ECLAIRCIES;;;ECLAIRCIES|PLUIE
2023-08-29;pluie/éclaircies;5.0;17.0;;;pluie/éclaircies;pluie;éclaircies;;;PLUIE;ECLAIRCIES;;;ECLAIRCIES|PLUIE
2023-08-30;éclaircies/vent;0.0;20.0;;;éclaircies/vent;éclaircies;vent;;;ECLAIRCIES;VENT;;;ECLAIRCIES|VENT
2023-08-31;éclaircies/averses;1.0;22.0;;;éclaircies/averses;éclaircies;averses;;;ECLAIRCIES;PLUIE;;;ECLAIRCIES|PLUIE
2023-09-01;beau;0.0;28.0;;;beau;beau;;;;BEAU;;;;BEAU
2023-09-02;beau;0.0;31.0;;;beau;beau;;;;BEAU;;;;BEAU
2023-09-03;couvert;0.0;22.0;;;couvert;couvert;;;;COUVERT;;;;COUVERT
2023-09-04;beau/voilé;0.0;26.0;;;beau/voilé;beau;voilé;;;BEAU;COUVERT;;;BEAU|COUVERT
2023-09-05;voilé/vent;0.0;28.0;;;voilé/vent;voilé;vent;;;COUVERT;VENT;;;COUVERT|VENT
2023-09-06;voilé;0.0;29.0;;;voilé;voilé;;;;COUVERT;;;;COUVERT
2023-09-07;voilé;0.0;27.0;;;voilé;voilé;;;;COUVERT;;;;COUVERT
2023-09-08;beau;0.0;30.0;;;beau;beau;;;;BEAU;;;;BEAU
2023-09-09;beau;0.0;29.0;;;beau;beau;;;;BEAU;;;;BEAU
2023-09-10;beau;0.0;30.0;;;beau;beau;;;;BEAU;;;;BEAU
2023-09-11;beau;0.0;30.0;;;beau;beau;;;;BEAU;;;;BEAU
2023-09-12;couvert/éclaircies;0.0;30.0;;;couvert/éclaircies;couvert;éclaircies;;;COUVERT;ECLAIRCIES;;;COUVERT|ECLAIRCIES
2023-09-13;mitigé/orages;22.0;24.0;;;mitigé/orages;mitigé;orages;;;INSTABLE;ORAGE;;;INSTABLE|ORAGE
2023-09-14;éclaircies;0.0;25.0;;;éclaircies;éclaircies;;;;ECLAIRCIES;;;;ECLAIRCIES
2023-09-15;beau;0.0;28.0;;;beau;beau;;;;BEAU;;;;BEAU
2023-09-16;beau/orageux/pluie;3.0;28.0;;;beau/orageux/pluie;beau;orageux;pluie;;BEAU;ORAGE;PLUIE;;BEAU|ORAGE|PLUIE
2023-09-17;beau;0.0;28.0;;;beau;beau;;;;BEAU;;;;BEAU
2023-09-18;beau/orages;3.0;25.0;;;beau/orages;beau;orages;;;BEAU;ORAGE;;;BEAU|ORAGE
2023-09-19;beau/orages;6.0;26.0;;;beau/orages;beau;orages;;;BEAU;ORAGE;;;BEAU|ORAGE
2023-09-20;beau;0.0;25.0;;;beau;beau;;;;BEAU;;;;BEAU
2023-09-21;couvert/beau;0.0;27.0;;;couvert/beau;couvert;beau;;;COUVERT;BEAU;;;BEAU|COUVERT
2023-09-22;couvert/pluie;9.0;20.0;;;couvert/pluie;couvert;pluie;;;COUVERT;PLUIE;;;COUVERT|PLUIE
2023-09-23;éclaircies/vent;0.0;20.0;;;éclaircies/vent;éclaircies;vent;;;ECLAIRCIES;VENT;;;ECLAIRCIES|VENT
2023-09-24;éclaircies;0.0;23.0;;;éclaircies;éclaircies;;;;ECLAIRCIES;;;;ECLAIRCIES
2023-09-25;beau;0.0;24.0;;;beau;beau;;;;BEAU;;;;BEAU
2023-09-26;beau;0.0;27.0;;;beau;beau;;;;BEAU;;;;BEAU
2023-09-27;beau;0.0;28.0;;;beau;beau;;;;BEAU;;;;BEAU
2023-09-28;beau;0.0;30.0;;;beau;beau;;;;BEAU;;;;BEAU
2023-09-29;beau;0.0;31.0;;;beau;beau;;;;BEAU;;;;BEAU
2023-09-30;beau;0.0;30.0;;;beau;beau;;;;BEAU;;;;BEAU
2023-10-01;beau;0.0;30.0;;;beau;beau;;;;BEAU;;;;BEAU
2023-10-02;beau;0.0;32.0;;;beau;beau;;;;BEAU;;;;BEAU
2023-10-03;beau/vent;0.0;31.0;;;beau/vent;beau;vent;;;BEAU;VENT;;;BEAU|VENT
2023-10-04;couvert;0.0;22.0;;;couvert;couvert;;;;COUVERT;;;;COUVERT
2023-10-05;nuageux;0.0;28.0;;;nuageux;nuageux;;;;COUVERT;;;;COUVERT
2023-10-06;beau;0.0;28.0;;;beau;beau;;;;BEAU;;;;BEAU
2023-10-07;beau;0.0;28.0;;;beau;beau;;;;BEAU;;;;BEAU
2023-10-08;beau;0.0;30.0;;;beau;beau;;;;BEAU;;;;BEAU
2023-10-09;beau;0.0;29.0;;;beau;beau;;;;BEAU;;;;BEAU
2023-10-10;beau;0.0;29.0;;;beau;beau;;;;BEAU;;;;BEAU
2023-10-11;beau;0.0;30.0;;;beau;beau;;;;BEAU;;;;BEAU
2023-10-12;beau;0.0;31.0;;;beau;beau;;;;BEAU;;;;BEAU
2023-10-13;beau;0.0;30.0;;;beau;beau;;;;BEAU;;;;BEAU
2023-10-14;beau;0.0;29.0;;;beau;beau;;;;BEAU;;;;BEAU
2023-10-15;couvert/pluie;5.0;24.0;;;couvert/pluie;couvert;pluie;;;COUVERT;PLUIE;;;COUVERT|PLUIE
2023-10-16;éclaircies;0.0;19.0;;;éclaircies;éclaircies;;;;ECLAIRCIES;;;;ECLAIRCIES
2023-10-17;éclaircies;0.0;19.0;;;éclaircies;éclaircies;;;;ECLAIRCIES;;;;ECLAIRCIES
2023-10-18;beau/vent;0.0;26.0;;;beau/vent;beau;vent;;;BEAU;VENT;;;BEAU|VENT
2023-10-19;couvert/pluie;3.0;26.0;;;couvert/pluie;couvert;pluie;;;COUVERT;PLUIE;;;COUVERT|PLUIE
2023-10-20;couvert/pluie;13.0;25.0;;;couvert/pluie;couvert;pluie;;;COUVERT;PLUIE;;;COUVERT|PLUIE
2023-10-21;éclaircies/pluie;3.0;20.0;;;éclaircies/pluie;éclaircies;pluie;;;ECLAIRCIES;PLUIE;;;ECLAIRCIES|PLUIE
2023-10-22;beau;0.0;19.0;;;beau;beau;;;;BEAU;;;;BEAU
2023-10-23;maussade;0.0;15.0;;;maussade;maussade;;;;COUVERT;;;;COUVERT
2023-10-24;éclaircies;0.0;20.0;;;éclaircies;éclaircies;;;;ECLAIRCIES;;;;ECLAIRCIES
2023-10-25;pluie/éclaircies;0.0;20.0;;;pluie/éclaircies;pluie;éclaircies;;;PLUIE;ECLAIRCIES;;;ECLAIRCIES|PLUIE
2023-10-26;couvert/pluie;1.0;18.0;;;couvert/pluie;couvert;pluie;;;COUVERT;PLUIE;;;COUVERT|PLUIE
2023-10-27;couvert/pluie;8.0;15.0;;;couvert/pluie;couvert;pluie;;;COUVERT;PLUIE;;;COUVERT|PLUIE
2023-10-28;beau;0.0;18.0;;;beau;beau;;;;BEAU;;;;BEAU
2023-10-29;beau;0.0;19.0;;;beau;beau;;;;BEAU;;;;BEAU
2023-10-30;couvert;0.0;17.0;;;couvert;couvert;;;;COUVERT;;;;COUVERT
2023-10-31;couvert/pluie;9.0;15.0;;;couvert/pluie;couvert;pluie;;;COUVERT;PLUIE;;;COUVERT|PLUIE
2023-11-01;beau;0.0;19.0;;;beau;beau;;;;BEAU;;;;BEAU
2023-11-02;éclaircies/pluie;5.0;19.0;;;éclaircies/pluie;éclaircies;pluie;;;ECLAIRCIES;PLUIE;;;ECLAIRCIES|PLUIE
2023-11-03;pluie;17.0;13.0;;;pluie;pluie;;;;PLUIE;;;;PLUIE
2023-11-04;pluie;5.0;10.0;;;pluie;pluie;;;;PLUIE;;;;PLUIE
2023-11-05;pluie/éclaircies;6.0;13.0;;;pluie/éclaircies;pluie;éclaircies;;;PLUIE;ECLAIRCIES;;;ECLAIRCIES|PLUIE
2023-11-06;beau;0.0;19.0;;;beau;beau;;;;BEAU;;;;BEAU
2023-11-07;averses/pluie;8.0;12.0;;;averses/pluie;averses;pluie;;;PLUIE;PLUIE;;;PLUIE|PLUIE
2023-11-08;beau;0.0;17.0;;;beau;beau;;;;BEAU;;;;BEAU
2023-11-09;beau;0.0;19.0;;;beau;beau;;;;BEAU;;;;BEAU
2023-11-10;pluie/beau;6.0;13.0;;;pluie/beau;pluie;beau;;;PLUIE;BEAU;;;BEAU|PLUIE
2023-11-11;pluie/éclaircies;7.0;11.0;;;pluie/éclaircies;pluie;éclaircies;;;PLUIE;ECLAIRCIES;;;ECLAIRCIES|PLUIE
2023-11-12;pluie;0.0;12.0;;;pluie;pluie;;;;PLUIE;;;;PLUIE
2023-11-13;couvert/éclaircies;0.0;17.0;;;couvert/éclaircies;couvert;éclaircies;;;COUVERT;ECLAIRCIES;;;COUVERT|ECLAIRCIES
2023-11-14;beau;0.0;24.0;;;beau;beau;;;;BEAU;;;;BEAU
2023-11-15;beau/pluie;5.0;24.0;;;beau/pluie;beau;pluie;;;BEAU;PLUIE;;;BEAU|PLUIE
2023-11-16;pluie/éclaircies;5.0;16.0;;;pluie/éclaircies;pluie;éclaircies;;;PLUIE;ECLAIRCIES;;;ECLAIRCIES|PLUIE
2023-11-17;couvert/pluie;2.0;16.0;;;couvert/pluie;couvert;pluie;;;COUVERT;PLUIE;;;COUVERT|PLUIE
2023-11-18;éclaircies;0.0;15.0;;;éclaircies;éclaircies;;;;ECLAIRCIES;;;;ECLAIRCIES
2023-11-19;beau;0.0;20.0;;;beau;beau;;;;BEAU;;;;BEAU
2023-11-20;beau;0.0;21.0;;;beau;beau;;;;BEAU;;;;BEAU
2023-11-21;couvert/pluie;9.0;14.0;;;couvert/pluie;couvert;pluie;;;COUVERT;PLUIE;;;COUVERT|PLUIE
2023-11-22;pluie;10.0;9.0;;;pluie;pluie;;;;PLUIE;;;;PLUIE
2023-11-23;pluie/éclaircies/vent;3.0;9.0;;;pluie/éclaircies/vent;pluie;éclaircies;vent;;PLUIE;ECLAIRCIES;VENT;;ECLAIRCIES|PLUIE|VENT
2023-11-24;beau/vent;0.0;11.0;;;beau/vent;beau;vent;;;BEAU;VENT;;;BEAU|VENT
2023-11-25;gris/vent;0.0;7.0;;;gris/vent;gris;vent;;;COUVERT;VENT;;;COUVERT|VENT
2023-11-26;gris ;0.0;9.0;;;gris;gris;;;;COUVERT;;;;COUVERT
2023-11-27;beau;0.0;12.0;;;beau;beau;;;;BEAU;;;;BEAU
2023-11-28;éclaircies/pluie/vent;27.0;13.0;;;éclaircies/pluie/vent;éclaircies;pluie;vent;;ECLAIRCIES;PLUIE;VENT;;ECLAIRCIES|PLUIE|VENT
2023-11-29;éclaircies;0.0;9.0;;;éclaircies;éclaircies;;;;ECLAIRCIES;;;;ECLAIRCIES
2023-11-30;éclaircies;0.0;16.0;;;éclaircies;éclaircies;;;;ECLAIRCIES;;;;ECLAIRCIES
2023-12-01;bruine/pluie;6.0;11.0;;;bruine/pluie;bruine;pluie;;;PLUIE;PLUIE;;;PLUIE|PLUIE
2023-12-02;pluie;14.0;8.0;;;pluie;pluie;;;;PLUIE;;;;PLUIE
2023-12-03;pluie/éclaircies;2.0;6.0;;;pluie/éclaircies;pluie;éclaircies;;;PLUIE;ECLAIRCIES;;;ECLAIRCIES|PLUIE
2023-12-04;beau;0.0;11.0;;;beau;beau;;;;BEAU;;;;BEAU
2023-12-05;éclaircies/pluie;0.5;12.0;;;éclaircies/pluie;éclaircies;pluie;;;ECLAIRCIES;PLUIE;;;ECLAIRCIES|PLUIE
2023-12-06;éclaircies/vent;0.0;9.0;;;éclaircies/vent;éclaircies;vent;;;ECLAIRCIES;VENT;;;ECLAIRCIES|VENT
2023-12-07;beau;0.0;10.0;;;beau;beau;;;;BEAU;;;;BEAU
2023-12-08;beau;0.0;14.0;;;beau;beau;;;;BEAU;;;;BEAU
2023-12-09;pluie/vent;18.0;9.0;;;pluie/vent;pluie;vent;;;PLUIE;VENT;;;PLUIE|VENT
2023-12-10;pluie/éclaircies;1.0;14.0;;;pluie/éclaircies;pluie;éclaircies;;;PLUIE;ECLAIRCIES;;;ECLAIRCIES|PLUIE
2023-12-11;beau/couvert;0.0;18.0;;;beau/couvert;beau;couvert;;;BEAU;COUVERT;;;BEAU|COUVERT
2023-12-12;beau;0.0;19.0;;;beau;beau;;;;BEAU;;;;BEAU
2023-12-13;voilé/pluie;3.0;16.0;;;voilé/pluie;voilé;pluie;;;COUVERT;PLUIE;;;COUVERT|PLUIE
2023-12-14;averses/pluie/vent;20.0;10.0;;;averses/pluie/vent;averses;pluie;vent;;PLUIE;PLUIE;VENT;;PLUIE|PLUIE|VENT
2023-12-15;averses/éclaircies/vent;1.0;10.0;;;averses/éclaircies/vent;averses;éclaircies;vent;;PLUIE;ECLAIRCIES;VENT;;ECLAIRCIES|PLUIE|VENT
2023-12-16;bruine;1.0;9.0;;;bruine;bruine;;;;PLUIE;;;;PLUIE
2023-12-17;beau;0.0;13.0;;;beau;beau;;;;BEAU;;;;BEAU
2023-12-18;beau;0.0;15.0;;;beau;beau;;;;BEAU;;;;BEAU
2023-12-19;beau;0.0;16.0;;;beau;beau;;;;BEAU;;;;BEAU
2023-12-20;gris;0.0;4.0;;;gris;gris;;;;COUVERT;;;;COUVERT
2023-12-21;pluie/éclaircies/vent;11.0;8.0;;;pluie/éclaircies/vent;pluie;éclaircies;vent;;PLUIE;ECLAIRCIES;VENT;;ECLAIRCIES|PLUIE|VENT
2023-12-22;vent/bruine;0.0;11.0;;;vent/bruine;vent;bruine;;;VENT;PLUIE;;;PLUIE|VENT
2023-12-23;gris/vent/éclaircies/pluie;1.0;12.0;;;gris/vent/éclaircies/pluie;gris;vent;éclaircies;pluie;COUVERT;VENT;ECLAIRCIES;PLUIE;COUVERT|ECLAIRCIES|PLUIE|VENT
2023-12-24;éclaircies;0.0;12.0;;;éclaircies;éclaircies;;;;ECLAIRCIES;;;;ECLAIRCIES
2023-12-25;beau;0.0;13.0;;;beau;beau;;;;BEAU;;;;BEAU
2023-12-26;beau;0.0;12.0;;;beau;beau;;;;BEAU;;;;BEAU
2023-12-27;beau;0.0;15.0;;;beau;beau;;;;BEAU;;;;BEAU
2023-12-28;beau;0.0;17.0;;;beau;beau;;;;BEAU;;;;BEAU
2023-12-29;gris;0.0;10.0;;;gris;gris;;;;COUVERT;;;;COUVERT
2023-12-30;gris/éclaircies;0.0;9.0;;;gris/éclaircies;gris;éclaircies;;;COUVERT;ECLAIRCIES;;;COUVERT|ECLAIRCIES
2023-12-31;beau;0.0;17.0;;;beau;beau;;;;BEAU;;;;BEAU
2024-01-01;beau;0.0;15.0;0.38;58.66;beau;beau;;;;BEAU;;;;BEAU
2024-01-02;éclaircies;0.0;13.0;0.44;56.2;éclaircies;éclaircies;;;;ECLAIRCIES;;;;ECLAIRCIES
2024-01-03;gris/pluie;1.0;12.0;0.61;54.54;gris/pluie;gris;pluie;;;COUVERT;PLUIE;;;COUVERT|PLUIE
2024-01-04;beau;0.0;14.0;0.42;57.46;beau;beau;;;;BEAU;;;;BEAU
2024-01-05;pluie;12.0;6.0;0.78;44.64;pluie;pluie;;;;PLUIE;;;;PLUIE
2024-01-06;pluie;10.0;5.0;0.82;42.68;pluie;pluie;;;;PLUIE;;;;PLUIE
2024-01-07;gris;0.0;3.0;0.6;41.93;gris;gris;;;;COUVERT;;;;COUVERT
2024-01-08;gris;0.0;4.0;0.59;43.44;gris;gris;;;;COUVERT;;;;COUVERT
2024-01-09;beau;0.0;4.0;0.58;43.54;beau;beau;;;;BEAU;;;;BEAU
2024-01-10;gris;0.0;3.0;0.71;40.69;gris;gris;;;;COUVERT;;;;COUVERT
2024-01-11;pluie/neige/éclaircies;4.0;4.0;0.7;42.3;pluie/neige/éclaircies;pluie;neige;éclaircies;;PLUIE;NEIGE;ECLAIRCIES;;ECLAIRCIES|NEIGE|PLUIE
2024-01-12;beau;0.0;6.0;0.53;46.73;beau;beau;;;;BEAU;;;;BEAU
2024-01-13;beau;0.0;11.0;0.47;53.61;beau;beau;;;;BEAU;;;;BEAU
2024-01-14;voilé/pluie;6.0;15.0;0.45;58.7;voilé/pluie;voilé;pluie;;;COUVERT;PLUIE;;;COUVERT|PLUIE
2024-01-15;pluie;10.0;12.0;0.85;53.96;pluie;pluie;;;;PLUIE;;;;PLUIE
2024-01-16;voilé;0.0;15.0;0.53;58.74;voilé;voilé;;;;COUVERT;;;;COUVERT
2024-01-17;gris;0.0;10.0;0.76;51.06;gris;gris;;;;COUVERT;;;;COUVERT
2024-01-18;beau/couvert/pluie;2.0;19.0;0.34;63.22;beau/couvert/pluie;beau;couvert;pluie;;BEAU;COUVERT;PLUIE;;BEAU|COUVERT|PLUIE
2024-01-19;gris;0.0;3.0;0.64;41.48;gris;gris;;;;COUVERT;;;;COUVERT
2024-01-20;beau;0.0;8.0;0.38;50.36;beau;beau;;;;BEAU;;;;BEAU
2024-01-21;beau;0.0;15.0;0.31;58.62;beau;beau;;;;BEAU;;;;BEAU
2024-01-22;voilé/pluie;2.0;11.0;0.41;53.81;voilé/pluie;voilé;pluie;;;COUVERT;PLUIE;;;COUVERT|PLUIE
2024-01-23;éclaircies;0.0;13.0;0.45;56.19;éclaircies;éclaircies;;;;ECLAIRCIES;;;;ECLAIRCIES
2024-01-24;voilé;0.0;15.0;0.51;58.73;voilé;voilé;;;;COUVERT;;;;COUVERT
2024-01-25;beau;0.0;18.0;0.42;62.36;beau;beau;;;;BEAU;;;;BEAU
2024-01-26;voilé;0.0;13.0;0.53;56.07;voilé;voilé;;;;COUVERT;;;;COUVERT
2024-01-27;beau;0.0;15.0;0.47;58.71;beau;beau;;;;BEAU;;;;BEAU
2024-01-28;beau/vent;0.0;16.0;0.45;59.95;beau/vent;beau;vent;;;BEAU;VENT;;;BEAU|VENT
2024-01-29;beau/vent;0.0;16.0;0.44;59.94;beau/vent;beau;vent;;;BEAU;VENT;;;BEAU|VENT
2024-01-30;beau/vent;0.0;17.0;0.4;61.08;beau/vent;beau;vent;;;BEAU;VENT;;;BEAU|VENT
2024-01-31;voilé;0.0;16.0;0.37;59.83;voilé;voilé;;;;COUVERT;;;;COUVERT
2024-02-01;très voilé;0.0;14.0;0.53;57.41;très voilé;très voilé;;;;COUVERT;;;;COUVERT
2024-02-02;éclaircies/gris;0.0;12.0;0.55;54.69;éclaircies/gris;éclaircies;gris;;;ECLAIRCIES;COUVERT;;;COUVERT|ECLAIRCIES
2024-02-03;brouillard/beau;0.0;16.0;0.49;60.01;brouillard/beau;brouillard;beau;;;COUVERT;BEAU;;;BEAU|COUVERT
2024-02-04;brouillard/beau;0.0;16.0;0.54;60.09;brouillard/beau;brouillard;beau;;;COUVERT;BEAU;;;BEAU|COUVERT
2024-02-05;brouillard/beau/voilé;0.0;14.0;0.47;57.43;brouillard/beau/voilé;brouillard;beau;voilé;;COUVERT;BEAU;COUVERT;;BEAU|COUVERT|COUVERT
2024-02-06;bruine/gris/éclaircies;1.0;8.0;0.58;49.08;bruine/gris/éclaircies;bruine;gris;éclaircies;;PLUIE;COUVERT;ECLAIRCIES;;COUVERT|ECLAIRCIES|PLUIE
2024-02-07;beau/pluie;1.0;17.0;0.32;60.88;beau/pluie;beau;pluie;;;BEAU;PLUIE;;;BEAU|PLUIE
2024-02-08;beau/vent chaud;0.0;20.0;0.33;64.32;beau/vent chaud;beau;vent chaud;;;BEAU;VENT;;;BEAU|VENT
2024-02-09;gris/éclaircies;0.0;12.0;0.61;54.54;gris/éclaircies;gris;éclaircies;;;COUVERT;ECLAIRCIES;;;COUVERT|ECLAIRCIES
2024-02-10;pluie/vent;15.0;7.0;0.79;46.15;pluie/vent;pluie;vent;;;PLUIE;VENT;;;PLUIE|VENT
2024-02-11;éclaircies/vent;0.0;10.0;0.55;51.98;éclaircies/vent;éclaircies;vent;;;ECLAIRCIES;VENT;;;ECLAIRCIES|VENT
2024-02-12;éclaircies/tempête/pluie;2.0;10.0;0.7;51.32;éclaircies/tempête/pluie;éclaircies;tempête;pluie;;ECLAIRCIES;VENT;PLUIE;;ECLAIRCIES|PLUIE|VENT
2024-02-13;beau;0.0;18.0;0.36;62.15;beau;beau;;;;BEAU;;;;BEAU
2024-02-14;beau;0.0;22.0;0.33;66.59;beau;beau;;;;BEAU;;;;BEAU
2024-02-15;beau/vent;0.0;15.0;0.58;58.77;beau/vent;beau;vent;;;BEAU;VENT;;;BEAU|VENT
2024-02-16;pluie;29.0;11.0;0.8;52.48;pluie;pluie;;;;PLUIE;;;;PLUIE
2024-02-17;éclaircies;0.0;13.0;0.55;56.04;éclaircies;éclaircies;;;;ECLAIRCIES;;;;ECLAIRCIES
2024-02-18;voilé;0.0;13.0;0.5;56.12;voilé;voilé;;;;COUVERT;;;;COUVERT
2024-02-19;bruine/éclaircies;0.0;13.0;0.69;55.84;bruine/éclaircies;bruine;éclaircies;;;PLUIE;ECLAIRCIES;;;ECLAIRCIES|PLUIE
2024-02-20;voilé;0.0;10.0;0.55;51.98;voilé;voilé;;;;COUVERT;;;;COUVERT
2024-02-21;voilé;0.0;17.0;0.34;60.93;voilé;voilé;;;;COUVERT;;;;COUVERT
2024-02-22;voilé/couvert/tempête;6.0;16.0;0.55;60.11;voilé/couvert/tempête;voilé;couvert;tempête;;COUVERT;COUVERT;VENT;;COUVERT|COUVERT|VENT
2024-02-23;voilé/vent/pluie;2.0;10.0;0.46;52.38;voilé/vent/pluie;voilé;vent;pluie;;COUVERT;VENT;PLUIE;;COUVERT|PLUIE|VENT
2024-02-24;pluie/éclaircies/vent;2.0;12.0;0.3;55.29;pluie/éclaircies/vent;pluie;éclaircies;vent;;PLUIE;ECLAIRCIES;VENT;;ECLAIRCIES|PLUIE|VENT
2024-02-25;pluie;13.0;9.0;0.83;49.12;pluie;pluie;;;;PLUIE;;;;PLUIE
2024-02-26;éclaircies/pluie/vent;8.0;13.0;0.4;56.26;éclaircies/pluie/vent;éclaircies;pluie;vent;;ECLAIRCIES;PLUIE;VENT;;ECLAIRCIES|PLUIE|VENT
2024-02-27;pluie/vent;12.0;5.0;0.81;42.78;pluie/vent;pluie;vent;;;PLUIE;VENT;;;PLUIE|VENT
2024-02-28;éclaircies/vent;8.0;10.0;0.42;52.55;éclaircies/vent;éclaircies;vent;;;ECLAIRCIES;VENT;;;ECLAIRCIES|VENT
2024-02-29;beau/pluie/vent;0.0;13.0;0.36;56.32;beau/pluie/vent;beau;pluie;vent;;BEAU;PLUIE;VENT;;BEAU|PLUIE|VENT
2024-03-01;beau/vent;0.0;14.0;0.34;57.49;beau/vent;beau;vent;;;BEAU;VENT;;;BEAU|VENT
2024-03-02;gris;0.0;11.0;0.54;53.37;gris;gris;;;;COUVERT;;;;COUVERT
2024-03-03;pluie/éclaircies/vent;17.0;11.0;0.48;53.57;pluie/éclaircies/vent;pluie;éclaircies;vent;;PLUIE;ECLAIRCIES;VENT;;ECLAIRCIES|PLUIE|VENT
2024-03-04;beau/voilé/pluie;4.0;14.0;0.32;57.5;beau/voilé/pluie;beau;voilé;pluie;;BEAU;COUVERT;PLUIE;;BEAU|COUVERT|PLUIE
2024-03-05;giboulées;3.0;10.0;0.38;52.73;giboulées;giboulées;;;;PLUIE;;;;PLUIE
2024-03-06;beau;0.0;15.0;0.3;58.62;beau;beau;;;;BEAU;;;;BEAU
2024-03-07;voilé/vent;0.0;17.0;0.37;61.01;voilé/vent;voilé;vent;;;COUVERT;VENT;;;COUVERT|VENT
2024-03-08;pluie/beau;2.0;17.0;0.41;61.11;pluie/beau;pluie;beau;;;PLUIE;BEAU;;;BEAU|PLUIE
2024-03-09;gris;0.0;14.0;0.5;57.42;gris;gris;;;;COUVERT;;;;COUVERT
2024-03-10;dégagé;0.0;16.0;0.25;59.64;dégagé;dégagé;;;;BEAU;;;;BEAU
2024-03-11;pluie/vent;17.0;6.0;0.78;44.64;pluie/vent;pluie;vent;;;PLUIE;VENT;;;PLUIE|VENT
2024-03-12;beau;0.0;15.0;0.33;58.63;beau;beau;;;;BEAU;;;;BEAU
2024-03-13;beau;0.0;20.0;0.33;64.32;beau;beau;;;;BEAU;;;;BEAU
2024-03-14;voilé;0.0;21.0;0.41;65.97;voilé;voilé;;;;COUVERT;;;;COUVERT
2024-03-15;voilé/beau/couvert;0.0;21.0;0.34;65.52;voilé/beau/couvert;voilé;beau;couvert;;COUVERT;BEAU;COUVERT;;BEAU|COUVERT|COUVERT
2024-03-16;beau/voilé;0.0;19.0;0.39;63.45;beau/voilé;beau;voilé;;;BEAU;COUVERT;;;BEAU|COUVERT
2024-03-17;beau;0.0;24.0;0.35;69.05;beau;beau;;;;BEAU;;;;BEAU
2024-03-18;couvert/voilé;0.0;21.0;0.46;66.3;couvert/voilé;couvert;voilé;;;COUVERT;COUVERT;;;COUVERT|COUVERT
2024-03-19;beau;0.0;22.0;0.41;67.19;beau;beau;;;;BEAU;;;;BEAU
2024-03-20;voilé/couvert;0.0;21.0;0.58;67.07;voilé/couvert;voilé;couvert;;;COUVERT;COUVERT;;;COUVERT|COUVERT
2024-03-21;couvert/voilé;0.0;24.0;0.43;69.81;couvert/voilé;couvert;voilé;;;COUVERT;COUVERT;;;COUVERT|COUVERT
2024-03-22;beau;0.0;26.0;0.35;71.36;beau;beau;;;;BEAU;;;;BEAU
2024-03-23;bruine/couvert/éclaircies;0.0;10.0;0.77;51.01;bruine/couvert/éclaircies;bruine;couvert;éclaircies;;PLUIE;COUVERT;ECLAIRCIES;;COUVERT|ECLAIRCIES|PLUIE
2024-03-24;assez beau;0.0;9.0;;;assez beau;assez beau;;;;BEAU;;;;BEAU
2024-03-25;;0.0;10.0;;;;;;;;;;;;
2024-03-26;pluie/gris;7.0;7.0;0.65;47.18;pluie/gris;pluie;gris;;;PLUIE;COUVERT;;;COUVERT|PLUIE
2024-03-27;voilé/pluie;4.0;14.0;0.4;57.46;voilé/pluie;voilé;pluie;;;COUVERT;PLUIE;;;COUVERT|PLUIE
2024-03-28;beau;0.0;19.0;0.36;63.31;beau;beau;;;;BEAU;;;;BEAU
2024-03-29;voilé/vent/pluie;2.0;21.0;0.47;66.36;voilé/vent/pluie;voilé;vent;pluie;;COUVERT;VENT;PLUIE;;COUVERT|PLUIE|VENT
2024-03-30;beau;0.0;22.0;0.33;66.59;beau;beau;;;;BEAU;;;;BEAU
2024-03-31;voilé/vent/orages;5.0;15.0;0.5;58.72;voilé/vent/orages;voilé;vent;orages;;COUVERT;VENT;ORAGE;;COUVERT|ORAGE|VENT
2024-04-01;beau/orages/beau;2.0;17.0;0.39;61.06;beau/orages/beau;beau;orages;beau;;BEAU;ORAGE;BEAU;;BEAU|BEAU|ORAGE
2024-04-02;beau/couvert;0.0;19.0;0.33;63.18;beau/couvert;beau;couvert;;;BEAU;COUVERT;;;BEAU|COUVERT
2024-04-03;nuageux/beau;0.0;17.0;0.37;61.01;nuageux/beau;nuageux;beau;;;COUVERT;BEAU;;;BEAU|COUVERT
2024-04-04;beau;0.0;25.0;0.31;69.79;beau;beau;;;;BEAU;;;;BEAU
2024-04-05;beau/vent;0.0;25.0;0.4;70.73;beau/vent;beau;vent;;;BEAU;VENT;;;BEAU|VENT
2024-04-06;couvert/vent;0.0;18.0;0.56;62.85;couvert/vent;couvert;vent;;;COUVERT;VENT;;;COUVERT|VENT
2024-04-07;couvert/vent/éclaircies;0.0;20.0;0.53;65.41;couvert/vent/éclaircies;couvert;vent;éclaircies;;COUVERT;VENT;ECLAIRCIES;;COUVERT|ECLAIRCIES|VENT
2024-04-08;couvert/voilé/pluie;2.0;22.0;0.51;67.93;couvert/voilé/pluie;couvert;voilé;pluie;;COUVERT;COUVERT;PLUIE;;COUVERT|COUVERT|PLUIE
2024-04-09;giboulées;11.0;13.0;0.42;56.23;giboulées;giboulées;;;;PLUIE;;;;PLUIE
2024-04-10;éclaircies/vent;0.0;12.0;0.49;54.83;éclaircies/vent;éclaircies;vent;;;ECLAIRCIES;VENT;;;ECLAIRCIES|VENT
2024-04-11;beau/qq nuages;0.0;20.0;0.3;64.15;beau/qq nuages;beau;qq nuages;;;BEAU;PASSAGES NUAGEUX;;;BEAU|PASSAGES NUAGEUX
2024-04-12;beau;0.0;24.0;0.36;69.15;beau;beau;;;;BEAU;;;;BEAU
2024-04-13;beau;0.0;27.0;0.27;71.53;beau;beau;;;;BEAU;;;;BEAU
2024-04-14;beau;0.0;26.0;0.34;71.25;beau;beau;;;;BEAU;;;;BEAU
2024-04-15;couvert;0.0;16.0;0.68;60.31;couvert;couvert;;;;COUVERT;;;;COUVERT
2024-04-16;couvert/pluie/vent/éclaircies;4.0;8.0;0.79;47.74;couvert/pluie/vent/éclaircies;couvert;pluie;vent;éclaircies;COUVERT;PLUIE;VENT;ECLAIRCIES;COUVERT|ECLAIRCIES|PLUIE|VENT
2024-04-17;couvert/pluie fine/éclaircie;0.5;13.0;0.61;55.96;couvert/pluie fine/éclaircie;couvert;pluie fine;éclaircie;;COUVERT;PLUIE;ECLAIRCIES;;COUVERT|ECLAIRCIES|PLUIE
2024-04-18;giboulées;4.0;12.0;0.6;54.57;giboulées;giboulées;;;;PLUIE;;;;PLUIE
2024-04-19;beau;0.0;19.0;0.3;63.04;beau;beau;;;;BEAU;;;;BEAU
2024-04-20;beau/qq nuages;0.0;19.0;0.35;63.27;beau/qq nuages;beau;qq nuages;;;BEAU;PASSAGES NUAGEUX;;;BEAU|PASSAGES NUAGEUX
2024-04-21;beau/vent;0.0;14.0;0.35;57.49;beau/vent;beau;vent;;;BEAU;VENT;;;BEAU|VENT
2024-04-22;qq nuages/vent;0.0;12.0;0.35;55.17;qq nuages/vent;qq nuages;vent;;;PASSAGES NUAGEUX;VENT;;;PASSAGES NUAGEUX|VENT
2024-04-23;nuageux/vent;0.0;9.0;0.45;51.16;nuageux/vent;nuageux;vent;;;COUVERT;VENT;;;COUVERT|VENT
2024-04-24;couvert/vent;0.5;12.0;0.39;55.08;couvert/vent;couvert;vent;;;COUVERT;VENT;;;COUVERT|VENT
2024-04-25;nuageux/pluie;5.0;15.0;0.38;58.66;nuageux/pluie;nuageux;pluie;;;COUVERT;PLUIE;;;COUVERT|PLUIE
2024-04-26;beau/nuageux;0.0;18.0;0.39;62.25;beau/nuageux;beau;nuageux;;;BEAU;COUVERT;;;BEAU|COUVERT
2024-04-27;nuageux/vent/pluie;2.0;20.0;0.45;64.97;nuageux/vent/pluie;nuageux;vent;pluie;;COUVERT;VENT;PLUIE;;COUVERT|PLUIE|VENT
2024-04-28;couvert/pluie;14.0;14.0;0.54;57.4;couvert/pluie;couvert;pluie;;;COUVERT;PLUIE;;;COUVERT|PLUIE
2024-04-29;pluie;9.0;11.0;0.75;52.65;pluie;pluie;;;;PLUIE;;;;PLUIE
2024-04-30;couvert/éclaircies;0.0;13.0;0.63;55.93;couvert/éclaircies;couvert;éclaircies;;;COUVERT;ECLAIRCIES;;;COUVERT|ECLAIRCIES
2024-05-01;pluie;15.0;10.0;0.77;51.01;pluie;pluie;;;;PLUIE;;;;PLUIE
2024-05-02;couvert/vent/éclaircies;0.0;11.0;0.55;53.33;couvert/vent/éclaircies;couvert;vent;éclaircies;;COUVERT;VENT;ECLAIRCIES;;COUVERT|ECLAIRCIES|VENT
2024-05-03;beau/couvert;0.0;18.0;0.31;61.97;beau/couvert;beau;couvert;;;BEAU;COUVERT;;;BEAU|COUVERT
2024-05-04;couvert/éclaircies;0.0;23.0;0.36;67.98;couvert/éclaircies;couvert;éclaircies;;;COUVERT;ECLAIRCIES;;;COUVERT|ECLAIRCIES
2024-05-05;beau/orages;17.0;22.0;0.49;67.79;beau/orages;beau;orages;;;BEAU;ORAGE;;;BEAU|ORAGE
2024-05-06;pluie;4.0;12.0;0.66;54.42;pluie;pluie;;;;PLUIE;;;;PLUIE
2024-05-07;éclaircies/vent/pluie;6.0;13.0;0.56;56.03;éclaircies/vent/pluie;éclaircies;vent;pluie;;ECLAIRCIES;VENT;PLUIE;;ECLAIRCIES|PLUIE|VENT
2024-05-08;éclaircies/vent;0.0;20.0;0.38;64.59;éclaircies/vent;éclaircies;vent;;;ECLAIRCIES;VENT;;;ECLAIRCIES|VENT
2024-05-09;beau;0.0;25.0;0.3;69.68;beau;beau;;;;BEAU;;;;BEAU
2024-05-10;beau;0.0;26.0;0.37;71.59;beau;beau;;;;BEAU;;;;BEAU
2024-05-11;beau/couvert;0.0;27.0;0.37;72.77;beau/couvert;beau;couvert;;;BEAU;COUVERT;;;BEAU|COUVERT
2024-05-12;nuageux/orageux;0.0;16.0;0.71;60.35;nuageux/orageux;nuageux;orageux;;;COUVERT;ORAGE;;;COUVERT|ORAGE
2024-05-13;couvert/voilé;0.0;19.0;0.48;63.85;couvert/voilé;couvert;voilé;;;COUVERT;COUVERT;;;COUVERT|COUVERT
2024-05-14;pluie/éclaircies;17.0;13.0;0.65;55.9;pluie/éclaircies;pluie;éclaircies;;;PLUIE;ECLAIRCIES;;;ECLAIRCIES|PLUIE
2024-05-15;pluie/éclaircies/pluie;8.0;15.0;0.43;58.69;pluie/éclaircies/pluie;pluie;éclaircies;pluie;;PLUIE;ECLAIRCIES;PLUIE;;ECLAIRCIES|PLUIE|PLUIE
2024-05-16;éclaircies/pluie;5.0;14.0;0.6;57.38;éclaircies/pluie;éclaircies;pluie;;;ECLAIRCIES;PLUIE;;;ECLAIRCIES|PLUIE
2024-05-17;éclaircies/pluie;8.0;17.0;0.49;61.31;éclaircies/pluie;éclaircies;pluie;;;ECLAIRCIES;PLUIE;;;ECLAIRCIES|PLUIE
2024-05-18;éclaircies;0.0;15.0;0.49;58.72;éclaircies;éclaircies;;;;ECLAIRCIES;;;;ECLAIRCIES
2024-05-19;éclaircies/pluie;3.0;14.0;0.77;57.3;éclaircies/pluie;éclaircies;pluie;;;ECLAIRCIES;PLUIE;;;ECLAIRCIES|PLUIE
2024-05-20;nuageux/pluie;0.0;18.0;0.47;62.53;nuageux/pluie;nuageux;pluie;;;COUVERT;PLUIE;;;COUVERT|PLUIE
2024-05-21;nuageux/éclaircies;0.0;17.0;0.46;61.23;nuageux/éclaircies;nuageux;éclaircies;;;COUVERT;ECLAIRCIES;;;COUVERT|ECLAIRCIES
2024-05-22;nuageux/pluie;7.0;17.0;0.51;61.36;nuageux/pluie;nuageux;pluie;;;COUVERT;PLUIE;;;COUVERT|PLUIE
2024-05-23;couvert/pluie;1.0;17.0;0.54;61.44;couvert/pluie;couvert;pluie;;;COUVERT;PLUIE;;;COUVERT|PLUIE
2024-05-24;pluie/couvert;0.0;16.0;0.56;60.12;pluie/couvert;pluie;couvert;;;PLUIE;COUVERT;;;COUVERT|PLUIE
2024-05-25;voilé;0.0;25.0;0.41;70.83;voilé;voilé;;;;COUVERT;;;;COUVERT
2024-05-26;éclaircies/couvert;0.0;20.0;0.5;65.25;éclaircies/couvert;éclaircies;couvert;;;ECLAIRCIES;COUVERT;;;COUVERT|ECLAIRCIES
2024-05-27;pluie/couvert;4.0;14.0;0.71;57.33;pluie/couvert;pluie;couvert;;;PLUIE;COUVERT;;;COUVERT|PLUIE
2024-05-28;beau;0.0;26.0;0.35;71.36;beau;beau;;;;BEAU;;;;BEAU
2024-05-29;voilé/couvert;0.0;24.0;0.42;69.71;voilé/couvert;voilé;couvert;;;COUVERT;COUVERT;;;COUVERT|COUVERT
2024-05-30;pluie/éclaircies;2.0;17.0;0.75;61.97;pluie/éclaircies;pluie;éclaircies;;;PLUIE;ECLAIRCIES;;;ECLAIRCIES|PLUIE
2024-05-31;beau;0.0;21.0;0.36;65.65;beau;beau;;;;BEAU;;;;BEAU
2024-06-01;nuageux/;0.0;18.0;0.55;62.82;nuageux/;nuageux;;;;COUVERT;;;;COUVERT
2024-06-02;nuageux/;0.0;18.0;0.52;62.71;nuageux/;nuageux;;;;COUVERT;;;;COUVERT
2024-06-03;beau/vent;0.0;24.0;0.37;69.24;beau/vent;beau;vent;;;BEAU;VENT;;;BEAU|VENT
2024-06-04;éclaircies;0.0;24.0;0.41;69.62;éclaircies;éclaircies;;;;ECLAIRCIES;;;;ECLAIRCIES
2024-06-05;beau;0.0;29.0;0.35;74.83;beau;beau;;;;BEAU;;;;BEAU
2024-06-06;beau;0.0;28.0;0.46;75.15;beau;beau;;;;BEAU;;;;BEAU
2024-06-07;couvert/lourd;0.0;26.0;0.58;74.0;couvert/lourd;couvert;lourd;;;COUVERT;CHAUD;;;CHAUD|COUVERT
2024-06-08;couvert/lourd;0.0;25.0;0.6;72.82;couvert/lourd;couvert;lourd;;;COUVERT;CHAUD;;;CHAUD|COUVERT
2024-06-09;pluie/couvert;1.0;16.0;0.82;60.52;pluie/couvert;pluie;couvert;;;PLUIE;COUVERT;;;COUVERT|PLUIE
2024-06-10;couvert/éclaircies;0.0;23.0;0.38;68.15;couvert/éclaircies;couvert;éclaircies;;;COUVERT;ECLAIRCIES;;;COUVERT|ECLAIRCIES
2024-06-11;bruine/nuageux;1.0;19.0;0.52;64.04;bruine/nuageux;bruine;nuageux;;;PLUIE;COUVERT;;;COUVERT|PLUIE
2024-06-12;couvert/qq gouttes;0.0;16.0;0.56;60.12;couvert/qq gouttes;couvert;qq gouttes;;;COUVERT;PLUIE;;;COUVERT|PLUIE
2024-06-13;beau;0.0;22.0;0.43;67.34;beau;beau;;;;BEAU;;;;BEAU
2024-06-14;beau;0.0;25.0;0.37;70.42;beau;beau;;;;BEAU;;;;BEAU
2024-06-15;pluie/couvert;7.0;16.0;0.68;60.31;pluie/couvert;pluie;couvert;;;PLUIE;COUVERT;;;COUVERT|PLUIE
2024-06-16;beau;0.0;27.0;0.39;73.02;beau;beau;;;;BEAU;;;;BEAU
2024-06-17;beau/couvert;0.0;19.0;0.42;63.58;beau/couvert;beau;couvert;;;BEAU;COUVERT;;;BEAU|COUVERT
2024-06-18;qq nuages/beau/vent;0.0;26.0;0.55;73.65;qq nuages/beau/vent;qq nuages;beau;vent;;PASSAGES NUAGEUX;BEAU;VENT;;BEAU|PASSAGES NUAGEUX|VENT
2024-06-19;couvert/bruine/orage;11.0;20.0;0.72;66.46;couvert/bruine/orage;couvert;bruine;orage;;COUVERT;PLUIE;ORAGE;;COUVERT|ORAGE|PLUIE
2024-06-20;pluie/couvert;9.0;17.0;0.73;61.92;pluie/couvert;pluie;couvert;;;PLUIE;COUVERT;;;COUVERT|PLUIE
2024-06-21;assez beau/ vent;0.0;18.0;0.6;62.99;assez beau/ vent;assez beau;vent;;;BEAU;VENT;;;BEAU|VENT
2024-06-22;éclaircies/pluie;1.0;20.0;0.47;65.08;éclaircies/pluie;éclaircies;pluie;;;ECLAIRCIES;PLUIE;;;ECLAIRCIES|PLUIE
2024-06-23;couvert/éclaircies;0.0;19.0;0.5;63.94;couvert/éclaircies;couvert;éclaircies;;;COUVERT;ECLAIRCIES;;;COUVERT|ECLAIRCIES
2024-06-24;beau;0.0;26.0;0.39;71.82;beau;beau;;;;BEAU;;;;BEAU
2024-06-25;beau;0.0;28.0;0.4;74.35;beau;beau;;;;BEAU;;;;BEAU
2024-06-26;beau;0.0;30.0;0.36;76.14;beau;beau;;;;BEAU;;;;BEAU
2024-06-27;beau/orageux;0.0;31.0;0.49;79.44;beau/orageux;beau;orageux;;;BEAU;ORAGE;;;BEAU|ORAGE
2024-06-28;couvert;0.0;25.0;0.64;73.24;couvert;couvert;;;;COUVERT;;;;COUVERT
2024-06-29;couvert/orages;12.0;18.0;0.81;63.73;couvert/orages;couvert;orages;;;COUVERT;ORAGE;;;COUVERT|ORAGE
2024-06-30;couvert;0.0;22.0;0.54;68.16;couvert;couvert;;;;COUVERT;;;;COUVERT
2024-07-01;pluie/éclaircies;2.0;17.0;0.7;61.84;pluie/éclaircies;pluie;éclaircies;;;PLUIE;ECLAIRCIES;;;ECLAIRCIES|PLUIE
2024-07-02;éclaircie;0.0;20.0;0.5;65.25;éclaircie;éclaircie;;;;ECLAIRCIES;;;;ECLAIRCIES
2024-07-03;belles éclaircies/vent;0.0;24.0;0.36;69.15;belles éclaircies/vent;belles éclaircies;vent;;;ECLAIRCIES;VENT;;;ECLAIRCIES|VENT
2024-07-04;éclaircie/couvert;0.0;25.0;0.45;71.25;éclaircie/couvert;éclaircie;couvert;;;ECLAIRCIES;COUVERT;;;COUVERT|ECLAIRCIES
2024-07-05;beau/chaud;0.0;21.0;0.62;67.33;beau/chaud;beau;chaud;;;BEAU;CHAUD;;;BEAU|CHAUD
2024-07-06;orages;25.0;17.0;0.79;62.07;orages;orages;;;;ORAGE;;;;ORAGE
2024-07-07;couvert/éclaircies/beau;0.0;18.0;0.56;62.85;couvert/éclaircies/beau;couvert;éclaircies;beau;;COUVERT;ECLAIRCIES;BEAU;;BEAU|COUVERT|ECLAIRCIES
2024-07-08;beau/vent;0.0;27.0;0.5;74.38;beau/vent;beau;vent;;;BEAU;VENT;;;BEAU|VENT
2024-07-09;voilé;0.0;30.0;0.53;78.76;voilé;voilé;;;;COUVERT;;;;COUVERT
2024-07-10;beau;0.0;27.0;0.44;73.64;beau;beau;;;;BEAU;;;;BEAU
2024-07-11;beau/orageux;0.0;33.0;0.38;80.01;beau/orageux;beau;orageux;;;BEAU;ORAGE;;;BEAU|ORAGE
2024-07-12;couvert/pluie;7.0;19.0;0.77;65.16;couvert/pluie;couvert;pluie;;;COUVERT;PLUIE;;;COUVERT|PLUIE
2024-07-13;couvert/éclaircies;0.0;18.0;0.49;62.6;couvert/éclaircies;couvert;éclaircies;;;COUVERT;ECLAIRCIES;;;COUVERT|ECLAIRCIES
2024-07-14;beau;0.0;26.0;0.5;73.08;beau;beau;;;;BEAU;;;;BEAU
2024-07-15;beau/orageux;0.0;30.0;0.44;77.38;beau/orageux;beau;orageux;;;BEAU;ORAGE;;;BEAU|ORAGE
2024-07-16;pluie/couvert;2.0;23.0;0.47;68.91;pluie/couvert;pluie;couvert;;;PLUIE;COUVERT;;;COUVERT|PLUIE
2024-07-17;voilé/beau;0.0;30.0;0.4;76.76;voilé/beau;voilé;beau;;;COUVERT;BEAU;;;BEAU|COUVERT
2024-07-18;beau;0.0;31.0;0.41;78.13;beau;beau;;;;BEAU;;;;BEAU
2024-07-19;voilé/beau;0.0;32.0;0.4;79.17;voilé/beau;voilé;beau;;;COUVERT;BEAU;;;BEAU|COUVERT
2024-07-20;lourd;0.0;29.0;0.53;77.43;lourd;lourd;;;;CHAUD;;;;CHAUD
2024-07-21;orages/éclaircies/pluie;27.0;21.0;0.52;66.68;orages/éclaircies/pluie;orages;éclaircies;pluie;;ORAGE;ECLAIRCIES;PLUIE;;ECLAIRCIES|ORAGE|PLUIE
2024-07-22;couvert/éclaircies;0.0;21.0;0.52;66.68;couvert/éclaircies;couvert;éclaircies;;;COUVERT;ECLAIRCIES;;;COUVERT|ECLAIRCIES
2024-07-23;beau;0.0;28.0;0.42;74.62;beau;beau;;;;BEAU;;;;BEAU
2024-07-24;voilé;0.0;28.0;0.48;75.42;voilé;voilé;;;;COUVERT;;;;COUVERT
2024-07-25;brumeux/beau;0.0;27.0;0.45;73.76;brumeux/beau;brumeux;beau;;;COUVERT;BEAU;;;BEAU|COUVERT
2024-07-26;nuageux;0.0;30.0;0.45;77.53;nuageux;nuageux;;;;COUVERT;;;;COUVERT
2024-07-27;brumeux/couvert;0.0;26.0;0.6;74.22;brumeux/couvert;brumeux;couvert;;;COUVERT;COUVERT;;;COUVERT|COUVERT
2024-07-28;beau;0.0;31.0;0.45;78.79;beau;beau;;;;BEAU;;;;BEAU
2024-07-29;beau;0.0;35.0;0.3;80.76;beau;beau;;;;BEAU;;;;BEAU
2024-07-30;beau/orage;5.0;35.0;0.4;82.79;beau/orage;beau;orage;;;BEAU;ORAGE;;;BEAU|ORAGE
2024-07-31;beau;0.0;33.0;0.43;80.93;beau;beau;;;;BEAU;;;;BEAU
2024-08-01;couvert/éclaircies;0.0;23.0;0.71;70.94;couvert/éclaircies;couvert;éclaircies;;;COUVERT;ECLAIRCIES;;;COUVERT|ECLAIRCIES
2024-08-02;pluie/couvert;4.0;22.0;0.74;69.66;pluie/couvert;pluie;couvert;;;PLUIE;COUVERT;;;COUVERT|PLUIE
2024-08-03;bruine/éclaircies/beau;0.5;21.0;0.57;67.01;bruine/éclaircies/beau;bruine;éclaircies;beau;;PLUIE;ECLAIRCIES;BEAU;;BEAU|ECLAIRCIES|PLUIE
2024-08-04;beau;0.0;25.0;0.3;69.68;beau;beau;;;;BEAU;;;;BEAU
2024-08-05;beau;0.0;30.0;0.42;77.07;beau;beau;;;;BEAU;;;;BEAU
2024-08-06;orageux/mitigé;0.0;30.0;0.47;77.84;orageux/mitigé;orageux;mitigé;;;ORAGE;INSTABLE;;;INSTABLE|ORAGE
2024-08-07;couvert;0.0;23.0;0.65;70.44;couvert;couvert;;;;COUVERT;;;;COUVERT
2024-08-08;beau;0.0;32.0;0.35;78.3;beau;beau;;;;BEAU;;;;BEAU
2024-08-09;beau;0.0;31.0;0.36;77.31;beau;beau;;;;BEAU;;;;BEAU
2024-08-10;beau;0.0;32.0;0.43;79.69;beau;beau;;;;BEAU;;;;BEAU
2024-08-11;beau;0.0;33.0;0.4;80.38;beau;beau;;;;BEAU;;;;BEAU
2024-08-12;couvert/beau;0.0;24.0;0.7;72.36;couvert/beau;couvert;beau;;;COUVERT;BEAU;;;BEAU|COUVERT
2024-08-13;couvert/pluie/éclaircies;2.0;25.0;0.65;73.34;couvert/pluie/éclaircies;couvert;pluie;éclaircies;;COUVERT;PLUIE;ECLAIRCIES;;COUVERT|ECLAIRCIES|PLUIE
2024-08-14;fortes pluie/acalmie;95.0;19.0;0.79;65.25;fortes pluies/accalmie;fortes pluies;accalmie;;;PLUIE;INSTABLE;;;INSTABLE|PLUIE
2024-08-15;pluie/éclaircies;5.0;24.0;0.5;70.47;pluie/éclaircies;pluie;éclaircies;;;PLUIE;ECLAIRCIES;;;ECLAIRCIES|PLUIE
2024-08-16;couvert/belles éclaircies;0.0;28.0;0.42;74.62;couvert/belles éclaircies;couvert;belles éclaircies;;;COUVERT;ECLAIRCIES;;;COUVERT|ECLAIRCIES
2024-08-17;ensoleillé;0.0;29.0;0.45;76.27;ensoleillé;ensoleillé;;;;BEAU;;;;BEAU
2024-08-18;pluie/éclaircies;5.0;25.0;0.51;71.88;pluie/éclaircies;pluie;éclaircies;;;PLUIE;ECLAIRCIES;;;ECLAIRCIES|PLUIE
2024-08-19;ensoleillé;0.0;27.0;0.34;72.4;ensoleillé;ensoleillé;;;;BEAU;;;;BEAU
2024-08-20;beau;0.0;26.0;0.35;71.36;beau;beau;;;;BEAU;;;;BEAU
2024-08-21;pluie/couvert/éclaircies;4.0;21.0;0.59;67.14;pluie/couvert/éclaircies;pluie;couvert;éclaircies;;PLUIE;COUVERT;ECLAIRCIES;;COUVERT|ECLAIRCIES|PLUIE
2024-08-22;beau;0.0;27.0;0.37;72.77;beau;beau;;;;BEAU;;;;BEAU
2024-08-23;couvert/éclaircies;0.0;20.0;0.67;66.18;couvert/éclaircies;couvert;éclaircies;;;COUVERT;ECLAIRCIES;;;COUVERT|ECLAIRCIES
2024-08-24;beau/orages;37.0;31.0;0.49;79.44;beau/orages;beau;orages;;;BEAU;ORAGE;;;BEAU|ORAGE
2024-08-25;couvert/éclaircies;0.0;22.0;0.35;66.74;couvert/éclaircies;couvert;éclaircies;;;COUVERT;ECLAIRCIES;;;COUVERT|ECLAIRCIES
2024-08-26;beau;0.0;24.0;0.3;68.58;beau;beau;;;;BEAU;;;;BEAU
2024-08-27;beau;0.0;26.0;0.355;71.42;beau;beau;;;;BEAU;;;;BEAU
2024-08-28;beau;0.0;31.0;0.41;78.13;beau;beau;;;;BEAU;;;;BEAU
2024-08-29;couvert/éclaircies;0.0;26.0;0.5;73.08;couvert/éclaircies;couvert;éclaircies;;;COUVERT;ECLAIRCIES;;;COUVERT|ECLAIRCIES
2024-08-30;beau;0.0;29.0;0.45;76.27;beau;beau;;;;BEAU;;;;BEAU
2024-08-31;couvert/éclaircies/averses;1.0;31.0;0.52;79.93;couvert/éclaircies/averses;couvert;éclaircies;averses;;COUVERT;ECLAIRCIES;PLUIE;;COUVERT|ECLAIRCIES|PLUIE
2024-09-01;pluie/couvert;0.0;21.0;0.74;68.11;pluie/couvert;pluie;couvert;;;PLUIE;COUVERT;;;COUVERT|PLUIE
2024-09-02;beau;0.0;26.0;0.32;71.02;beau;beau;;;;BEAU;;;;BEAU
2024-09-03;pluie/bruine;10.0;18.0;0.8;63.7;pluie/bruine;pluie;bruine;;;PLUIE;PLUIE;;;PLUIE|PLUIE
2024-09-04;pluie;30.0;16.0;0.8;60.49;pluie;pluie;;;;PLUIE;;;;PLUIE
2024-09-05;éclaircie;0.0;24.0;0.43;69.81;éclaircie;éclaircie;;;;ECLAIRCIES;;;;ECLAIRCIES
2024-09-06;nuageux/pluie;3.0;18.0;0.6;62.99;nuageux/pluie;nuageux;pluie;;;COUVERT;PLUIE;;;COUVERT|PLUIE
2024-09-07;nuageux/;0.0;21.0;0.64;67.46;nuageux/;nuageux;;;;COUVERT;;;;COUVERT
2024-09-08;éclaircies/dégradation/pluie;4.0;19.0;0.69;64.8;éclaircies/dégradation/pluie;éclaircies;dégradation;pluie;;ECLAIRCIES;INSTABLE;PLUIE;;ECLAIRCIES|INSTABLE|PLUIE
2024-09-09;couvert/éclaircies;0.0;18.0;0.65;63.17;couvert/éclaircies;couvert;éclaircies;;;COUVERT;ECLAIRCIES;;;COUVERT|ECLAIRCIES
2024-09-10;éclaircie;0.0;21.0;0.44;66.17;éclaircie;éclaircie;;;;ECLAIRCIES;;;;ECLAIRCIES
2024-09-11;éclaircie/pluie;19.0;23.0;0.43;68.57;éclaircie/pluie;éclaircie;pluie;;;ECLAIRCIES;PLUIE;;;ECLAIRCIES|PLUIE
2024-09-12;pluie/éclaircies;1.0;19.0;0.415;63.56;pluie/éclaircies;pluie;éclaircies;;;PLUIE;ECLAIRCIES;;;ECLAIRCIES|PLUIE
2024-09-13;pluie/éclaircies;2.0;18.0;0.4;62.29;pluie/éclaircies;pluie;éclaircies;;;PLUIE;ECLAIRCIES;;;ECLAIRCIES|PLUIE
2024-09-14;beau;0.0;20.0;0.32;64.26;beau;beau;;;;BEAU;;;;BEAU
2024-09-15;beau;0.0;17.0;0.42;61.13;beau;beau;;;;BEAU;;;;BEAU
2024-09-16;beau;0.0;20.0;0.35;64.42;beau;beau;;;;BEAU;;;;BEAU
2024-09-17;couvert;0.0;16.0;0.62;60.21;couvert;couvert;;;;COUVERT;;;;COUVERT
2024-09-18;beau;0.0;26.0;0.38;71.71;beau;beau;;;;BEAU;;;;BEAU
2024-09-19;beau;0.0;23.0;0.45;68.74;beau;beau;;;;BEAU;;;;BEAU
2024-09-20;couvert/pluie/éclaircies;1.0;20.0;0.71;66.4;couvert/pluie/éclaircies;couvert;pluie;éclaircies;;COUVERT;PLUIE;ECLAIRCIES;;COUVERT|ECLAIRCIES|PLUIE
2024-09-21;nuageux/pluie;6.0;22.0;0.57;68.38;nuageux/pluie;nuageux;pluie;;;COUVERT;PLUIE;;;COUVERT|PLUIE
2024-09-22;couvert/pluie;4.0;18.0;0.74;63.48;couvert/pluie;couvert;pluie;;;COUVERT;PLUIE;;;COUVERT|PLUIE
2024-09-23;pluie/éclaircies;14.0;19.0;0.53;64.08;pluie/éclaircies;pluie;éclaircies;;;PLUIE;ECLAIRCIES;;;ECLAIRCIES|PLUIE
2024-09-24;beau;0.0;19.0;0.495;63.92;beau;beau;;;;BEAU;;;;BEAU
2024-09-25;beau/voilé;0.0;24.0;0.46;70.09;beau/voilé;beau;voilé;;;BEAU;COUVERT;;;BEAU|COUVERT
2024-09-26;couvert/pluie;5.0;17.0;0.83;62.17;couvert/pluie;couvert;pluie;;;COUVERT;PLUIE;;;COUVERT|PLUIE
2024-09-27;couvert/pluie;4.0;13.0;0.75;55.76;couvert/pluie;couvert;pluie;;;COUVERT;PLUIE;;;COUVERT|PLUIE
2024-09-28;éclaircies;0.0;17.0;0.47;61.26;éclaircies;éclaircies;;;;ECLAIRCIES;;;;ECLAIRCIES
2024-09-29;beau;0.0;22.0;0.38;66.96;beau;beau;;;;BEAU;;;;BEAU
2024-09-30;beau;0.0;24.0;0.45;70.0;beau;beau;;;;BEAU;;;;BEAU
2024-10-01;voilé;0.0;22.0;0.6;68.61;voilé;voilé;;;;COUVERT;;;;COUVERT
2024-10-02;pluie;16.0;17.0;0.63;61.66;pluie;pluie;;;;PLUIE;;;;PLUIE
2024-10-03;éclaircie;0.0;17.0;0.48;61.28;éclaircie;éclaircie;;;;ECLAIRCIES;;;;ECLAIRCIES
2024-10-04;éclaircie;0.0;19.0;0.375;63.38;éclaircie;éclaircie;;;;ECLAIRCIES;;;;ECLAIRCIES
2024-10-05;beau;0.0;27.0;0.27;71.53;beau;beau;;;;BEAU;;;;BEAU
2024-10-06;voilé;0.0;25.0;0.46;71.36;voilé;voilé;;;;COUVERT;;;;COUVERT
2024-10-07;couvert/pluie;5.0;18.0;0.69;63.31;couvert/pluie;couvert;pluie;;;COUVERT;PLUIE;;;COUVERT|PLUIE
2024-10-08;beau;0.0;25.0;0.37;70.42;beau;beau;;;;BEAU;;;;BEAU
2024-10-09;beau/pluie;10.0;25.0;0.5;71.78;beau/pluie;beau;pluie;;;BEAU;PLUIE;;;BEAU|PLUIE
2024-10-10;pluie/éclaircies;1.0;17.0;0.5;61.34;pluie/éclaircies;pluie;éclaircies;;;PLUIE;ECLAIRCIES;;;ECLAIRCIES|PLUIE
2024-10-11;beau;0.0;17.0;0.5900000000000001;61.56;beau;beau;;;;BEAU;;;;BEAU
2024-10-12;couvert;0.0;17.0;0.68;61.79;couvert;couvert;;;;COUVERT;;;;COUVERT
2024-10-13;beau;0.0;28.0;0.4;74.35;beau;beau;;;;BEAU;;;;BEAU
2024-10-14;couvert;0.0;24.0;0.55;70.94;couvert;couvert;;;;COUVERT;;;;COUVERT
2024-10-15;couvert;0.0;20.0;0.73;66.52;couvert;couvert;;;;COUVERT;;;;COUVERT
2024-10-16;éclaircie;0.0;23.0;0.5;69.17;éclaircie;éclaircie;;;;ECLAIRCIES;;;;ECLAIRCIES
2024-10-17;couvert/pluie;40.0;17.0;0.83;62.17;couvert/pluie;couvert;pluie;;;COUVERT;PLUIE;;;COUVERT|PLUIE
2024-10-18;pluie;14.0;13.0;0.85;55.61;pluie;pluie;;;;PLUIE;;;;PLUIE
2024-10-19;éclaircie;0.0;17.0;0.58;61.54;éclaircie;éclaircie;;;;ECLAIRCIES;;;;ECLAIRCIES
2024-10-20;beau;0.0;25.0;0.41;70.83;beau;beau;;;;BEAU;;;;BEAU
2024-10-21;beau;0.0;23.0;0.45;68.74;beau;beau;;;;BEAU;;;;BEAU
2024-10-22;pluie;16.0;14.0;0.8;57.29;pluie;pluie;;;;PLUIE;;;;PLUIE
2024-10-23;brouillard/couvert;0.0;17.0;0.63;61.66;brouillard/couvert;brouillard;couvert;;;COUVERT;COUVERT;;;COUVERT|COUVERT
2024-10-24;beau;0.0;23.0;0.46;68.83;beau;beau;;;;BEAU;;;;BEAU
2024-10-25;couvert/pluie;7.0;18.0;0.67;63.24;couvert/pluie;couvert;pluie;;;COUVERT;PLUIE;;;COUVERT|PLUIE
2024-10-26;pluie;6.0;12.0;0.81;54.06;pluie;pluie;;;;PLUIE;;;;PLUIE
2024-10-27;bruine/couvert/éclaircies;0.0;15.0;0.61;58.79;bruine/couvert/éclaircies;bruine;couvert;éclaircies;;PLUIE;COUVERT;ECLAIRCIES;;COUVERT|ECLAIRCIES|PLUIE
2024-10-28;couvert/pluie;11.0;13.0;0.78;55.71;couvert/pluie;couvert;pluie;;;COUVERT;PLUIE;;;COUVERT|PLUIE
2024-10-29;brouillard/couvert;1.0;15.0;0.74;58.86;brouillard/couvert;brouillard;couvert;;;COUVERT;COUVERT;;;COUVERT|COUVERT
2024-10-30;nuageux/couvert;0.0;22.0;0.53;68.08;nuageux/couvert;nuageux;couvert;;;COUVERT;COUVERT;;;COUVERT|COUVERT
2024-10-31;beau;0.0;19.0;0.74;65.03;beau;beau;;;;BEAU;;;;BEAU
2024-11-01;beau;0.0;24.0;0.44;69.9;beau;beau;;;;BEAU;;;;BEAU
2024-11-02;couvert/éclaircies;0.0;22.0;0.49;67.79;couvert/éclaircies;couvert;éclaircies;;;COUVERT;ECLAIRCIES;;;COUVERT|ECLAIRCIES
2024-11-03;beau;0.0;25.0;0.36;70.31;beau;beau;;;;BEAU;;;;BEAU
2024-11-04;beau/nuageux;0.0;18.0;0.68;63.27;beau/nuageux;beau;nuageux;;;BEAU;COUVERT;;;BEAU|COUVERT
2024-11-05;nuageux/;0.0;21.0;0.49;66.49;nuageux/;nuageux;;;;COUVERT;;;;COUVERT
2024-11-06;beau;0.0;25.0;0.38;70.52;beau;beau;;;;BEAU;;;;BEAU
2024-11-07;beau;0.0;24.0;0.36;69.15;beau;beau;;;;BEAU;;;;BEAU
2024-11-08;beau/voilé;0.0;25.0;0.34;70.1;beau/voilé;beau;voilé;;;BEAU;COUVERT;;;BEAU|COUVERT
2024-11-09;couvert/pluie;19.0;16.0;0.74;60.4;couvert/pluie;couvert;pluie;;;COUVERT;PLUIE;;;COUVERT|PLUIE
2024-11-10;pluie/couvert;0.0;15.0;0.59;58.77;pluie/couvert;pluie;couvert;;;PLUIE;COUVERT;;;COUVERT|PLUIE
2024-11-11;couvert;0.0;15.0;0.62;58.79;couvert;couvert;;;;COUVERT;;;;COUVERT
2024-11-12;couvert/pluie;9.0;7.0;0.78;46.22;couvert/pluie;couvert;pluie;;;COUVERT;PLUIE;;;COUVERT|PLUIE
2024-11-13;couvert;0.0;10.0;0.74;51.14;couvert;couvert;;;;COUVERT;;;;COUVERT
2024-11-14;beau;0.0;12.0;0.5549999999999999;54.68;beau;beau;;;;BEAU;;;;BEAU
2024-11-15;beau;0.0;18.0;0.37;62.18;beau;beau;;;;BEAU;;;;BEAU
2024-11-16;beau;0.0;21.0;0.34;65.52;beau;beau;;;;BEAU;;;;BEAU
2024-11-17;voilé/couvert;0.0;16.0;0.45;59.95;voilé/couvert;voilé;couvert;;;COUVERT;COUVERT;;;COUVERT|COUVERT
2024-11-18;couvert;0.0;11.0;0.64;53.03;couvert;couvert;;;;COUVERT;;;;COUVERT
2024-11-19;gris;0.0;13.0;0.69;55.84;gris;gris;;;;COUVERT;;;;COUVERT
2024-11-20;pluie;21.0;8.0;0.82;47.55;pluie;pluie;;;;PLUIE;;;;PLUIE
2024-11-21;gris;0.0;16.0;0.52;60.06;gris;gris;;;;COUVERT;;;;COUVERT
2024-11-22;pluie/éclaircies;0.0;8.0;0.66;48.57;pluie/éclaircies;pluie;éclaircies;;;PLUIE;ECLAIRCIES;;;ECLAIRCIES|PLUIE
2024-11-23;beau;0.0;12.0;0.54;54.71;beau;beau;;;;BEAU;;;;BEAU
2024-11-24;ensoleillé;0.0;22.0;0.42;67.26;ensoleillé;ensoleillé;;;;BEAU;;;;BEAU
2024-11-25;couvert/pluie;9.0;17.0;0.64;61.69;couvert/pluie;couvert;pluie;;;COUVERT;PLUIE;;;COUVERT|PLUIE
2024-11-26;gris;0.0;13.0;0.54;56.06;gris;gris;;;;COUVERT;;;;COUVERT
2024-11-27;beau;0.0;18.0;0.31;61.97;beau;beau;;;;BEAU;;;;BEAU
2024-11-28;beau;0.0;19.0;0.32;63.13;beau;beau;;;;BEAU;;;;BEAU
2024-11-29;beau;0.0;20.0;0.3399999999999999;64.37;beau;beau;;;;BEAU;;;;BEAU
2024-11-30;beau;0.0;21.0;0.36;65.65;beau;beau;;;;BEAU;;;;BEAU
2024-12-01;beau;0.0;22.0;0.37;66.89;beau;beau;;;;BEAU;;;;BEAU
2024-12-02;couvert/pluie;9.0;11.0;0.82;52.41;couvert/pluie;couvert;pluie;;;COUVERT;PLUIE;;;COUVERT|PLUIE
2024-12-03;couvert/éclaircies/pluie;2.0;10.0;0.68;51.41;couvert/éclaircies/pluie;couvert;éclaircies;pluie;;COUVERT;ECLAIRCIES;PLUIE;;COUVERT|ECLAIRCIES|PLUIE
2024-12-04;éclaircies/beau;0.0;10.0;0.505;52.18;éclaircies/beau;éclaircies;beau;;;ECLAIRCIES;BEAU;;;BEAU|ECLAIRCIES
2024-12-05;beau;0.0;14.0;0.33;57.49;beau;beau;;;;BEAU;;;;BEAU
2024-12-06;pluie;6.0;13.0;0.82;55.66;pluie;pluie;;;;PLUIE;;;;PLUIE
2024-12-07;couvert/tempête;15.0;10.0;0.72;51.23;couvert/tempête;couvert;tempête;;;COUVERT;VENT;;;COUVERT|VENT
2024-12-08;couvert/pluie;17.0;6.0;0.7;45.31;couvert/pluie;couvert;pluie;;;COUVERT;PLUIE;;;COUVERT|PLUIE
2024-12-09;pluie;21.0;5.0;0.82;42.68;pluie;pluie;;;;PLUIE;;;;PLUIE
2024-12-10;couvert;0.0;4.0;0.71;42.2;couvert;couvert;;;;COUVERT;;;;COUVERT
2024-12-11;couvert/éclaircie;0.0;5.0;0.68;43.99;couvert/éclaircie;couvert;éclaircie;;;COUVERT;ECLAIRCIES;;;COUVERT|ECLAIRCIES
2024-12-12;éclaircie;0.0;14.0;0.43;57.45;éclaircie;éclaircie;;;;ECLAIRCIES;;;;ECLAIRCIES
2024-12-13;ensoleillé;0.0;13.0;0.45;56.19;ensoleillé;ensoleillé;;;;BEAU;;;;BEAU
2024-12-14;ensoleillé/pluie;5.0;10.0;0.62;51.67;ensoleillé/pluie;ensoleillé;pluie;;;BEAU;PLUIE;;;BEAU|PLUIE
2024-12-15;pluie/éclaircies;2.0;6.0;0.79;44.56;pluie/éclaircies;pluie;éclaircies;;;PLUIE;ECLAIRCIES;;;ECLAIRCIES|PLUIE
2024-12-16;beau;0.0;15.0;0.38;58.66;beau;beau;;;;BEAU;;;;BEAU
2024-12-17;beau;0.0;16.0;0.375;59.84;beau;beau;;;;BEAU;;;;BEAU
2024-12-18;beau;0.0;17.0;0.37;61.01;beau;beau;;;;BEAU;;;;BEAU
2024-12-19;ensoleillé/pluie;14.0;11.0;0.78;52.55;ensoleillé/pluie;ensoleillé;pluie;;;BEAU;PLUIE;;;BEAU|PLUIE
2024-12-20;ensoleillé;0.0;10.0;0.38;52.73;ensoleillé;ensoleillé;;;;BEAU;;;;BEAU
2024-12-21;pluie;2.0;8.0;0.8;47.68;pluie;pluie;;;;PLUIE;;;;PLUIE
2024-12-22;couvert/pluie;14.0;12.0;0.62;54.52;couvert/pluie;couvert;pluie;;;COUVERT;PLUIE;;;COUVERT|PLUIE
2024-12-23;pluie;2.0;5.0;0.68;43.99;pluie;pluie;;;;PLUIE;;;;PLUIE
2024-12-24;pluie;5.0;10.0;0.85;50.66;pluie;pluie;;;;PLUIE;;;;PLUIE
2024-12-25;brouillard épais;1.0;8.0;0.81;47.61;brouillard épais;brouillard épais;;;;COUVERT;;;;COUVERT
2024-12-26;brouillard/;0.0;6.0;0.77;44.72;brouillard/;brouillard;;;;COUVERT;;;;COUVERT
2024-12-27;brumeux/beau;0.0;14.0;0.34;57.49;brumeux/beau;brumeux;beau;;;COUVERT;BEAU;;;BEAU|COUVERT
2024-12-28;beau;0.0;13.0;0.38;56.29;beau;beau;;;;BEAU;;;;BEAU
2024-12-29;éclaircie;0.0;8.0;0.55;49.27;éclaircie;éclaircie;;;;ECLAIRCIES;;;;ECLAIRCIES
2024-12-30;beau/brouillard épais;0.0;7.0;0.46;48.58;beau/brouillard épais;beau;brouillard épais;;;BEAU;COUVERT;;;BEAU|COUVERT
2024-12-31;beau;0.0;9.0;0.4;51.43;beau;beau;;;;BEAU;;;;BEAU
2025-01-01;beau;0.0;14.0;0.37;57.48;beau;beau;;;;BEAU;;;;BEAU
2025-01-02;beau/voilé;0.0;10.0;0.48;52.29;beau/voilé;beau;voilé;;;BEAU;COUVERT;;;BEAU|COUVERT
2025-01-03;pluie;6.0;10.0;0.75;51.1;pluie;pluie;;;;PLUIE;;;;PLUIE
2025-01-04;pluie/éclaircies;0.0;12.0;0.81;54.06;pluie/éclaircies;pluie;éclaircies;;;PLUIE;ECLAIRCIES;;;ECLAIRCIES|PLUIE
2025-01-05;nuageux;0.0;11.0;0.69;52.86;nuageux;nuageux;;;;COUVERT;;;;COUVERT
2025-01-06;éclaircies/couvert/pluie;7.0;10.0;0.72;51.23;éclaircies/couvert/pluie;éclaircies;couvert;pluie;;ECLAIRCIES;COUVERT;PLUIE;;COUVERT|ECLAIRCIES|PLUIE
2025-01-07;beau;0.0;14.0;0.28;57.52;beau;beau;;;;BEAU;;;;BEAU
2025-01-08;voilé;0.0;17.0;0.44;61.18;voilé;voilé;;;;COUVERT;;;;COUVERT
2025-01-09;éclaircies/vent/pluie;1.0;14.0;0.44;57.45;éclaircies/vent/pluie;éclaircies;vent;pluie;;ECLAIRCIES;VENT;PLUIE;;ECLAIRCIES|PLUIE|VENT
2025-01-10;éclaircies/pluie;13.0;16.0;0.44;59.94;éclaircies/pluie;éclaircies;pluie;;;ECLAIRCIES;PLUIE;;;ECLAIRCIES|PLUIE
2025-01-11;pluie/couvert/pluie;3.0;11.0;0.58;53.23;pluie/couvert/pluie;pluie;couvert;pluie;;PLUIE;COUVERT;PLUIE;;COUVERT|PLUIE|PLUIE
2025-01-12;beau;0.0;4.0;0.42;45.2;beau;beau;;;;BEAU;;;;BEAU
2025-01-13;beau;0.0;7.0;0.35;49.39;beau;beau;;;;BEAU;;;;BEAU
2025-01-14;beau;0.0;5.0;0.39;46.7;beau;beau;;;;BEAU;;;;BEAU
2025-01-15;voilé;0.0;6.0;0.37;48.07;voilé;voilé;;;;COUVERT;;;;COUVERT
2025-01-16;pluie/éclaircies;1.0;12.0;0.37;55.12;pluie/éclaircies;pluie;éclaircies;;;PLUIE;ECLAIRCIES;;;ECLAIRCIES|PLUIE
2025-01-17;brouillard épais/beau;0.0;14.0;0.33;57.49;brouillard épais/beau;brouillard épais;beau;;;COUVERT;BEAU;;;BEAU|COUVERT
2025-01-18;éclaircies/;0.0;8.0;0.46;49.85;éclaircies/;éclaircies;;;;ECLAIRCIES;;;;ECLAIRCIES
2025-01-19;nuageux;0.0;10.0;0.46;52.38;nuageux;nuageux;;;;COUVERT;;;;COUVERT
2025-01-20;éclaircies/;0.0;14.0;0.28;57.52;éclaircies/;éclaircies;;;;ECLAIRCIES;;;;ECLAIRCIES
2025-01-21;voilé;0.0;12.0;0.43;54.98;voilé;voilé;;;;COUVERT;;;;COUVERT
2025-01-22;nuageux;0.0;15.0;0.51;58.73;nuageux;nuageux;;;;COUVERT;;;;COUVERT
2025-01-23;pluie/éclaircies;5.0;8.0;0.69;48.38;pluie/éclaircies;pluie;éclaircies;;;PLUIE;ECLAIRCIES;;;ECLAIRCIES|PLUIE
2025-01-24;beau/couvert;0.0;12.0;0.62;54.52;beau/couvert;beau;couvert;;;BEAU;COUVERT;;;BEAU|COUVERT
2025-01-25;couvert/pluie;9.0;11.0;0.65;52.99;couvert/pluie;couvert;pluie;;;COUVERT;PLUIE;;;COUVERT|PLUIE
2025-01-26;couvert;0.0;13.0;0.54;56.06;couvert;couvert;;;;COUVERT;;;;COUVERT
2025-01-27;éclaircies/pluie;10.0;13.0;0.59;55.99;éclaircies/pluie;éclaircies;pluie;;;ECLAIRCIES;PLUIE;;;ECLAIRCIES|PLUIE
2025-01-28;éclaircies/pluie/;13.0;11.0;0.39;53.88;éclaircies/pluie/;éclaircies;pluie;;;ECLAIRCIES;PLUIE;;;ECLAIRCIES|PLUIE
2025-01-29;beau;0.0;16.0;0.42;59.91;beau;beau;;;;BEAU;;;;BEAU
2025-01-30;beau/dégradation/pluie;10.0;16.0;0.36;59.81;beau/dégradation/pluie;beau;dégradation;pluie;;BEAU;INSTABLE;PLUIE;;BEAU|INSTABLE|PLUIE
2025-01-31;couvert;0.0;7.0;0.64;47.25;couvert;couvert;;;;COUVERT;;;;COUVERT
2025-02-01;beau;0.0;13.0;0.27;56.44;beau;beau;;;;BEAU;;;;BEAU
2025-02-02;beau;0.0;8.0;0.4;50.23;beau;beau;;;;BEAU;;;;BEAU
2025-02-03;beau;0.0;8.0;0.42;50.1;beau;beau;;;;BEAU;;;;BEAU
2025-02-04;beau;0.0;11.0;0.27;54.29;beau;beau;;;;BEAU;;;;BEAU
2025-02-05;beau;0.0;12.0;0.21;55.51;beau;beau;;;;BEAU;;;;BEAU
2025-02-06;beau;0.0;12.0;0.24;55.44;beau;beau;;;;BEAU;;;;BEAU
2025-02-07;gris;0.0;9.0;0.55;50.63;gris;gris;;;;COUVERT;;;;COUVERT
2025-02-08;pluie/couvert/éclaircies;9.0;7.0;0.47;48.51;pluie/couvert/éclaircies;pluie;couvert;éclaircies;;PLUIE;COUVERT;ECLAIRCIES;;COUVERT|ECLAIRCIES|PLUIE
2025-02-09;couvert/pluie;1.0;7.0;0.58;47.7;couvert/pluie;couvert;pluie;;;COUVERT;PLUIE;;;COUVERT|PLUIE
2025-02-10;ensoleillé ;0.0;13.0;0.41;56.24;ensoleillé;ensoleillé;;;;BEAU;;;;BEAU
2025-02-11;voilé;0.0;13.0;0.45;56.19;voilé;voilé;;;;COUVERT;;;;COUVERT
2025-02-12;couvert/pluie;8.0;11.0;0.6;53.16;couvert/pluie;couvert;pluie;;;COUVERT;PLUIE;;;COUVERT|PLUIE
2025-02-13;éclaircies;0.0;11.0;0.43;53.74;éclaircies;éclaircies;;;;ECLAIRCIES;;;;ECLAIRCIES
2025-02-14;pluie;5.0;11.0;0.84;52.35;pluie;pluie;;;;PLUIE;;;;PLUIE
2025-02-15;brouillard/voilé;0.0;12.0;0.46;54.91;brouillard/voilé;brouillard;voilé;;;COUVERT;COUVERT;;;COUVERT|COUVERT
2025-02-16;voilé;0.0;13.0;0.42;56.23;voilé;voilé;;;;COUVERT;;;;COUVERT
2025-02-17;voilé/beau;0.0;13.0;0.53;56.07;voilé/beau;voilé;beau;;;COUVERT;BEAU;;;BEAU|COUVERT
2025-02-18;voilé;0.0;13.0;0.47;56.16;voilé;voilé;;;;COUVERT;;;;COUVERT
2025-02-19;voilé;0.0;15.0;0.34;58.64;voilé;voilé;;;;COUVERT;;;;COUVERT
2025-02-20;voilé;0.0;15.0;0.41;58.68;voilé;voilé;;;;COUVERT;;;;COUVERT
2025-02-21;voilé;0.0;14.0;0.48;57.43;voilé;voilé;;;;COUVERT;;;;COUVERT
2025-02-22;pluie fine/couvert;4.0;11.0;0.71;52.79;pluie fine/couvert;pluie fine;couvert;;;PLUIE;COUVERT;;;COUVERT|PLUIE
2025-02-23;beau;0.0;12.0;0.46;54.91;beau;beau;;;;BEAU;;;;BEAU
2025-02-24;couvert;0.0;11.0;0.52;53.44;couvert;couvert;;;;COUVERT;;;;COUVERT
2025-02-25;pluie/couvert/;3.0;10.0;0.67;51.45;pluie/couvert/;pluie;couvert;;;PLUIE;COUVERT;;;COUVERT|PLUIE
2025-02-26;ensoleillé ;0.0;10.0;0.39;52.68;ensoleillé;ensoleillé;;;;BEAU;;;;BEAU
2025-02-27;voilé/couvert;0.0;12.0;0.33;55.22;voilé/couvert;voilé;couvert;;;COUVERT;COUVERT;;;COUVERT|COUVERT
2025-02-28;voilé/couvert;0.0;12.0;0.37;55.12;voilé/couvert;voilé;couvert;;;COUVERT;COUVERT;;;COUVERT|COUVERT
2025-03-01;variable;0.0;11.0;0.36;53.98;variable;variable;;;;INSTABLE;;;;INSTABLE
2025-03-02;couvert/ensoleillé;0.0;12.0;0.34;55.2;couvert/ensoleillé;couvert;ensoleillé;;;COUVERT;BEAU;;;BEAU|COUVERT
2025-03-03;voilé;0.0;14.0;0.32;57.5;voilé;voilé;;;;COUVERT;;;;COUVERT
2025-03-04;ensoleillé ;0.0;15.0;0.39;58.66;ensoleillé;ensoleillé;;;;BEAU;;;;BEAU
2025-03-05;beau;0.0;17.0;0.28;60.78;beau;beau;;;;BEAU;;;;BEAU
2025-03-06;beau;0.0;17.0;0.34;60.93;beau;beau;;;;BEAU;;;;BEAU
2025-03-07;beau;0.0;18.0;0.32;62.01;beau;beau;;;;BEAU;;;;BEAU
2025-03-08;nuageux;0.0;15.0;0.58;58.77;nuageux;nuageux;;;;COUVERT;;;;COUVERT
2025-03-09;pluie/éclaircies;4.0;13.0;0.61;55.96;pluie/éclaircies;pluie;éclaircies;;;PLUIE;ECLAIRCIES;;;ECLAIRCIES|PLUIE
2025-03-10;éclaircies/orages;1.0;14.0;0.48;57.43;éclaircies/orages;éclaircies;orages;;;ECLAIRCIES;ORAGE;;;ECLAIRCIES|ORAGE
2025-03-11;ensoleillé ;0.0;15.0;0.4;58.67;ensoleillé;ensoleillé;;;;BEAU;;;;BEAU
2025-03-12;pluie/éclaircies;15.0;11.5;0.5449999999999999;54.03;pluie/éclaircies;pluie;éclaircies;;;PLUIE;ECLAIRCIES;;;ECLAIRCIES|PLUIE
2025-03-13;couvert/pluie;7.0;8.0;0.69;48.38;couvert/pluie;couvert;pluie;;;COUVERT;PLUIE;;;COUVERT|PLUIE
2025-03-14;pluie/couvert/;2.0;6.0;0.7;45.31;pluie/couvert/;pluie;couvert;;;PLUIE;COUVERT;;;COUVERT|PLUIE
2025-03-15;mitigé;0.0;7.0;0.38;49.17;mitigé;mitigé;;;;INSTABLE;;;;INSTABLE
2025-03-16;couvert/pluie;0.0;9.0;0.4;51.43;couvert/pluie;couvert;pluie;;;COUVERT;PLUIE;;;COUVERT|PLUIE
2025-03-17;beau;0.0;12.0;0.28;55.34;beau;beau;;;;BEAU;;;;BEAU
2025-03-18;beau;0.0;15.0;0.31;58.62;beau;beau;;;;BEAU;;;;BEAU
2025-03-19;ensoleillé ;0.0;18.0;0.37;62.18;ensoleillé;ensoleillé;;;;BEAU;;;;BEAU
2025-03-20;nuageux;0.0;14.0;0.66;57.35;nuageux;nuageux;;;;COUVERT;;;;COUVERT
2025-03-21;vent/pluie/éclaircies;5.0;13.0;0.78;55.71;vent/pluie/éclaircies;vent;pluie;éclaircies;;VENT;PLUIE;ECLAIRCIES;;ECLAIRCIES|PLUIE|VENT
2025-03-22;ensoleillé/orage sec;0.0;15.0;0.37;58.65;ensoleillé/orage sec;ensoleillé;orage sec;;;BEAU;ORAGE;;;BEAU|ORAGE
2025-03-23;pluie;17.0;10.0;0.77;51.01;pluie;pluie;;;;PLUIE;;;;PLUIE
2025-03-24;éclaircies/grêle et pluie;7.0;15.0;0.34;58.64;éclaircies/grêle et pluie;éclaircies;grêle et pluie;;;ECLAIRCIES;PLUIE_MIXTE;;;ECLAIRCIES|PLUIE_MIXTE
2025-03-25;couvert/pluie;27.0;12.0;0.76;54.18;couvert/pluie;couvert;pluie;;;COUVERT;PLUIE;;;COUVERT|PLUIE
2025-03-26;couvert;0.0;10.0;0.72;51.23;couvert;couvert;;;;COUVERT;;;;COUVERT
2025-03-27;couvert;0.0;11.0;0.64;53.03;couvert;couvert;;;;COUVERT;;;;COUVERT
2025-03-28;couvert;0.0;11.0;0.54;53.37;couvert;couvert;;;;COUVERT;;;;COUVERT
2025-03-29;éclaircies;1.0;8.0;0.52;49.46;éclaircies;éclaircies;;;;ECLAIRCIES;;;;ECLAIRCIES
2025-03-30;beau;0.0;12.0;0.33;55.22;beau;beau;;;;BEAU;;;;BEAU
2025-03-31;beau;0.0;14.0;0.43;57.45;beau;beau;;;;BEAU;;;;BEAU
2025-04-01;beau;0.0;16.0;0.35;59.8;beau;beau;;;;BEAU;;;;BEAU
2025-04-02;beau;0.0;16.0;0.36;59.81;beau;beau;;;;BEAU;;;;BEAU
2025-04-03;couvert/éclaircies;0.0;12.0;0.57;54.64;couvert/éclaircies;couvert;éclaircies;;;COUVERT;ECLAIRCIES;;;COUVERT|ECLAIRCIES
2025-04-04;couvert/éclaircies;0.0;15.0;0.57;58.76;couvert/éclaircies;couvert;éclaircies;;;COUVERT;ECLAIRCIES;;;COUVERT|ECLAIRCIES
2025-04-05;beau;0.0;16.0;0.49;60.01;beau;beau;;;;BEAU;;;;BEAU
2025-04-06;ensoleillé;0.0;19.0;0.41;63.54;ensoleillé;ensoleillé;;;;BEAU;;;;BEAU
2025-04-07;ensoleillé;0.0;17.0;0.44;61.18;ensoleillé;ensoleillé;;;;BEAU;;;;BEAU
2025-04-08;beau;0.0;19.0;0.35;63.27;beau;beau;;;;BEAU;;;;BEAU
2025-04-09;voilé;0.0;17.0;0.42;61.13;voilé;voilé;;;;COUVERT;;;;COUVERT
2025-04-10;beau/voilé;0.0;20.0;0.42;64.81;beau/voilé;beau;voilé;;;BEAU;COUVERT;;;BEAU|COUVERT
2025-04-11;voilé;0.0;18.0;0.5;62.64;voilé;voilé;;;;COUVERT;;;;COUVERT
2025-04-12;ensoleillé;0.0;20.0;0.42;64.81;ensoleillé;ensoleillé;;;;BEAU;;;;BEAU
2025-04-13;pluie;13.0;14.0;0.75;57.31;pluie;pluie;;;;PLUIE;;;;PLUIE
2025-04-14;éclaircies/pluie;2.0;18.0;0.52;62.71;éclaircies/pluie;éclaircies;pluie;;;ECLAIRCIES;PLUIE;;;ECLAIRCIES|PLUIE
2025-04-15;pluie;18.0;10.0;0.67;51.45;pluie;pluie;;;;PLUIE;;;;PLUIE
2025-04-16;pluie/éclaircies;5.0;9.0;0.62;50.25;pluie/éclaircies;pluie;éclaircies;;;PLUIE;ECLAIRCIES;;;ECLAIRCIES|PLUIE
2025-04-17;petites averses/éclaircies;1.0;11.0;0.49;53.54;petites averses/éclaircies;petites averses;éclaircies;;;PLUIE;ECLAIRCIES;;;ECLAIRCIES|PLUIE
2025-04-18;beau/voilé;0.0;17.0;0.4;61.08;beau/voilé;beau;voilé;;;BEAU;COUVERT;;;BEAU|COUVERT
2025-04-19;éclaircies/pluie;7.0;16.0;0.56;60.12;éclaircies/pluie;éclaircies;pluie;;;ECLAIRCIES;PLUIE;;;ECLAIRCIES|PLUIE
2025-04-20;ensoleillé/pluie;3.0;13.0;0.48;56.14;ensoleillé/pluie;ensoleillé;pluie;;;BEAU;PLUIE;;;BEAU|PLUIE
2025-04-21;ensoleillé;0.0;15.0;0.36;58.65;ensoleillé;ensoleillé;;;;BEAU;;;;BEAU
2025-04-22;pluie;7.0;11.0;0.74;52.69;pluie;pluie;;;;PLUIE;;;;PLUIE
2025-04-23;éclaircies/couvert;0.0;14.0;0.47;57.43;éclaircies/couvert;éclaircies;couvert;;;ECLAIRCIES;COUVERT;;;COUVERT|ECLAIRCIES
2025-04-24;éclaircies;0.0;16.0;0.53;60.08;éclaircies;éclaircies;;;;ECLAIRCIES;;;;ECLAIRCIES
2025-04-25;beau;0.0;19.0;0.31;63.09;beau;beau;;;;BEAU;;;;BEAU
2025-04-26;pluie;31.0;12.0;0.8;54.08;pluie;pluie;;;;PLUIE;;;;PLUIE
2025-04-27;pluie/éclaircies;4.0;14.0;0.64;57.36;pluie/éclaircies;pluie;éclaircies;;;PLUIE;ECLAIRCIES;;;ECLAIRCIES|PLUIE
2025-04-28;éclaircies/pluie;2.0;16.0;0.48;60.0;éclaircies/pluie;éclaircies;pluie;;;ECLAIRCIES;PLUIE;;;ECLAIRCIES|PLUIE
2025-04-29;beau;0.0;21.0;0.4;65.91;beau;beau;;;;BEAU;;;;BEAU
2025-04-30;beau;0.0;24.0;0.35;69.05;beau;beau;;;;BEAU;;;;BEAU
2025-05-01;voilé;0.0;18.0;0.53;62.75;voilé;voilé;;;;COUVERT;;;;COUVERT
2025-05-02;voilé/couvert/éclaircies;0.0;18.0;0.5;62.64;voilé/couvert/éclaircies;voilé;couvert;éclaircies;;COUVERT;COUVERT;ECLAIRCIES;;COUVERT|COUVERT|ECLAIRCIES
2025-05-03;ensoleillé/orageux;0.0;20.0;0.51;65.3;ensoleillé/orageux;ensoleillé;orageux;;;BEAU;ORAGE;;;BEAU|ORAGE
2025-05-04;orageux/orages;42.0;18.0;0.62;63.06;orageux/orages;orageux;orages;;;ORAGE;ORAGE;;;ORAGE|ORAGE
2025-05-05;pluie;7.0;12.0;0.73;54.25;pluie;pluie;;;;PLUIE;;;;PLUIE
2025-05-06;éclaircies;0.0;14.0;0.39;57.47;éclaircies;éclaircies;;;;ECLAIRCIES;;;;ECLAIRCIES
2025-05-07;variable;0.0;16.0;0.35;59.8;variable;variable;;;;INSTABLE;;;;INSTABLE
2025-05-08;variable/pluie;3.0;16.0;0.39;59.86;variable/pluie;variable;pluie;;;INSTABLE;PLUIE;;;INSTABLE|PLUIE
2025-05-09;ensoleillé;0.0;17.0;0.43;61.16;ensoleillé;ensoleillé;;;;BEAU;;;;BEAU
2025-05-10;ensoleillé;0.0;20.0;0.49;65.19;ensoleillé;ensoleillé;;;;BEAU;;;;BEAU
2025-05-11;couvert/averse orageuse;9.0;16.0;0.63;60.23;couvert/averse orageuse;couvert;averse orageuse;;;COUVERT;ORAGE;;;COUVERT|ORAGE
2025-05-12;éclaircies/pluie;0.0;18.0;0.36;62.15;éclaircies/pluie;éclaircies;pluie;;;ECLAIRCIES;PLUIE;;;ECLAIRCIES|PLUIE
2025-05-13;ensoleillé/orage;18.0;18.0;0.39;62.25;ensoleillé/orage;ensoleillé;orage;;;BEAU;ORAGE;;;BEAU|ORAGE
2025-05-14;beau;0.0;19.0;0.5;63.94;beau;beau;;;;BEAU;;;;BEAU
2025-05-15;couvert/éclaircies;0.0;19.0;0.43;63.63;couvert/éclaircies;couvert;éclaircies;;;COUVERT;ECLAIRCIES;;;COUVERT|ECLAIRCIES
2025-05-16;éclaircies;0.0;19.0;0.4;63.49;éclaircies;éclaircies;;;;ECLAIRCIES;;;;ECLAIRCIES
2025-05-17;beau;0.0;20.0;0.39;64.64;beau;beau;;;;BEAU;;;;BEAU
2025-05-18;beau/voilé;0.0;22.0;0.41;67.19;beau/voilé;beau;voilé;;;BEAU;COUVERT;;;BEAU|COUVERT
2025-05-19;voilé/couvert/orage;25.0;22.0;0.54;68.16;voilé/couvert/orage;voilé;couvert;orage;;COUVERT;COUVERT;ORAGE;;COUVERT|COUVERT|ORAGE
2025-05-20;pluie/couvert/;1.0;15.0;0.7;58.84;pluie/couvert/;pluie;couvert;;;PLUIE;COUVERT;;;COUVERT|PLUIE
2025-05-21;éclaircies;0.0;18.0;0.42;62.36;éclaircies;éclaircies;;;;ECLAIRCIES;;;;ECLAIRCIES
2025-05-22;pluie/couvert/éclaircies;6.0;15.0;0.5;58.72;pluie/couvert/éclaircies;pluie;couvert;éclaircies;;PLUIE;COUVERT;ECLAIRCIES;;COUVERT|ECLAIRCIES|PLUIE
2025-05-23;éclaircies;0.0;18.0;0.49;62.6;éclaircies;éclaircies;;;;ECLAIRCIES;;;;ECLAIRCIES
2025-05-24;couvert/ensoleillé;0.0;16.0;0.54;60.09;couvert/ensoleillé;couvert;ensoleillé;;;COUVERT;BEAU;;;BEAU|COUVERT
2025-05-25;ensoleillé;0.0;21.0;0.42;66.04;ensoleillé;ensoleillé;;;;BEAU;;;;BEAU
2025-05-26;couvert;0.0;17.0;0.6;61.59;couvert;couvert;;;;COUVERT;;;;COUVERT
2025-05-27;couvert/éclaircies/beau;0.0;18.0;0.45;62.46;couvert/éclaircies/beau;couvert;éclaircies;beau;;COUVERT;ECLAIRCIES;BEAU;;BEAU|COUVERT|ECLAIRCIES
2025-05-28;beau;0.0;22.0;0.42;67.26;beau;beau;;;;BEAU;;;;BEAU
2025-05-29;beau;0.0;25.0;0.38;70.52;beau;beau;;;;BEAU;;;;BEAU
2025-05-30;beau;0.0;29.0;0.36;74.98;beau;beau;;;;BEAU;;;;BEAU
2025-05-31;beau;0.0;28.0;0.37;73.95;beau;beau;;;;BEAU;;;;BEAU
2025-06-01;couvert/orages;16.0;21.0;0.65;67.53;couvert/orages;couvert;orages;;;COUVERT;ORAGE;;;COUVERT|ORAGE
2025-06-02;pluie;12.0;17.0;0.79;62.07;pluie;pluie;;;;PLUIE;;;;PLUIE
2025-06-03;ensoleillé/couvert;0.0;22.0;0.49;67.79;ensoleillé/couvert;ensoleillé;couvert;;;BEAU;COUVERT;;;BEAU|COUVERT
2025-06-04;pluie/couvert/pluie;14.0;19.0;0.51;63.99;pluie/couvert/pluie;pluie;couvert;pluie;;PLUIE;COUVERT;PLUIE;;COUVERT|PLUIE|PLUIE
2025-06-05;couvert/éclaircies;0.0;18.0;0.62;63.06;couvert/éclaircies;couvert;éclaircies;;;COUVERT;ECLAIRCIES;;;COUVERT|ECLAIRCIES
2025-06-06;ensoleillé/couvert;0.0;22.0;0.51;67.93;ensoleillé/couvert;ensoleillé;couvert;;;BEAU;COUVERT;;;BEAU|COUVERT
2025-06-07;pluie/couvert/;2.0;17.0;0.65;61.71;pluie/couvert/;pluie;couvert;;;PLUIE;COUVERT;;;COUVERT|PLUIE
2025-06-08;couvert/éclaircies;0.0;19.0;0.54;64.13;couvert/éclaircies;couvert;éclaircies;;;COUVERT;ECLAIRCIES;;;COUVERT|ECLAIRCIES
2025-06-09;beau;0.0;23.0;0.44;68.66;beau;beau;;;;BEAU;;;;BEAU
2025-06-10;beau;0.0;28.0;0.33;73.41;beau;beau;;;;BEAU;;;;BEAU
2025-06-11;beau/orageux;0.0;30.0;0.46;77.68;beau/orageux;beau;orageux;;;BEAU;ORAGE;;;BEAU|ORAGE
2025-06-12;beau;0.0;28.0;0.53;76.09;beau;beau;;;;BEAU;;;;BEAU
2025-06-13;beau/orageux/pluie;0.5;28.0;0.52;75.96;beau/orageux/pluie;beau;orageux;pluie;;BEAU;ORAGE;PLUIE;;BEAU|ORAGE|PLUIE
2025-06-14;couvert/pluie;1.5;21.0;0.65;67.53;couvert/pluie;couvert;pluie;;;COUVERT;PLUIE;;;COUVERT|PLUIE
2025-06-15;orages faibles;4.5;16.0;0.75;60.42;orages faibles;orages faibles;;;;ORAGE;;;;ORAGE
2025-06-16;éclaircies;0.0;23.0;0.46;68.83;éclaircies;éclaircies;;;;ECLAIRCIES;;;;ECLAIRCIES
2025-06-17;beau;0.0;27.0;0.3;71.9;beau;beau;;;;BEAU;;;;BEAU
2025-06-18;beau;0.0;27.0;0.38;72.89;beau;beau;;;;BEAU;;;;BEAU
2025-06-19;beau;0.0;30.0;0.38;76.45;beau;beau;;;;BEAU;;;;BEAU
2025-06-20;beau;0.0;30.0;0.3;75.22;beau;beau;;;;BEAU;;;;BEAU
2025-06-21;beau;0.0;32.0;0.34;78.13;beau;beau;;;;BEAU;;;;BEAU
2025-06-22;bruine/voilé/orageux;0.0;29.0;0.51;77.14;bruine/voilé/orageux;bruine;voilé;orageux;;PLUIE;COUVERT;ORAGE;;COUVERT|ORAGE|PLUIE
2025-06-23;couvert/éclaircies;0.0;25.0;0.55;72.3;couvert/éclaircies;couvert;éclaircies;;;COUVERT;ECLAIRCIES;;;COUVERT|ECLAIRCIES
2025-06-24;beau/orageux;0.0;30.0;0.48;77.99;beau/orageux;beau;orageux;;;BEAU;ORAGE;;;BEAU|ORAGE
2025-06-25;voilé;0.0;30.0;0.55;79.07;voilé;voilé;;;;COUVERT;;;;COUVERT
2025-06-26;couvert;0.0;24.0;0.5;70.47;couvert;couvert;;;;COUVERT;;;;COUVERT
2025-06-27;beau;0.0;29.0;0.35;74.83;beau;beau;;;;BEAU;;;;BEAU
2025-06-28;beau;0.0;32.0;0.35;78.3;beau;beau;;;;BEAU;;;;BEAU
2025-06-29;beau;0.0;33.0;0.37;79.83;beau;beau;;;;BEAU;;;;BEAU
2025-06-30;beau;0.0;34.0;0.35;80.62;beau;beau;;;;BEAU;;;;BEAU
2025-07-01;beau;0.0;32.0;0.44;79.87;beau;beau;;;;BEAU;;;;BEAU
2025-07-02;nuageux;0.0;29.0;0.49;76.85;nuageux;nuageux;;;;COUVERT;;;;COUVERT
2025-07-03;bruine/couvert;0.0;27.0;0.57;75.26;bruine/couvert;bruine;couvert;;;PLUIE;COUVERT;;;COUVERT|PLUIE
2025-07-04;ensoleillé;0.0;30.0;0.42;77.07;ensoleillé;ensoleillé;;;;BEAU;;;;BEAU
2025-07-05;orageux/beau;1.5;26.5;0.485;73.55;orageux/beau;orageux;beau;;;ORAGE;BEAU;;;BEAU|ORAGE
2025-07-06;nuageux/petite averse;0.5;23.0;0.55;69.59;nuageux/petite averse;nuageux;petite averse;;;COUVERT;PLUIE;;;COUVERT|PLUIE
2025-07-07;pluie/éclaircies;9.0;20.0;0.53;65.41;pluie/éclaircies;pluie;éclaircies;;;PLUIE;ECLAIRCIES;;;ECLAIRCIES|PLUIE
2025-07-08;éclaircies;0.0;22.0;0.4;67.11;éclaircies;éclaircies;;;;ECLAIRCIES;;;;ECLAIRCIES
2025-07-09;beau;0.0;25.5;0.335;70.62;beau;beau;;;;BEAU;;;;BEAU
2025-07-10;beau;0.0;29.0;0.27;73.68;beau;beau;;;;BEAU;;;;BEAU
2025-07-11;beau/couvert;0.0;31.0;0.29;76.16;beau/couvert;beau;couvert;;;BEAU;COUVERT;;;BEAU|COUVERT
2025-07-12;nuageux/orages;11.5;27.0;0.49;74.26;nuageux/orages;nuageux;orages;;;COUVERT;ORAGE;;;COUVERT|ORAGE
2025-07-13;éclaircies/pluie;0.5;27.0;0.46;73.89;éclaircies/pluie;éclaircies;pluie;;;ECLAIRCIES;PLUIE;;;ECLAIRCIES|PLUIE
2025-07-14;voilé;0.0;27.0;0.45;73.76;voilé;voilé;;;;COUVERT;;;;COUVERT
2025-07-15;pluie/couvert/;2.0;22.0;0.73;69.58;pluie/couvert/;pluie;couvert;;;PLUIE;COUVERT;;;COUVERT|PLUIE
2025-07-16;éclaircies/beau;0.0;26.0;0.41;72.05;éclaircies/beau;éclaircies;beau;;;ECLAIRCIES;BEAU;;;BEAU|ECLAIRCIES
2025-07-17;beau;0.0;30.0;0.33;75.68;beau;beau;;;;BEAU;;;;BEAU
2025-07-18;ensoleillé/beau;0.0;27.0;0.41;73.27;ensoleillé/beau;ensoleillé;beau;;;BEAU;BEAU;;;BEAU|BEAU
2025-07-19;orage/couvert;0.0;23.0;0.53;69.42;orage/couvert;orage;couvert;;;ORAGE;COUVERT;;;COUVERT|ORAGE
2025-07-20;ensoleillé/orage;11.0;27.0;0.41;73.27;ensoleillé/orage;ensoleillé;orage;;;BEAU;ORAGE;;;BEAU|ORAGE
2025-07-21;éclaircies/bruine;0.0;21.0;0.49;66.49;éclaircies/bruine;éclaircies;bruine;;;ECLAIRCIES;PLUIE;;;ECLAIRCIES|PLUIE
2025-07-22;éclaircies/beau;0.0;25.0;0.32;69.89;éclaircies/beau;éclaircies;beau;;;ECLAIRCIES;BEAU;;;BEAU|ECLAIRCIES
2025-07-23;couvert;0.5;20.0;0.52;65.36;couvert;couvert;;;;COUVERT;;;;COUVERT
2025-07-24;averses;1.0;20.0;0.5;65.25;averses;averses;;;;PLUIE;;;;PLUIE
2025-07-25;couvert;0.0;21.0;0.52;66.68;couvert;couvert;;;;COUVERT;;;;COUVERT
2025-07-26;nuageux/éclaircies;0.0;24.0;0.46;70.09;nuageux/éclaircies;nuageux;éclaircies;;;COUVERT;ECLAIRCIES;;;COUVERT|ECLAIRCIES
2025-07-27;couvert;0.0;21.0;0.52;66.68;couvert;couvert;;;;COUVERT;;;;COUVERT
2025-07-28;pluie/nuageux;3.0;22.0;0.47;67.64;pluie/nuageux;pluie;nuageux;;;PLUIE;COUVERT;;;COUVERT|PLUIE
2025-07-29;ensoleillé;0.0;23.0;0.42;68.49;ensoleillé;ensoleillé;;;;BEAU;;;;BEAU
2025-07-30;ensoleillé;0.0;24.0;0.46;70.09;ensoleillé;ensoleillé;;;;BEAU;;;;BEAU
2025-07-31;couvert;0.5;23.0;0.49;69.08;couvert;couvert;;;;COUVERT;;;;COUVERT
2025-08-01;couvert;0.0;23.0;0.45;68.74;couvert;couvert;;;;COUVERT;;;;COUVERT
2025-08-02;couvert/éclaircies;0.0;23.5;0.4;68.92;couvert/éclaircies;couvert;éclaircies;;;COUVERT;ECLAIRCIES;;;COUVERT|ECLAIRCIES
2025-08-03;beau;0.0;24.0;0.35;69.05;beau;beau;;;;BEAU;;;;BEAU
2025-08-04;beau;0.0;30.0;0.21;73.83;beau;beau;;;;BEAU;;;;BEAU
2025-08-05;beau;0.0;28.0;0.33;73.41;beau;beau;;;;BEAU;;;;BEAU
2025-08-06;ensoleillé/couvert;0.0;27.0;0.46;73.89;ensoleillé/couvert;ensoleillé;couvert;;;BEAU;COUVERT;;;BEAU|COUVERT
2025-08-07;beau;0.0;30.0;0.37;76.3;beau;beau;;;;BEAU;;;;BEAU
2025-08-08;beau;0.0;31.0;0.36;77.31;beau;beau;;;;BEAU;;;;BEAU
2025-08-09;beau;0.0;32.0;0.33;77.96;beau;beau;;;;BEAU;;;;BEAU
2025-08-10;beau;0.0;33.0;0.33;79.09;beau;beau;;;;BEAU;;;;BEAU
2025-08-11;beau;0.0;35.0;0.23;79.33;beau;beau;;;;BEAU;;;;BEAU
2025-08-12;beau;0.0;36.0;0.28;81.44;beau;beau;;;;BEAU;;;;BEAU
2025-08-13;ensoleillé/voilé/orage;12.0;35.0;0.3;80.76;ensoleillé/voilé/orage;ensoleillé;voilé;orage;;BEAU;COUVERT;ORAGE;;BEAU|COUVERT|ORAGE
2025-08-14;beau;0.0;30.0;0.38;76.45;beau;beau;;;;BEAU;;;;BEAU
2025-08-15;beau;0.0;33.0;0.29;78.36;beau;beau;;;;BEAU;;;;BEAU
2025-08-16;beau(ciel blanc);0.0;33.0;0.3;78.54;beau(ciel blanc);beau(ciel blanc);;;;BEAU;;;;BEAU
2025-08-17;brouillard/voilé;0.0;31.0;0.44;78.62;brouillard/voilé;brouillard;voilé;;;COUVERT;COUVERT;;;COUVERT|COUVERT
2025-08-18;couvert/orage;2.0;24.0;0.64;71.79;couvert/orage;couvert;orage;;;COUVERT;ORAGE;;;COUVERT|ORAGE
2025-08-19;couvert/pluie;5.0;23.0;0.5;69.17;couvert/pluie;couvert;pluie;;;COUVERT;PLUIE;;;COUVERT|PLUIE
2025-08-20;pluie/éclaircies;16.0;22.0;0.62;68.76;pluie/éclaircies;pluie;éclaircies;;;PLUIE;ECLAIRCIES;;;ECLAIRCIES|PLUIE
2025-08-21;pluie/éclaircies;17.0;22.0;0.5800000000000001;68.46;pluie/éclaircies;pluie;éclaircies;;;PLUIE;ECLAIRCIES;;;ECLAIRCIES|PLUIE
2025-08-22;couvert;0.0;22.0;0.54;68.16;couvert;couvert;;;;COUVERT;;;;COUVERT
2025-08-23;beau;0.0;24.0;0.31;68.67;beau;beau;;;;BEAU;;;;BEAU
2025-08-24;beau;0.0;27.0;0.3;71.9;beau;beau;;;;BEAU;;;;BEAU
2025-08-25;voilé;0.0;29.0;0.41;75.7;voilé;voilé;;;;COUVERT;;;;COUVERT
2025-08-26;pluie/couvert/orages;19.0;23.0;0.61;70.1;pluie/couvert/orages;pluie;couvert;orages;;PLUIE;COUVERT;ORAGE;;COUVERT|ORAGE|PLUIE
2025-08-27;couvert/pluie;28.0;22.0;0.78;69.95;couvert/pluie;couvert;pluie;;;COUVERT;PLUIE;;;COUVERT|PLUIE
2025-08-28;averses/éclaircies;4.0;17.0;0.74;61.94;averses/éclaircies;averses;éclaircies;;;PLUIE;ECLAIRCIES;;;ECLAIRCIES|PLUIE
2025-08-29;éclaircies/pluie/éclaircies;10.0;18.0;0.79;63.66;éclaircies/pluie/éclaircies;éclaircies;pluie;éclaircies;;ECLAIRCIES;PLUIE;ECLAIRCIES;;ECLAIRCIES|ECLAIRCIES|PLUIE
2025-08-30;pluie/éclaircies;0.0;20.0;0.5;65.25;pluie/éclaircies;pluie;éclaircies;;;PLUIE;ECLAIRCIES;;;ECLAIRCIES|PLUIE
2025-08-31;beau/voilé/orages;29.0;26.0;0.49;72.97;beau/voilé/orages;beau;voilé;orages;;BEAU;COUVERT;ORAGE;;BEAU|COUVERT|ORAGE
2025-09-01;pluie/éclaircies;5.0;17.0;0.7;61.84;pluie/éclaircies;pluie;éclaircies;;;PLUIE;ECLAIRCIES;;;ECLAIRCIES|PLUIE
2025-09-02;ensoleillé;0.0;20.0;0.32;64.26;ensoleillé;ensoleillé;;;;BEAU;;;;BEAU
2025-09-03;beau;0.0;25.0;0.3;69.68;beau;beau;;;;BEAU;;;;BEAU
2025-09-04;couvert;0.0;20.0;0.64;66.02;couvert;couvert;;;;COUVERT;;;;COUVERT
2025-09-05;beau;0.0;23.0;0.525;69.38;beau;beau;;;;BEAU;;;;BEAU
2025-09-06;beau;0.0;26.0;0.41;72.05;beau;beau;;;;BEAU;;;;BEAU
2025-09-07;voilé/pluie;1.0;27.0;0.46;73.89;voilé/pluie;voilé;pluie;;;COUVERT;PLUIE;;;COUVERT|PLUIE
2025-09-08;couvert/pluie;16.0;19.0;0.77;65.16;couvert/pluie;couvert;pluie;;;COUVERT;PLUIE;;;COUVERT|PLUIE
2025-09-09;couvert;0.0;18.0;0.57;62.89;couvert;couvert;;;;COUVERT;;;;COUVERT
2025-09-10;beau/couvert/pluie;3.0;18.0;0.38;62.22;beau/couvert/pluie;beau;couvert;pluie;;BEAU;COUVERT;PLUIE;;BEAU|COUVERT|PLUIE
2025-09-11;beau;0.0;19.0;0.49;63.9;beau;beau;;;;BEAU;;;;BEAU
2025-09-12;couvert;0.0;20.0;0.6;65.8;couvert;couvert;;;;COUVERT;;;;COUVERT
2025-09-13;couvert/éclaircies;0.0;22.0;0.51;67.93;couvert/éclaircies;couvert;éclaircies;;;COUVERT;ECLAIRCIES;;;COUVERT|ECLAIRCIES
2025-09-14;ensoleillé;0.0;24.0;0.42;69.71;ensoleillé;ensoleillé;;;;BEAU;;;;BEAU
2025-09-15;couvert;0.0;20.0;0.66;66.13;couvert;couvert;;;;COUVERT;;;;COUVERT
2025-09-16;pluie/couvert/;7.0;18.0;0.63;63.1;pluie/couvert/;pluie;couvert;;;PLUIE;COUVERT;;;COUVERT|PLUIE
2025-09-17;ensoleillé;0.0;21.0;0.39;65.84;ensoleillé;ensoleillé;;;;BEAU;;;;BEAU
2025-09-18;beau;0.0;24.0;0.28;68.39;beau;beau;;;;BEAU;;;;BEAU
2025-09-19;beau;0.0;26.0;0.45;72.51;beau;beau;;;;BEAU;;;;BEAU
2025-09-20;voilé/couvert;0.0;25.0;0.54;72.19;voilé/couvert;voilé;couvert;;;COUVERT;COUVERT;;;COUVERT|COUVERT
2025-09-21;orage/pluie;17.0;16.0;0.77;60.45;orage/pluie;orage;pluie;;;ORAGE;PLUIE;;;ORAGE|PLUIE
2025-09-22;éclaircies/couvert/pluie;10.0;15.0;0.44;58.69;éclaircies/couvert/pluie;éclaircies;couvert;pluie;;ECLAIRCIES;COUVERT;PLUIE;;COUVERT|ECLAIRCIES|PLUIE
2025-09-23;nuageux/pluie;3.0;13.0;0.58;56.0;nuageux/pluie;nuageux;pluie;;;COUVERT;PLUIE;;;COUVERT|PLUIE
2025-09-24;couvert;0.0;12.0;0.63;54.5;couvert;couvert;;;;COUVERT;;;;COUVERT
2025-09-25;couvert;0.0;15.0;0.51;58.73;couvert;couvert;;;;COUVERT;;;;COUVERT
2025-09-26;couvert/éclaircies;0.0;15.0;0.41;58.68;couvert/éclaircies;couvert;éclaircies;;;COUVERT;ECLAIRCIES;;;COUVERT|ECLAIRCIES
2025-09-27;ensoleillé;0.0;15.0;0.6;58.78;ensoleillé;ensoleillé;;;;BEAU;;;;BEAU
2025-09-28;couvert/petite averse/éclaircies;0.5;15.0;0.79;58.88;couvert/petite averse/éclaircies;couvert;petite averse;éclaircies;;COUVERT;PLUIE;ECLAIRCIES;;COUVERT|ECLAIRCIES|PLUIE
2025-09-29;beau;0.0;19.0;0.36;63.31;beau;beau;;;;BEAU;;;;BEAU
2025-09-30;ensoleillé;0.0;18.0;0.43;62.39;ensoleillé;ensoleillé;;;;BEAU;;;;BEAU
2025-10-01;beau;0.0;20.0;0.31;64.2;beau;beau;;;;BEAU;;;;BEAU
2025-10-02;beau;0.0;19.0;0.25;62.82;beau;beau;;;;BEAU;;;;BEAU
2025-10-03;voilé;0.0;19.0;0.35;63.27;voilé;voilé;;;;COUVERT;;;;COUVERT
2025-10-04;éclaircies/pluie;10.0;21.0;0.47;66.36;éclaircies/pluie;éclaircies;pluie;;;ECLAIRCIES;PLUIE;;;ECLAIRCIES|PLUIE
2025-10-05;averses/éclaircies;1.0;14.0;0.6;57.38;averses/éclaircies;averses;éclaircies;;;PLUIE;ECLAIRCIES;;;ECLAIRCIES|PLUIE
2025-10-06;beau;0.0;15.0;0.35;58.64;beau;beau;;;;BEAU;;;;BEAU
2025-10-07;ensoleillé;0.0;16.0;0.41;59.89;ensoleillé;ensoleillé;;;;BEAU;;;;BEAU
2025-10-08;beau;0.0;16.5;0.525;60.73;beau;beau;;;;BEAU;;;;BEAU
2025-10-09;couvert/pluie;1.0;17.0;0.64;61.69;couvert/pluie;couvert;pluie;;;COUVERT;PLUIE;;;COUVERT|PLUIE
2025-10-10;couvert;0.0;16.0;0.65;60.26;couvert;couvert;;;;COUVERT;;;;COUVERT
2025-10-11;beau;0.0;17.0;0.41;61.11;beau;beau;;;;BEAU;;;;BEAU
2025-10-12;beau;0.0;19.0;0.34;63.22;beau;beau;;;;BEAU;;;;BEAU
2025-10-13;voilé/beau;0.0;18.0;0.36;62.15;voilé/beau;voilé;beau;;;COUVERT;BEAU;;;BEAU|COUVERT
2025-10-14;ensoleillé;0.0;19.0;0.42;63.58;ensoleillé;ensoleillé;;;;BEAU;;;;BEAU
2025-10-15;ensoleillé;0.0;17.0;0.5;61.34;ensoleillé;ensoleillé;;;;BEAU;;;;BEAU
2025-10-16;beau;0.0;19.0;0.33;63.18;beau;beau;;;;BEAU;;;;BEAU
2025-10-17;beau;0.0;18.0;0.33;62.04;beau;beau;;;;BEAU;;;;BEAU
2025-10-18;beau;0.0;20.0;0.33;64.32;beau;beau;;;;BEAU;;;;BEAU
2025-10-19;couvert;0.0;17.0;0.55;61.46;couvert;couvert;;;;COUVERT;;;;COUVERT
2025-10-20;pluie/couvert/;1.0;18.5;0.455;63.11;pluie/couvert/;pluie;couvert;;;PLUIE;COUVERT;;;COUVERT|PLUIE
2025-10-21;couvert/éclaircies;0.0;20.0;0.36;64.48;couvert/éclaircies;couvert;éclaircies;;;COUVERT;ECLAIRCIES;;;COUVERT|ECLAIRCIES
2025-10-22;pluie/éclaircies;3.0;20.0;0.43;64.86;pluie/éclaircies;pluie;éclaircies;;;PLUIE;ECLAIRCIES;;;ECLAIRCIES|PLUIE
2025-10-23;pluie/éclaircies;19.0;14.0;0.47;57.43;pluie/éclaircies;pluie;éclaircies;;;PLUIE;ECLAIRCIES;;;ECLAIRCIES|PLUIE
2025-10-24;ensoleillé;0.0;16.0;0.37;59.83;ensoleillé;ensoleillé;;;;BEAU;;;;BEAU
2025-10-25;pluie/nuageux/pluie;3.0;16.0;0.53;60.08;pluie/nuageux/pluie;pluie;nuageux;pluie;;PLUIE;COUVERT;PLUIE;;COUVERT|PLUIE|PLUIE
2025-10-26;averses;3.0;11.0;0.71;52.79;averses;averses;;;;PLUIE;;;;PLUIE
2025-10-27;ensoleillé;0.0;14.0;0.45;57.44;ensoleillé;ensoleillé;;;;BEAU;;;;BEAU
2025-10-28;beau;0.0;17.0;0.37;61.01;beau;beau;;;;BEAU;;;;BEAU
2025-10-29;pluie/couvert;3.0;15.0;0.68;58.82;pluie/couvert;pluie;couvert;;;PLUIE;COUVERT;;;COUVERT|PLUIE
2025-10-30;couvert/éclaircies;0.0;16.0;0.45;59.95;couvert/éclaircies;couvert;éclaircies;;;COUVERT;ECLAIRCIES;;;COUVERT|ECLAIRCIES
2025-10-31;couvert;0.0;16.0;0.59;60.17;couvert;couvert;;;;COUVERT;;;;COUVERT
2025-11-01;ensoleillé;0.0;17.0;0.43;61.16;ensoleillé;ensoleillé;;;;BEAU;;;;BEAU
2025-11-02;pluie/couvert/éclaircies;0.0;13.0;0.68;55.86;pluie/couvert/éclaircies;pluie;couvert;éclaircies;;PLUIE;COUVERT;ECLAIRCIES;;COUVERT|ECLAIRCIES|PLUIE
2025-11-03;beau;0.0;16.0;0.37;59.83;beau;beau;;;;BEAU;;;;BEAU
2025-11-04;beau;0.0;17.0;0.41;61.11;beau;beau;;;;BEAU;;;;BEAU
2025-11-05;ensoleillé;0.0;18.0;0.4;62.29;ensoleillé;ensoleillé;;;;BEAU;;;;BEAU
2025-11-06;pluie;34.0;16.0;0.435;59.93;pluie;pluie;;;;PLUIE;;;;PLUIE
2025-11-07;ensoleillé;0.0;14.0;0.47;57.43;ensoleillé;ensoleillé;;;;BEAU;;;;BEAU
2025-11-08;pluie;42.0;10.0;0.8;50.88;pluie;pluie;;;;PLUIE;;;;PLUIE
2025-11-09;ensoleillé;0.0;14.0;0.37;57.48;ensoleillé;ensoleillé;;;;BEAU;;;;BEAU
2025-11-10;ensoleillé;0.0;15.0;0.33;58.63;ensoleillé;ensoleillé;;;;BEAU;;;;BEAU
2025-11-11;ensoleillé;0.0;16.0;0.39;59.86;ensoleillé;ensoleillé;;;;BEAU;;;;BEAU
2025-11-12;ensoleillé;0.0;16.0;0.5;60.03;ensoleillé;ensoleillé;;;;BEAU;;;;BEAU
2025-11-13;couvert;0.0;16.0;0.64;60.25;couvert;couvert;;;;COUVERT;;;;COUVERT
2025-11-14;nuageux /pluie;2.0;22.0;0.31;66.44;nuageux /pluie;nuageux;pluie;;;COUVERT;PLUIE;;;COUVERT|PLUIE
2025-11-15;éclaircies;0.0;19.0;0.34;63.22;éclaircies;éclaircies;;;;ECLAIRCIES;;;;ECLAIRCIES
2025-11-16;ensoleillé/voilé;0.0;15.0;0.41;58.68;ensoleillé/voilé;ensoleillé;voilé;;;BEAU;COUVERT;;;BEAU|COUVERT
2025-11-17;pluie/couvert/pluie;3.0;13.0;0.71;55.81;pluie/couvert/pluie;pluie;couvert;pluie;;PLUIE;COUVERT;PLUIE;;COUVERT|PLUIE|PLUIE
2025-11-18;ensoleillé;0.0;9.0;0.34;51.76;ensoleillé;ensoleillé;;;;BEAU;;;;BEAU
2025-11-19;ensoleillé/pluie ;1.5;8.0;0.36;50.48;ensoleillé/pluie;ensoleillé;pluie;;;BEAU;PLUIE;;;BEAU|PLUIE
2025-11-20;couvert/éclaircies/pluie-neige;10.0;6.0;0.52;46.81;couvert/éclaircies/pluie-neige;couvert;éclaircies;pluie-neige;;COUVERT;ECLAIRCIES;PLUIE_MIXTE;;COUVERT|ECLAIRCIES|PLUIE_MIXTE
2025-11-21;éclaircies;0.0;3.0;0.65;41.37;éclaircies;éclaircies;;;;ECLAIRCIES;;;;ECLAIRCIES
2025-11-22;beau;0.0;7.0;0.7050000000000001;46.77;beau;beau;;;;BEAU;;;;BEAU
2025-11-23;pluie/éclaircies;6.0;11.0;0.76;52.62;pluie/éclaircies;pluie;éclaircies;;;PLUIE;ECLAIRCIES;;;ECLAIRCIES|PLUIE
2025-11-24;couvert/pluie;11.0;11.0;0.75;52.65;couvert/pluie;couvert;pluie;;;COUVERT;PLUIE;;;COUVERT|PLUIE
2025-11-25;pluie/éclaircies/orage avec grésil;14.0;7.0;0.72;46.66;pluie/éclaircies/orage/grésil;pluie;éclaircies;orage;grésil;PLUIE;ECLAIRCIES;ORAGE;PLUIE_MIXTE;ECLAIRCIES|ORAGE|PLUIE|PLUIE_MIXTE
2025-11-26;couvert/éclaircies;0.0;6.0;0.65;45.73;couvert/éclaircies;couvert;éclaircies;;;COUVERT;ECLAIRCIES;;;COUVERT|ECLAIRCIES
2025-11-27;beau;0.0;7.0;0.33;49.54;beau;beau;;;;BEAU;;;;BEAU
2025-11-28;ensoleillé;0.0;11.0;0.23;54.43;ensoleillé;ensoleillé;;;;BEAU;;;;BEAU
2025-11-29;ensoleillé;0.0;10.0;0.385;52.71;ensoleillé;ensoleillé;;;;BEAU;;;;BEAU
2025-11-30;pluie/éclaircies;7.5;9.0;0.54;50.68;pluie/éclaircies;pluie;éclaircies;;;PLUIE;ECLAIRCIES;;;ECLAIRCIES|PLUIE
2025-12-01;beau;0.0;9.0;0.36;51.65;beau;beau;;;;BEAU;;;;BEAU
2025-12-02;ensoleillé/couvert/pluie;2.0;8.0;0.54;49.33;ensoleillé/couvert/pluie;ensoleillé;couvert;pluie;;BEAU;COUVERT;PLUIE;;BEAU|COUVERT|PLUIE
2025-12-03;couvert;0.0;8.0;0.57;49.14;couvert;couvert;;;;COUVERT;;;;COUVERT
2025-12-04;pluie;7.0;7.0;0.8;46.07;pluie;pluie;;;;PLUIE;;;;PLUIE
2025-12-05;éclaircies;0.0;10.0;0.7250000000000001;51.21;éclaircies;éclaircies;;;;ECLAIRCIES;;;;ECLAIRCIES
2025-12-06;couvert;0.0;13.0;0.65;55.9;couvert;couvert;;;;COUVERT;;;;COUVERT
2025-12-07;éclaircies;0.0;15.0;0.4;58.67;éclaircies;éclaircies;;;;ECLAIRCIES;;;;ECLAIRCIES
2025-12-08;beau;0.0;14.0;0.37;57.48;beau;beau;;;;BEAU;;;;BEAU
2025-12-09;beau;0.0;15.0;0.43;58.69;beau;beau;;;;BEAU;;;;BEAU
2025-12-10;couvert/pluie;1.5;12.0;0.74;54.23;couvert/pluie;couvert;pluie;;;COUVERT;PLUIE;;;COUVERT|PLUIE
2025-12-11;éclaircies/couvert;0.0;13.0;0.65;55.9;éclaircies/couvert;éclaircies;couvert;;;ECLAIRCIES;COUVERT;;;COUVERT|ECLAIRCIES
2025-12-12;beau;0.0;14.0;0.34;57.49;beau;beau;;;;BEAU;;;;BEAU
2025-12-13;beau;0.0;13.0;0.31;56.39;beau;beau;;;;BEAU;;;;BEAU
2025-12-14;beau;0.0;12.0;0.42;55.0;beau;beau;;;;BEAU;;;;BEAU
2025-12-15;?;0.0;12.5;0.395;55.66;?;?;;;;;;;;
2025-12-16;voilé;0.0;13.0;0.37;56.3;voilé;voilé;;;;COUVERT;;;;COUVERT
2025-12-17;nuageux;0.0;13.0;0.5;56.12;nuageux;nuageux;;;;COUVERT;;;;COUVERT
2025-12-18;éclaircies;0.0;13.0;0.49;56.13;éclaircies;éclaircies;;;;ECLAIRCIES;;;;ECLAIRCIES
2025-12-19;nuageux;0.0;11.0;0.65;52.99;nuageux;nuageux;;;;COUVERT;;;;COUVERT
2025-12-20;couvert;0.0;8.0;0.74;48.06;couvert;couvert;;;;COUVERT;;;;COUVERT
2025-12-21;éclaircies;0.0;14.0;0.45;57.44;éclaircies;éclaircies;;;;ECLAIRCIES;;;;ECLAIRCIES
2025-12-22;pluie/couvert;14.0;5.0;0.76;43.24;pluie/couvert;pluie;couvert;;;PLUIE;COUVERT;;;COUVERT|PLUIE
2025-12-23;pluie;4.0;6.0;0.83;44.22;pluie;pluie;;;;PLUIE;;;;PLUIE
2025-12-24;brouillard;0.0;4.0;0.84;40.85;brouillard;brouillard;;;;COUVERT;;;;COUVERT
2025-12-25;éclaircies/couvert;0.0;5.0;0.6;44.74;éclaircies/couvert;éclaircies;couvert;;;ECLAIRCIES;COUVERT;;;COUVERT|ECLAIRCIES
2025-12-26;brouillard/couvert;1.0;7.0;0.75;46.44;brouillard/couvert;brouillard;couvert;;;COUVERT;COUVERT;;;COUVERT|COUVERT
2025-12-27;couvert;0.0;9.0;0.8;49.28;couvert;couvert;;;;COUVERT;;;;COUVERT
2025-12-28;beau;0.0;11.0;0.42;53.78;beau;beau;;;;BEAU;;;;BEAU
2025-12-29;beau;0.0;10.0;0.41;52.6;beau;beau;;;;BEAU;;;;BEAU
2025-12-30;beau/couvert;0.0;7.0;0.75;46.44;beau/couvert;beau;couvert;;;BEAU;COUVERT;;;BEAU|COUVERT
2025-12-31;brouillard/couvert;0.0;5.0;0.71;43.71;brouillard/couvert;brouillard;couvert;;;COUVERT;COUVERT;;;COUVERT|COUVERT
