Date;Poule_brute;Ponte_brute;Ponte;Effectif;Etat_oeuf;Doute;Remarques
2023-01-01;Albertine;;0;1;RAS;False;
2023-01-02;Albertine;;0;1;RAS;False;
2023-01-03;Albertine;;0;1;RAS;False;
2023-01-04;Albertine;;0;1;RAS;False;
2023-01-05;Albertine;;0;1;RAS;False;
2023-01-06;Albertine;;0;1;RAS;False;
2023-01-07;Albertine;;0;1;RAS;False;
2023-01-08;Albertine;;0;1;RAS;False;
2023-01-09;Albertine;;0;1;RAS;False;
2023-01-10;Albertine;;0;1;RAS;False;
2023-01-11;Albertine;x;1;1;RAS;False;
2023-01-12;Albertine;;0;1;RAS;False;
2023-01-13;Albertine;;0;1;RAS;False;
2023-01-14;Albertine;x;1;1;RAS;False;
2023-01-15;Albertine;;0;1;RAS;False;
2023-01-16;Albertine;x;1;1;RAS;False;
2023-01-17;Albertine;;0;1;RAS;False;
2023-01-18;Albertine;;0;1;RAS;False;
2023-01-19;Albertine;x;1;1;RAS;False;
2023-01-20;Albertine;;0;1;RAS;False;
2023-01-21;Albertine;x;1;1;RAS;False;
2023-01-22;Albertine;;0;1;RAS;False;
2023-01-23;Albertine;;0;1;RAS;False;
2023-01-24;Albertine;;0;1;RAS;False;
2023-01-25;Albertine;;0;1;RAS;False;
2023-01-26;Albertine;;0;1;RAS;False;
2023-01-27;Albertine;;0;1;RAS;False;
2023-01-28;Albertine;;0;1;RAS;False;
2023-01-29;Albertine;;0;1;RAS;False;
2023-01-30;Albertine;;0;1;RAS;False;
2023-01-31;Albertine;;0;1;RAS;False;
2023-02-01;Albertine;;0;1;RAS;False;
2023-02-02;Albertine;;0;1;RAS;False;
2023-02-03;Albertine;;0;1;RAS;False;
2023-02-04;Albertine;;0;1;RAS;False;
2023-02-05;Albertine;;0;1;RAS;False;
2023-02-06;Albertine;;0;1;RAS;False;
2023-02-07;Albertine;x;1;1;RAS;False;
2023-02-08;Albertine;;0;1;RAS;False;
2023-02-09;Albertine;;0;1;RAS;False;
2023-02-10;Albertine;x;1;1;RAS;False;
2023-02-11;Albertine;;0;1;RAS;False;
2023-02-12;Albertine;x;1;1;RAS;False;
2023-02-13;Albertine;x;1;1;RAS;False;
2023-02-14;Albertine;;0;1;RAS;False;
2023-02-15;Albertine;x;1;1;RAS;False;
2023-02-16;Albertine;x;1;1;RAS;False;
2023-02-17;Albertine;;0;1;RAS;False;
2023-02-18;Albertine;x;1;1;RAS;False;
2023-02-19;Albertine;x;1;1;RAS;False;
2023-02-20;Albertine;;0;1;RAS;False;
2023-02-21;Albertine;x;1;1;RAS;False;
2023-02-22;Albertine;x;1;1;RAS;False;
2023-02-23;Albertine;;0;1;RAS;False;
2023-02-24;Albertine;x;1;1;RAS;False;
2023-02-25;Albertine;;0;1;RAS;False;
2023-02-26;Albertine;x;1;1;RAS;False;
2023-02-27;Albertine;x;1;1;RAS;False;
2023-02-28;Albertine;;0;1;RAS;False;
2023-03-01;Albertine;x;1;1;RAS;False;
2023-03-02;Albertine;;0;1;RAS;False;
2023-03-03;Albertine;x;1;1;RAS;False;
2023-03-04;Albertine;;0;1;RAS;False;
2023-03-05;Albertine;x;1;1;RAS;False;
2023-03-06;Albertine;;0;1;RAS;False;
2023-03-07;Albertine;x;1;1;RAS;False;
2023-03-08;Albertine;;0;1;RAS;False;
2023-03-09;Albertine;x;1;1;RAS;False;
2023-03-10;Albertine;x;1;1;RAS;False;
2023-03-11;Albertine;;0;1;RAS;False;
2023-03-12;Albertine;x;1;1;RAS;False;
2023-03-13;Albertine;;0;1;RAS;False;
2023-03-14;Albertine;x;1;1;RAS;False;
2023-03-15;Albertine;;0;1;RAS;False;
2023-03-16;Albertine;x;1;1;RAS;False;
2023-03-17;Albertine;x;1;1;RAS;False;
2023-03-18;Albertine;;0;1;RAS;False;
2023-03-19;Albertine;x;1;1;RAS;False;
2023-03-20;Albertine;x;1;1;RAS;False;
2023-03-21;Albertine;;0;1;RAS;False;
2023-03-22;Albertine;x;1;1;RAS;False;
2023-03-23;Albertine;x;1;1;RAS;False;
2023-03-24;Albertine;;0;1;RAS;False;
2023-03-25;Albertine;x;1;1;RAS;False;
2023-03-26;Albertine;x;1;1;RAS;False;
2023-03-27;Albertine;;0;1;RAS;False;
2023-03-28;Albertine;x;1;1;RAS;False;
2023-03-29;Albertine;x;1;1;RAS;False;
2023-03-30;Albertine;;0;1;RAS;False;
2023-03-31;Albertine;x;1;1;RAS;False;
2023-04-01;Albertine;;0;1;RAS;False;
2023-04-02;Albertine;x;1;1;RAS;False;
2023-04-03;Albertine;x;1;1;RAS;False;
2023-04-04;Albertine;;0;1;RAS;False;
2023-04-05;Albertine;x;1;1;RAS;False;
2023-04-06;Albertine;x;1;1;RAS;False;
2023-04-07;Albertine;;0;1;RAS;False;
2023-04-08;Albertine;x;1;1;RAS;False;
2023-04-09;Albertine;x;1;1;RAS;False;
2023-04-10;Albertine;;0;1;RAS;False;
2023-04-11;Albertine;x;1;1;RAS;False;
2023-04-12;Albertine;;0;1;RAS;False;
2023-04-13;Albertine;x;1;1;RAS;False;
2023-04-14;Albertine;;0;1;RAS;False;
2023-04-15;Albertine;x;1;1;RAS;False;
2023-04-16;Albertine;x;1;1;RAS;False;
2023-04-17;Albertine;;0;1;RAS;False;
2023-04-18;Albertine;x;1;1;RAS;False;
2023-04-19;Albertine;;0;1;RAS;False;
2023-04-20;Albertine;x;1;1;RAS;False;
2023-04-21;Albertine;x;1;1;RAS;False;
2023-04-22;Albertine;;0;1;RAS;False;
2023-04-23;Albertine;x;1;1;RAS;False;
2023-04-24;Albertine;;0;1;RAS;False;
2023-04-25;Albertine;x;1;1;RAS;False;
2023-04-26;Albertine;x;1;1;RAS;False;
2023-04-27;Albertine;;0;1;RAS;False;
2023-04-28;Albertine;x;1;1;RAS;False;
2023-04-29;Albertine;;0;1;RAS;False;
2023-04-30;Albertine;x;1;1;RAS;False;
2023-05-01;Albertine;x;1;1;RAS;False;
2023-05-02;Albertine;x;1;1;RAS;False;
2023-05-03;Albertine;;0;1;RAS;False;
2023-05-04;Albertine;x;1;1;RAS;False;
2023-05-05;Albertine;;0;1;RAS;False;
2023-05-06;Albertine;;0;1;RAS;False;
2023-05-07;Albertine;x(cassé);1;1;cassé;False;
2023-05-08;Albertine;;0;1;RAS;False;
2023-05-09;Albertine;x;1;1;RAS;False;
2023-05-10;Albertine;;0;1;RAS;False;
2023-05-11;Albertine;x;1;1;RAS;False;
2023-05-12;Albertine;x;1;1;RAS;False;
2023-05-13;Albertine;;0;1;RAS;False;
2023-05-14;Albertine;;0;1;RAS;False;
2023-05-15;Albertine;x;1;1;RAS;False;
2023-05-16;Albertine;x(cassé);1;1;cassé;False;
2023-05-17;Albertine;x;1;1;RAS;False;
2023-05-18;Albertine;x;1;1;RAS;False;
2023-05-19;Albertine;;0;1;RAS;False;
2023-05-20;Albertine;x;1;1;RAS;False;
2023-05-21;Albertine;;0;1;RAS;False;
2023-05-22;Albertine;x;1;1;RAS;False;
2023-05-23;Albertine;x;1;1;RAS;False;
2023-05-24;Albertine;;0;1;RAS;False;
2023-05-25;Albertine;x;1;1;RAS;False;
2023-05-26;Albertine;;0;1;RAS;False;
2023-05-27;Albertine;x;1;1;RAS;False;
2023-05-28;Albertine;;0;1;RAS;False;
2023-05-29;Albertine;x;1;1;RAS;False;
2023-05-30;Albertine;x;1;1;RAS;False;
2023-05-31;Albertine;;0;1;RAS;False;
2023-06-01;Albertine;x;1;1;RAS;False;
2023-06-02;Albertine;;0;1;RAS;False;
2023-06-03;Albertine;x;1;1;RAS;False;
2023-06-04;Albertine;x;1;1;RAS;False;
2023-06-05;Albertine;;0;1;RAS;False;
2023-06-06;Albertine;x;1;1;RAS;False;
2023-06-07;Albertine;;0;1;RAS;False;
2023-06-08;Albertine;x?;1;1;RAS;True;
2023-06-09;Albertine;x;1;1;RAS;False;
2023-06-10;Albertine;;0;1;RAS;False;
2023-06-11;Albertine;;0;1;RAS;False;
2023-06-12;Albertine;;0;1;RAS;False;
2023-06-13;Albertine;;0;1;RAS;False;
2023-06-14;Albertine;x(cassé);1;1;cassé;False;
2023-06-15;Albertine;;0;1;RAS;False;
2023-06-16;Albertine;x;1;1;RAS;False;
2023-06-17;Albertine;;0;1;RAS;False;
2023-06-18;Albertine;;0;1;RAS;False;
2023-06-19;Albertine;x;1;1;RAS;False;
2023-06-20;Albertine;x;1;1;RAS;False;
2023-06-21;Albertine;;0;1;RAS;False;
2023-06-22;Albertine;x;1;1;RAS;False;
2023-06-23;Albertine;;0;1;RAS;False;
2023-06-24;Albertine;;0;1;RAS;False;
2023-06-25;Albertine;x;1;1;RAS;False;
2023-06-26;Albertine;;0;1;RAS;False;
2023-06-27;Albertine;x;1;1;RAS;False;
2023-06-28;Albertine;;0;1;RAS;False;
2023-06-29;Albertine;x;1;1;RAS;False;
2023-06-30;Albertine;;0;1;RAS;False;
2023-07-01;Albertine;;0;1;RAS;False;
2023-07-02;Albertine;;0;1;RAS;False;
2023-07-03;Albertine;x;1;1;RAS;False;
2023-07-04;Albertine;x;1;1;RAS;False;
2023-07-05;Albertine;;0;1;RAS;False;
2023-07-06;Albertine;x;1;1;RAS;False;
2023-07-07;Albertine;;0;1;RAS;False;
2023-07-08;Albertine;x;1;1;RAS;False;
2023-07-09;Albertine;;0;1;RAS;False;
2023-07-10;Albertine;;0;1;RAS;False;
2023-07-11;Albertine;;0;1;RAS;False;
2023-07-12;Albertine;x(cassé);1;1;cassé;False;
2023-07-13;Albertine;;0;1;RAS;False;
2023-07-14;Albertine;x;1;1;RAS;False;
2023-07-15;Albertine;;0;1;RAS;False;
2023-07-16;Albertine;;0;1;RAS;False;
2023-07-17;Albertine;;0;1;RAS;False;
2023-07-18;Albertine;;0;1;RAS;False;
2023-07-19;Albertine;;0;1;RAS;False;
2023-07-20;Albertine;;0;1;RAS;False;
2023-07-21;Albertine;x;1;1;RAS;False;
2023-07-22;Albertine;;0;1;RAS;False;
2023-07-23;Albertine;;0;1;RAS;False;
2023-07-24;Albertine;;0;1;RAS;False;
2023-07-25;Albertine;;0;1;RAS;False;
2023-07-26;Albertine;;0;1;RAS;False;
2023-07-27;Albertine;;0;1;RAS;False;
2023-07-28;Albertine;;0;1;RAS;False;
2023-07-29;Albertine;;0;1;RAS;False;
2023-07-30;Albertine;x;1;1;RAS;False;
2023-07-31;Albertine;;0;1;RAS;False;
2023-08-01;Albertine;;0;1;RAS;False;
2023-08-02;Albertine;;0;1;RAS;False;
2023-08-03;Albertine;;0;1;RAS;False;
2023-08-04;Albertine;;0;1;RAS;False;
2023-08-05;Albertine;;0;1;RAS;False;
2023-08-06;Albertine;mue;0;1;RAS;False;Mue
2023-08-07;Albertine;;0;1;RAS;False;
2023-08-08;Albertine;;0;1;RAS;False;
2023-08-09;Albertine;;0;1;RAS;False;
2023-08-10;Albertine;;0;1;RAS;False;
2023-08-11;Albertine;;0;1;RAS;False;
2023-08-12;Albertine;;0;1;RAS;False;
2023-08-13;Albertine;;0;1;RAS;False;
2023-08-14;Albertine;;0;1;RAS;False;
2023-08-15;Albertine;;0;1;RAS;False;
2023-08-16;Albertine;;0;1;RAS;False;
2023-08-17;Albertine;;0;1;RAS;False;
2023-08-18;Albertine;;0;1;RAS;False;
2023-08-19;Albertine;;0;1;RAS;False;
2023-08-20;Albertine;;0;1;RAS;False;
2023-08-21;Albertine;;0;1;RAS;False;
2023-08-22;Albertine;;0;1;RAS;False;
2023-08-23;Albertine;;0;1;RAS;False;
2023-08-24;Albertine;;0;1;RAS;False;
2023-08-25;Albertine;;0;1;RAS;False;
2023-08-26;Albertine;;0;1;RAS;False;
2023-08-27;Albertine;;0;1;RAS;False;
2023-08-28;Albertine;;0;1;RAS;False;
2023-08-29;Albertine;;0;1;RAS;False;
2023-08-30;Albertine;;0;1;RAS;False;
2023-08-31;Albertine;;0;1;RAS;False;
2023-09-01;Albertine;;0;1;RAS;False;
2023-09-02;Albertine;;0;1;RAS;False;
2023-09-03;Albertine;;0;1;RAS;False;
2023-09-04;Albertine;;0;1;RAS;False;
2023-09-05;Albertine;;0;1;RAS;False;
2023-09-06;Albertine;;0;1;RAS;False;
2023-09-07;Albertine;;0;1;RAS;False;
2023-09-08;Albertine;;0;1;RAS;False;
2023-09-09;Albertine;;0;1;RAS;False;
2023-09-10;Albertine;;0;1;RAS;False;
2023-09-11;Albertine;x;1;1;RAS;False;
2023-09-12;Albertine;;0;1;RAS;False;
2023-09-13;Albertine;x;1;1;RAS;False;
2023-09-14;Albertine;;0;1;RAS;False;
2023-09-15;Albertine;;0;1;RAS;False;
2023-09-16;Albertine;;0;1;RAS;False;
2023-09-17;Albertine;;0;1;RAS;False;
2023-09-18;Albertine;;0;1;RAS;False;
2023-09-19;Albertine;;0;1;RAS;False;
2023-09-20;Albertine;;0;1;RAS;False;
2023-09-21;Albertine;;0;1;RAS;False;
2023-09-22;Albertine;;0;1;RAS;False;
2023-09-23;Albertine;;0;1;RAS;False;
2023-09-24;Albertine;;0;1;RAS;False;
2023-09-25;Albertine;;0;1;RAS;False;
2023-09-26;Albertine;;0;1;RAS;False;
2023-09-27;Albertine;;0;1;RAS;False;
2023-09-28;Albertine;;0;1;RAS;False;
2023-09-29;Albertine;;0;1;RAS;False;
2023-09-30;Albertine;;0;1;RAS;False;
2023-10-01;Albertine;;0;1;RAS;False;
2023-10-02;Albertine;;0;1;RAS;False;
2023-10-03;Albertine;;0;1;RAS;False;
2023-10-04;Albertine;;0;1;RAS;False;
2023-10-05;Albertine;;0;1;RAS;False;
2023-10-06;Albertine;;0;1;RAS;False;
2023-10-07;Albertine;;0;1;RAS;False;
2023-10-08;Albertine;;0;1;RAS;False;
2023-10-09;Albertine;;0;1;RAS;False;
2023-10-10;Albertine;;0;1;RAS;False;
2023-10-11;Albertine;;0;1;RAS;False;
2023-10-12;Albertine;;0;1;RAS;False;
2023-10-13;Albertine;;0;1;RAS;False;
2023-10-14;Albertine;;0;1;RAS;False;
2023-10-15;Albertine;;0;1;RAS;False;
2023-10-16;Albertine;;0;1;RAS;False;
2023-10-17;Albertine;;0;1;RAS;False;
2023-10-18;Albertine;;0;1;RAS;False;
2023-10-19;Albertine;;0;1;RAS;False;
2023-10-20;Albertine;;0;1;RAS;False;
2023-10-21;Albertine;;0;1;RAS;False;
2023-10-22;Albertine;;0;1;RAS;False;
2023-10-23;Albertine;;0;1;RAS;False;
2023-10-24;Albertine;;0;1;RAS;False;
2023-10-25;Albertine;;0;1;RAS;False;
2023-10-26;Albertine;;0;1;RAS;False;
2023-10-27;Albertine;;0;1;RAS;False;
2023-10-28;Albertine;;0;1;RAS;False;
2023-10-29;Albertine;;0;1;RAS;False;
2023-10-30;Albertine;;0;1;RAS;False;
2023-10-31;Albertine;;0;1;RAS;False;
2023-11-01;Albertine;rhume;0;1;RAS;False;rhume
2023-11-02;Albertine;;0;1;RAS;False;
2023-11-03;Albertine;;0;1;RAS;False;
2023-11-04;Albertine;;0;1;RAS;False;
2023-11-05;Albertine;;0;1;RAS;False;
2023-11-06;Albertine;;0;1;RAS;False;
2023-11-07;Albertine;;0;1;RAS;False;
2023-11-08;Albertine;;0;1;RAS;False;
2023-11-09;Albertine;;0;1;RAS;False;
2023-11-10;Albertine;;0;1;RAS;False;
2023-11-11;Albertine;;0;1;RAS;False;
2023-11-12;Albertine;;0;1;RAS;False;
2023-11-13;Albertine;;0;1;RAS;False;
2023-11-14;Albertine;;0;1;RAS;False;
2023-11-15;Albertine;;0;1;RAS;False;
2023-11-16;Albertine;;0;1;RAS;False;
2023-11-17;Albertine;;0;1;RAS;False;
2023-11-18;Albertine;;0;1;RAS;False;
2023-11-19;Albertine;;0;1;RAS;False;
2023-11-20;Albertine;;0;1;RAS;False;
2023-11-21;Albertine;;0;1;RAS;False;
2023-11-22;Albertine;;0;1;RAS;False;
2023-11-23;Albertine;;0;1;RAS;False;
2023-11-24;Albertine;;0;1;RAS;False;
2023-11-25;Albertine;x;1;1;RAS;False;
2023-11-26;Albertine;;0;1;RAS;False;
2023-11-27;Albertine;x;1;1;RAS;False;
2023-11-28;Albertine;;0;1;RAS;False;
2023-11-29;Albertine;x;1;1;RAS;False;
2023-11-30;Albertine;;0;1;RAS;False;
2023-12-01;Albertine;x;1;1;RAS;False;
2023-12-02;Albertine;;0;1;RAS;False;
2023-12-03;Albertine;x;1;1;RAS;False;
2023-12-04;Albertine;;0;1;RAS;False;
2023-12-05;Albertine;x;1;1;RAS;False;
2023-12-06;Albertine;;0;1;RAS;False;
2023-12-07;Albertine;;0;1;RAS;False;
2023-12-08;Albertine;;0;1;RAS;False;
2023-12-09;Albertine;;0;1;RAS;False;
2023-12-10;Albertine;;0;1;RAS;False;
2023-12-11;Albertine;;0;1;RAS;False;
2023-12-12;Albertine;;0;1;RAS;False;
2023-12-13;Albertine;;0;1;RAS;False;
2023-12-14;Albertine;;0;1;RAS;False;
2023-12-15;Albertine;;0;1;RAS;False;
2023-12-16;Albertine;;0;1;RAS;False;
2023-12-17;Albertine;;0;1;RAS;False;
2023-12-18;Albertine;;0;1;RAS;False;
2023-12-19;Albertine;;0;1;RAS;False;
2023-12-20;Albertine;;0;1;RAS;False;
2023-12-21;Albertine;;0;1;RAS;False;
2023-12-22;Albertine;;0;1;RAS;False;
2023-12-23;Albertine;;0;1;RAS;False;
2023-12-24;Albertine;;0;1;RAS;False;
2023-12-25;Albertine;;0;1;RAS;False;
2023-12-26;Albertine;;0;1;RAS;False;
2023-12-27;Albertine;;0;1;RAS;False;
2023-12-28;Albertine;x;1;1;RAS;False;
2023-12-29;Albertine;;0;1;RAS;False;
2023-12-30;Albertine;x;1;1;RAS;False;
2023-12-31;Albertine;;0;1;RAS;False;
2024-01-01;NINA_TINA;;0;2;RAS;False;
2024-01-01;MARANS_TOTAL;1;1;3;RAS;False;
2024-01-01;Tina;;0;1;RAS;False;
2024-01-01;Nina;;0;1;RAS;False;
2024-01-01;Albertine;x;1;1;RAS;False;
2024-01-02;MARANS_TOTAL;;0;3;RAS;False;
2024-01-02;Albertine;;0;1;RAS;False;
2024-01-02;Tina;;0;1;RAS;False;
2024-01-02;Nina;;0;1;RAS;False;
2024-01-02;NINA_TINA;;0;2;RAS;False;
2024-01-03;MARANS_TOTAL;1;1;3;RAS;False;
2024-01-03;NINA_TINA;;0;2;RAS;False;
2024-01-03;Nina;;0;1;RAS;False;
2024-01-03;Tina;;0;1;RAS;False;
2024-01-03;Albertine;x;1;1;RAS;False;
2024-01-04;NINA_TINA;;0;2;RAS;False;
2024-01-04;Nina;;0;1;RAS;False;
2024-01-04;Tina;;0;1;RAS;False;
2024-01-04;Albertine;;0;1;RAS;False;
2024-01-04;MARANS_TOTAL;;0;3;RAS;False;
2024-01-05;Nina;;0;1;RAS;False;
2024-01-05;Tina;;0;1;RAS;False;
2024-01-05;MARANS_TOTAL;1;1;3;RAS;False;
2024-01-05;NINA_TINA;;0;2;RAS;False;
2024-01-05;Albertine;x;1;1;RAS;False;
2024-01-06;Albertine;;0;1;RAS;False;
2024-01-06;Tina;;0;1;RAS;False;
2024-01-06;MARANS_TOTAL;;0;3;RAS;False;
2024-01-06;NINA_TINA;;0;2;RAS;False;
2024-01-06;Nina;;0;1;RAS;False;
2024-01-07;Albertine;x;1;1;RAS;False;
2024-01-07;Tina;;0;1;RAS;False;
2024-01-07;MARANS_TOTAL;1;1;3;RAS;False;
2024-01-07;Nina;;0;1;RAS;False;
2024-01-07;NINA_TINA;;0;2;RAS;False;
2024-01-08;Tina;;0;1;RAS;False;
2024-01-08;Albertine;;0;1;RAS;False;
2024-01-08;MARANS_TOTAL;;0;3;RAS;False;
2024-01-08;Nina;;0;1;RAS;False;
2024-01-08;NINA_TINA;;0;2;RAS;False;
2024-01-09;Tina;;0;1;RAS;False;
2024-01-09;Albertine;;0;1;RAS;False;
2024-01-09;MARANS_TOTAL;;0;3;RAS;False;
2024-01-09;NINA_TINA;;0;2;RAS;False;
2024-01-09;Nina;;0;1;RAS;False;
2024-01-10;Nina;;0;1;RAS;False;
2024-01-10;Albertine;;0;1;RAS;False;
2024-01-10;MARANS_TOTAL;;0;3;RAS;False;
2024-01-10;NINA_TINA;;0;2;RAS;False;
2024-01-10;Tina;;0;1;RAS;False;
2024-01-11;NINA_TINA;;0;2;RAS;False;
2024-01-11;Albertine;;0;1;RAS;False;
2024-01-11;Tina;;0;1;RAS;False;
2024-01-11;Nina;;0;1;RAS;False;
2024-01-11;MARANS_TOTAL;;0;3;RAS;False;
2024-01-12;NINA_TINA;;0;2;RAS;False;
2024-01-12;MARANS_TOTAL;;0;3;RAS;False;
2024-01-12;Albertine;;0;1;RAS;False;
2024-01-12;Nina;;0;1;RAS;False;
2024-01-12;Tina;;0;1;RAS;False;
2024-01-13;NINA_TINA;;0;2;RAS;False;
2024-01-13;Albertine;;0;1;RAS;False;
2024-01-13;Nina;;0;1;RAS;False;
2024-01-13;Tina;;0;1;RAS;False;
2024-01-13;MARANS_TOTAL;;0;3;RAS;False;
2024-01-14;MARANS_TOTAL;;0;3;RAS;False;
2024-01-14;Tina;;0;1;RAS;False;
2024-01-14;Albertine;;0;1;RAS;False;
2024-01-14;NINA_TINA;;0;2;RAS;False;
2024-01-14;Nina;;0;1;RAS;False;
2024-01-15;NINA_TINA;;0;2;RAS;False;
2024-01-15;Nina;;0;1;RAS;False;
2024-01-15;Tina;;0;1;RAS;False;
2024-01-15;Albertine;;0;1;RAS;False;
2024-01-15;MARANS_TOTAL;;0;3;RAS;False;
2024-01-16;Tina;;0;1;RAS;False;
2024-01-16;Nina;;0;1;RAS;False;
2024-01-16;Albertine;;0;1;RAS;False;
2024-01-16;MARANS_TOTAL;;0;3;RAS;False;
2024-01-16;NINA_TINA;;0;2;RAS;False;
2024-01-17;NINA_TINA;;0;2;RAS;False;
2024-01-17;Nina;;0;1;RAS;False;
2024-01-17;Albertine;;0;1;RAS;False;
2024-01-17;Tina;;0;1;RAS;False;
2024-01-17;MARANS_TOTAL;;0;3;RAS;False;
2024-01-18;NINA_TINA;;0;2;RAS;False;
2024-01-18;MARANS_TOTAL;;0;3;RAS;False;
2024-01-18;Albertine;;0;1;RAS;False;
2024-01-18;Nina;;0;1;RAS;False;
2024-01-18;Tina;;0;1;RAS;False;
2024-01-19;NINA_TINA;;0;2;RAS;False;
2024-01-19;Tina;;0;1;RAS;False;
2024-01-19;MARANS_TOTAL;;0;3;RAS;False;
2024-01-19;Albertine;;0;1;RAS;False;
2024-01-19;Nina;;0;1;RAS;False;
2024-01-20;Albertine;;0;1;RAS;False;
2024-01-20;Nina;;0;1;RAS;False;
2024-01-20;NINA_TINA;;0;2;RAS;False;
2024-01-20;MARANS_TOTAL;;0;3;RAS;False;
2024-01-20;Tina;;0;1;RAS;False;
2024-01-21;MARANS_TOTAL;;0;3;RAS;False;
2024-01-21;Nina;;0;1;RAS;False;
2024-01-21;Albertine;;0;1;RAS;False;
2024-01-21;NINA_TINA;;0;2;RAS;False;
2024-01-21;Tina;;0;1;RAS;False;
2024-01-22;Tina;;0;1;RAS;False;
2024-01-22;Albertine;;0;1;RAS;False;
2024-01-22;Nina;;0;1;RAS;False;
2024-01-22;NINA_TINA;;0;2;RAS;False;
2024-01-22;MARANS_TOTAL;;0;3;RAS;False;
2024-01-23;Nina;;0;1;RAS;False;
2024-01-23;Albertine;;0;1;RAS;False;
2024-01-23;Tina;;0;1;RAS;False;
2024-01-23;NINA_TINA;;0;2;RAS;False;
2024-01-23;MARANS_TOTAL;;0;3;RAS;False;
2024-01-24;MARANS_TOTAL;;0;3;RAS;False;
2024-01-24;Tina;;0;1;RAS;False;
2024-01-24;Nina;;0;1;RAS;False;
2024-01-24;NINA_TINA;;0;2;RAS;False;
2024-01-24;Albertine;;0;1;RAS;False;
2024-01-25;Nina;;0;1;RAS;False;
2024-01-25;NINA_TINA;;0;2;RAS;False;
2024-01-25;Albertine;;0;1;RAS;False;
2024-01-25;Tina;;0;1;RAS;False;
2024-01-25;MARANS_TOTAL;;0;3;RAS;False;
2024-01-26;NINA_TINA;;0;2;RAS;False;
2024-01-26;MARANS_TOTAL;;0;3;RAS;False;
2024-01-26;Nina;;0;1;RAS;False;
2024-01-26;Albertine;;0;1;RAS;False;
2024-01-26;Tina;;0;1;RAS;False;
2024-01-27;Tina;;0;1;RAS;False;
2024-01-27;MARANS_TOTAL;;0;3;RAS;False;
2024-01-27;NINA_TINA;;0;2;RAS;False;
2024-01-27;Albertine;;0;1;RAS;False;
2024-01-27;Nina;;0;1;RAS;False;
2024-01-28;MARANS_TOTAL;;0;3;RAS;False;
2024-01-28;Tina;;0;1;RAS;False;
2024-01-28;NINA_TINA;;0;2;RAS;False;
2024-01-28;Albertine;;0;1;RAS;False;
2024-01-28;Nina;;0;1;RAS;False;
2024-01-29;Nina;;0;1;RAS;False;
2024-01-29;Tina;;0;1;RAS;False;
2024-01-29;MARANS_TOTAL;;0;3;RAS;False;
2024-01-29;NINA_TINA;;0;2;RAS;False;
2024-01-29;Albertine;;0;1;RAS;False;
2024-01-30;Tina;;0;1;RAS;False;
2024-01-30;Albertine;;0;1;RAS;False;
2024-01-30;Nina;;0;1;RAS;False;
2024-01-30;MARANS_TOTAL;1;1;3;RAS;False;
2024-01-30;NINA_TINA;x;1;2;RAS;False;
2024-01-31;Albertine;;0;1;RAS;False;
2024-01-31;Nina;;0;1;RAS;False;
2024-01-31;NINA_TINA;x;1;2;RAS;False;
2024-01-31;Tina;x ?;1;1;RAS;True;
2024-01-31;MARANS_TOTAL;2;2;3;RAS;False;
2024-02-01;Albertine;;0;1;RAS;False;
2024-02-01;Tina;;0;1;RAS;False;
2024-02-01;NINA_TINA;;0;2;RAS;False;
2024-02-01;MARANS_TOTAL;;0;3;RAS;False;
2024-02-01;Nina;;0;1;RAS;False;
2024-02-02;Tina;;0;1;RAS;False;
2024-02-02;Albertine;;0;1;RAS;False;
2024-02-02;Nina;;0;1;RAS;False;
2024-02-02;MARANS_TOTAL;1;1;3;RAS;False;
2024-02-02;NINA_TINA;x;1;2;RAS;False;
2024-02-03;Albertine;;0;1;RAS;False;
2024-02-03;Tina;;0;1;RAS;False;
2024-02-03;Nina;;0;1;RAS;False;
2024-02-03;MARANS_TOTAL;1;1;3;RAS;False;
2024-02-03;NINA_TINA;x;1;2;RAS;False;
2024-02-04;Albertine;;0;1;RAS;False;
2024-02-04;Nina;;0;1;RAS;False;
2024-02-04;Tina;;0;1;RAS;False;
2024-02-04;NINA_TINA;;0;2;RAS;False;
2024-02-04;MARANS_TOTAL;;0;3;RAS;False;
2024-02-05;MARANS_TOTAL;1;1;3;RAS;False;
2024-02-05;Albertine;x;1;1;RAS;False;
2024-02-05;Nina;;0;1;RAS;False;
2024-02-05;NINA_TINA;;0;2;RAS;False;
2024-02-05;Tina;;0;1;RAS;False;
2024-02-06;Albertine;;0;1;RAS;False;
2024-02-06;Nina;;0;1;RAS;False;
2024-02-06;NINA_TINA;;0;2;RAS;False;
2024-02-06;Tina;;0;1;RAS;False;
2024-02-06;MARANS_TOTAL;;0;3;RAS;False;
2024-02-07;Tina;;0;1;RAS;False;
2024-02-07;NINA_TINA;x;1;2;RAS;False;
2024-02-07;Nina;;0;1;RAS;False;
2024-02-07;MARANS_TOTAL;2;2;3;RAS;False;
2024-02-07;Albertine;x;1;1;RAS;False;
2024-02-08;Albertine;;0;1;RAS;False;
2024-02-08;NINA_TINA;;0;2;RAS;False;
2024-02-08;Nina;;0;1;RAS;False;
2024-02-08;Tina;;0;1;RAS;False;
2024-02-08;MARANS_TOTAL;;0;3;RAS;False;
2024-02-09;NINA_TINA;x;1;2;RAS;False;
2024-02-09;Albertine;x;1;1;RAS;False;
2024-02-09;MARANS_TOTAL;2;2;3;RAS;False;
2024-02-09;Tina;;0;1;RAS;False;
2024-02-09;Nina;;0;1;RAS;False;
2024-02-10;NINA_TINA;;0;2;RAS;False;
2024-02-10;Tina;;0;1;RAS;False;
2024-02-10;MARANS_TOTAL;;0;3;RAS;False;
2024-02-10;Albertine;;0;1;RAS;False;
2024-02-10;Nina;;0;1;RAS;False;
2024-02-11;Nina;;0;1;RAS;False;
2024-02-11;MARANS_TOTAL;2;2;3;RAS;False;
2024-02-11;Tina;;0;1;RAS;False;
2024-02-11;NINA_TINA;x;1;2;RAS;False;
2024-02-11;Albertine;x;1;1;RAS;False;
2024-02-12;NINA_TINA;;0;2;RAS;False;
2024-02-12;Tina;;0;1;RAS;False;
2024-02-12;Nina;;0;1;RAS;False;
2024-02-12;MARANS_TOTAL;2;2;3;RAS;False;
2024-02-12;Albertine;x ?;1;1;RAS;True;
2024-02-13;Albertine;;0;1;RAS;False;
2024-02-13;Nina;;0;1;RAS;False;
2024-02-13;Tina;;0;1;RAS;False;
2024-02-13;NINA_TINA;;0;2;RAS;False;
2024-02-13;MARANS_TOTAL;1;1;3;RAS;False;
2024-02-14;Tina;;0;1;RAS;False;
2024-02-14;NINA_TINA;x;1;2;RAS;False;
2024-02-14;Albertine;x;1;1;RAS;False;
2024-02-14;Nina;;0;1;RAS;False;
2024-02-14;MARANS_TOTAL;2;2;3;RAS;False;
2024-02-15;Albertine;;0;1;RAS;False;
2024-02-15;Nina;;0;1;RAS;False;
2024-02-15;NINA_TINA;;0;2;RAS;False;
2024-02-15;Tina;;0;1;RAS;False;
2024-02-15;MARANS_TOTAL;;0;3;RAS;False;
2024-02-16;NINA_TINA;x;1;2;RAS;False;
2024-02-16;MARANS_TOTAL;2;2;3;RAS;False;
2024-02-16;Tina;;0;1;RAS;False;
2024-02-16;Albertine;x;1;1;RAS;False;
2024-02-16;Nina;;0;1;RAS;False;
2024-02-17;NINA_TINA;x;1;2;RAS;False;
2024-02-17;Tina;x ?;1;1;RAS;True;
2024-02-17;MARANS_TOTAL;1;1;3;RAS;False;
2024-02-17;Nina;;0;1;RAS;False;
2024-02-17;Albertine;;0;1;RAS;False;
2024-02-18;Nina;;0;1;RAS;False;
2024-02-18;NINA_TINA;;0;2;RAS;False;
2024-02-18;Albertine;;0;1;RAS;False;
2024-02-18;MARANS_TOTAL;;0;3;RAS;False;
2024-02-18;Tina;;0;1;RAS;False;
2024-02-19;Tina;;0;1;RAS;False;
2024-02-19;Nina;;0;1;RAS;False;
2024-02-19;Albertine;;0;1;RAS;False;
2024-02-19;NINA_TINA;;0;2;RAS;False;
2024-02-19;MARANS_TOTAL;;0;3;RAS;False;
2024-02-20;Nina;;0;1;RAS;False;
2024-02-20;Tina;;0;1;RAS;False;
2024-02-20;MARANS_TOTAL;1;1;3;RAS;False;
2024-02-20;Albertine;;0;1;RAS;False;
2024-02-20;NINA_TINA;x;1;2;RAS;False;
2024-02-21;NINA_TINA;2x;1;2;RAS;False;
2024-02-21;Tina;x ;1;1;RAS;False;
2024-02-21;MARANS_TOTAL;3;3;3;RAS;False;
2024-02-21;Nina;;0;1;RAS;False;
2024-02-21;Albertine;x(cassé);1;1;cassé;False;
2024-02-22;MARANS_TOTAL;;0;3;RAS;False;
2024-02-22;Tina;;0;1;RAS;False;
2024-02-22;Nina;;0;1;RAS;False;
2024-02-22;Albertine;;0;1;RAS;False;
2024-02-22;NINA_TINA;;0;2;RAS;False;
2024-02-23;NINA_TINA;x;1;2;RAS;False;
2024-02-23;Albertine;x;1;1;RAS;False;
2024-02-23;MARANS_TOTAL;1;1;3;RAS;False;
2024-02-23;Tina;;0;1;RAS;False;
2024-02-23;Nina;;0;1;RAS;False;
2024-02-24;MARANS_TOTAL;1;1;3;RAS;False;
2024-02-24;Albertine;;0;1;RAS;False;
2024-02-24;Nina;;0;1;RAS;False;
2024-02-24;NINA_TINA;x;1;2;RAS;False;
2024-02-24;Tina;;0;1;RAS;False;
2024-02-25;Nina;;0;1;RAS;False;
2024-02-25;MARANS_TOTAL;1;1;3;RAS;False;
2024-02-25;Tina;x ?;1;1;RAS;True;
2024-02-25;NINA_TINA;x;1;2;RAS;False;
2024-02-25;Albertine;;0;1;RAS;False;
2024-02-26;Nina;;0;1;RAS;False;
2024-02-26;Tina;;0;1;RAS;False;
2024-02-26;NINA_TINA;;0;2;RAS;False;
2024-02-26;MARANS_TOTAL;1;1;3;RAS;False;
2024-02-26;Albertine;x;1;1;RAS;False;
2024-02-27;Nina;;0;1;RAS;False;
2024-02-27;Albertine;;0;1;RAS;False;
2024-02-27;Tina;;0;1;RAS;False;
2024-02-27;MARANS_TOTAL;1;1;3;RAS;False;
2024-02-27;NINA_TINA;x;1;2;RAS;False;
2024-02-28;Tina;;0;1;RAS;False;
2024-02-28;MARANS_TOTAL;1;1;3;RAS;False;
2024-02-28;Albertine;;0;1;RAS;False;
2024-02-28;Nina;;0;1;RAS;False;
2024-02-28;NINA_TINA;x;1;2;RAS;False;
2024-02-29;Nina;;0;1;RAS;False;
2024-02-29;Tina;;0;1;RAS;False;
2024-02-29;Albertine;;0;1;RAS;False;
2024-02-29;NINA_TINA;;0;2;RAS;False;
2024-02-29;MARANS_TOTAL;;0;3;RAS;False;
2024-03-01;Albertine;x;1;1;RAS;False;
2024-03-01;NINA_TINA;x;1;2;RAS;False;
2024-03-01;MARANS_TOTAL;2;2;3;RAS;False;
2024-03-01;Tina;;0;1;RAS;False;
2024-03-01;Nina;;0;1;RAS;False;
2024-03-02;MARANS_TOTAL;2;2;3;RAS;False;
2024-03-02;NINA_TINA;x;1;2;RAS;False;
2024-03-02;Tina;;0;1;RAS;False;
2024-03-02;Nina;;0;1;RAS;False;
2024-03-02;Albertine;x;1;1;RAS;False;
2024-03-03;Tina;;0;1;RAS;False;
2024-03-03;MARANS_TOTAL;1;1;3;RAS;False;
2024-03-03;NINA_TINA;x;1;2;RAS;False;
2024-03-03;Albertine;;0;1;RAS;False;
2024-03-03;Nina;;0;1;RAS;False;
2024-03-04;MARANS_TOTAL;2;2;3;RAS;False;
2024-03-04;Tina;;0;1;RAS;False;
2024-03-04;NINA_TINA;x;1;2;RAS;False;
2024-03-04;Albertine;x;1;1;RAS;False;
2024-03-04;Nina;;0;1;RAS;False;
2024-03-05;Nina;;0;1;RAS;False;
2024-03-05;Tina;;0;1;RAS;False;
2024-03-05;Albertine;x;1;1;RAS;False;
2024-03-05;MARANS_TOTAL;1;1;3;RAS;False;
2024-03-05;NINA_TINA;;0;2;RAS;False;
2024-03-06;MARANS_TOTAL;3;3;3;RAS;False;
2024-03-06;Albertine;x;1;1;RAS;False;
2024-03-06;NINA_TINA;x;1;2;RAS;False;
2024-03-06;Tina;x;1;1;RAS;False;
2024-03-06;Nina;;0;1;RAS;False;
2024-03-07;MARANS_TOTAL;1;1;3;RAS;False;
2024-03-07;Nina;;0;1;RAS;False;
2024-03-07;NINA_TINA;x;1;2;RAS;False;
2024-03-07;Tina;;0;1;RAS;False;
2024-03-07;Albertine;;0;1;RAS;False;
2024-03-08;Nina;;0;1;RAS;False;
2024-03-08;Albertine;x;1;1;RAS;False;
2024-03-08;NINA_TINA;x;1;2;RAS;False;
2024-03-08;MARANS_TOTAL;2;2;3;RAS;False;
2024-03-08;Tina;;0;1;RAS;False;
2024-03-09;Tina;;0;1;RAS;False;
2024-03-09;Albertine;x;1;1;RAS;False;
2024-03-09;MARANS_TOTAL;1;1;3;RAS;False;
2024-03-09;NINA_TINA;;0;2;RAS;False;
2024-03-09;Nina;;0;1;RAS;False;
2024-03-10;Albertine;x;1;1;RAS;False;
2024-03-10;Nina;;0;1;RAS;False;
2024-03-10;NINA_TINA;x;1;2;RAS;False;
2024-03-10;Tina;;0;1;RAS;False;
2024-03-10;MARANS_TOTAL;2;2;3;RAS;False;
2024-03-11;Nina;;0;1;RAS;False;
2024-03-11;Tina;;0;1;RAS;False;
2024-03-11;Albertine;x;1;1;RAS;False;
2024-03-11;NINA_TINA;x;1;2;RAS;False;
2024-03-11;MARANS_TOTAL;2;2;3;RAS;False;
2024-03-12;NINA_TINA;;0;2;RAS;False;
2024-03-12;MARANS_TOTAL;2;2;3;RAS;False;
2024-03-12;Albertine;x ?;1;1;RAS;True;
2024-03-12;Nina;;0;1;RAS;False;
2024-03-12;Tina;x;1;1;RAS;False;
2024-03-13;Albertine;x;1;1;RAS;False;
2024-03-13;MARANS_TOTAL;1;1;3;RAS;False;
2024-03-13;Nina;;0;1;RAS;False;
2024-03-13;Tina;;0;1;RAS;False;
2024-03-13;NINA_TINA;;0;2;RAS;False;
2024-03-14;Nina;;0;1;RAS;False;
2024-03-14;NINA_TINA;x;1;2;RAS;False;
2024-03-14;Albertine;x;1;1;RAS;False;
2024-03-14;MARANS_TOTAL;2;2;3;RAS;False;
2024-03-14;Tina;;0;1;RAS;False;
2024-03-15;MARANS_TOTAL;3;3;3;RAS;False;
2024-03-15;NINA_TINA;x;1;2;RAS;False;
2024-03-15;Nina;;0;1;RAS;False;
2024-03-15;Albertine;x;1;1;RAS;False;
2024-03-15;Tina;x;1;1;RAS;False;
2024-03-16;Nina;;0;1;RAS;False;
2024-03-16;NINA_TINA;;0;2;RAS;False;
2024-03-16;MARANS_TOTAL;;0;3;RAS;False;
2024-03-16;Albertine;;0;1;RAS;False;
2024-03-16;Tina;;0;1;RAS;False;
2024-03-17;Albertine;x;1;1;RAS;False;
2024-03-17;Nina;;0;1;RAS;False;
2024-03-17;NINA_TINA;x;1;2;RAS;False;
2024-03-17;MARANS_TOTAL;3;3;3;RAS;False;
2024-03-17;Tina;x;1;1;RAS;False;
2024-03-18;Tina;x;1;1;RAS;False;
2024-03-18;NINA_TINA;x;1;2;RAS;False;
2024-03-18;MARANS_TOTAL;2;2;3;RAS;False;
2024-03-18;Nina;;0;1;RAS;False;
2024-03-18;Albertine;;0;1;RAS;False;
2024-03-19;Nina;;0;1;RAS;False;
2024-03-19;Tina;x;1;1;RAS;False;
2024-03-19;NINA_TINA;x;1;2;RAS;False;
2024-03-19;Albertine;x;1;1;RAS;False;
2024-03-19;MARANS_TOTAL;3;3;3;RAS;False;
2024-03-20;Tina;;0;1;RAS;False;
2024-03-20;MARANS_TOTAL;;0;3;RAS;False;
2024-03-20;Albertine;;0;1;RAS;False;
2024-03-20;NINA_TINA;;0;2;RAS;False;
2024-03-20;Nina;;0;1;RAS;False;
2024-03-21;Tina;x;1;1;RAS;False;
2024-03-21;Albertine;x;1;1;RAS;False;
2024-03-21;MARANS_TOTAL;3;3;3;RAS;False;
2024-03-21;NINA_TINA;x;1;2;RAS;False;
2024-03-21;Nina;;0;1;RAS;False;
2024-03-22;MARANS_TOTAL;3;3;3;RAS;False;
2024-03-22;Nina;;0;1;RAS;False;
2024-03-22;Tina;x;1;1;RAS;False;
2024-03-22;Albertine;x;1;1;RAS;False;
2024-03-22;NINA_TINA;x;1;2;RAS;False;
2024-03-23;Albertine;;0;1;RAS;False;
2024-03-23;NINA_TINA;x;1;2;RAS;False;
2024-03-23;Tina;x;1;1;RAS;False;
2024-03-23;MARANS_TOTAL;2;2;3;RAS;False;
2024-03-23;Nina;;0;1;RAS;False;
2024-03-24;Tina;;0;1;RAS;False;
2024-03-24;MARANS_TOTAL;2;2;3;RAS;False;
2024-03-24;Albertine;x;1;1;RAS;False;
2024-03-24;NINA_TINA;x;1;2;RAS;False;
2024-03-24;Nina;;0;1;RAS;False;
2024-03-25;Tina;x;1;1;RAS;False;
2024-03-25;Nina;;0;1;RAS;False;
2024-03-25;NINA_TINA;;0;2;RAS;False;
2024-03-25;MARANS_TOTAL;1;1;3;RAS;False;
2024-03-25;Albertine;;0;1;RAS;False;
2024-03-26;Nina;;0;1;RAS;False;
2024-03-26;Tina;x;1;1;RAS;False;
2024-03-26;MARANS_TOTAL;3;3;3;RAS;False;
2024-03-26;NINA_TINA;x;1;2;RAS;False;
2024-03-26;Albertine;x;1;1;RAS;False;
2024-03-27;MARANS_TOTAL;3;3;3;RAS;False;
2024-03-27;Nina;;0;1;RAS;False;
2024-03-27;Tina;x;1;1;RAS;False;
2024-03-27;NINA_TINA;x;1;2;RAS;False;
2024-03-27;Albertine;x;1;1;RAS;False;
2024-03-28;Nina;;0;1;RAS;False;
2024-03-28;MARANS_TOTAL;2;2;3;RAS;False;
2024-03-28;Albertine;;0;1;RAS;False;
2024-03-28;NINA_TINA;x;1;2;RAS;False;
2024-03-28;Tina;x;1;1;RAS;False;
2024-03-29;Tina;x;1;1;RAS;False;
2024-03-29;NINA_TINA;;0;2;RAS;False;
2024-03-29;Albertine;x;1;1;RAS;False;
2024-03-29;Nina;;0;1;RAS;False;
2024-03-29;MARANS_TOTAL;2;2;3;RAS;False;
2024-03-30;Albertine;;0;1;RAS;False;
2024-03-30;MARANS_TOTAL;1;1;3;RAS;False;
2024-03-30;Tina;;0;1;RAS;False;
2024-03-30;Nina;;0;1;RAS;False;
2024-03-30;NINA_TINA;x;1;2;RAS;False;
2024-03-31;Albertine;x;1;1;RAS;False;
2024-03-31;Tina;x;1;1;RAS;False;
2024-03-31;NINA_TINA;x;1;2;RAS;False;
2024-03-31;Nina;;0;1;RAS;False;
2024-03-31;MARANS_TOTAL;3;3;3;RAS;False;
2024-04-01;Nina;;0;1;RAS;False;
2024-04-01;Albertine;;0;1;RAS;False;
2024-04-01;MARANS_TOTAL;2;2;3;RAS;False;
2024-04-01;NINA_TINA;x;1;2;RAS;False;
2024-04-01;Tina;x;1;1;RAS;False;
2024-04-02;Tina;;0;1;RAS;False;
2024-04-02;MARANS_TOTAL;1;1;3;RAS;False;
2024-04-02;Nina;;0;1;RAS;False;
2024-04-02;NINA_TINA;;0;2;RAS;False;
2024-04-02;Albertine;x;1;1;RAS;False;
2024-04-03;MARANS_TOTAL;3;3;3;RAS;False;
2024-04-03;Nina;;0;1;RAS;False;
2024-04-03;Albertine;x(cassé);1;1;cassé;False;
2024-04-03;Tina;x;1;1;RAS;False;
2024-04-03;NINA_TINA;x;1;2;RAS;False;
2024-04-04;Albertine;;0;1;RAS;False;
2024-04-04;Tina;;0;1;RAS;False;
2024-04-04;MARANS_TOTAL;1;1;3;RAS;False;
2024-04-04;NINA_TINA;x;1;2;RAS;False;
2024-04-04;Nina;;0;1;RAS;False;
2024-04-05;Tina;x(cassé);1;1;cassé;False;
2024-04-05;Albertine;x;1;1;RAS;False;
2024-04-05;NINA_TINA;;0;2;RAS;False;
2024-04-05;MARANS_TOTAL;2;2;3;RAS;False;
2024-04-05;Nina;;0;1;RAS;False;
2024-04-06;Tina;x;1;1;RAS;False;
2024-04-06;Albertine;x;1;1;RAS;False;
2024-04-06;NINA_TINA;x;1;2;RAS;False;
2024-04-06;Nina;;0;1;RAS;False;
2024-04-06;MARANS_TOTAL;3;3;3;RAS;False;
2024-04-07;NINA_TINA;x;1;2;RAS;False;
2024-04-07;Nina;;0;1;RAS;False;
2024-04-07;Tina;;0;1;RAS;False;
2024-04-07;MARANS_TOTAL;1;1;3;RAS;False;
2024-04-07;Albertine;;0;1;RAS;False;
2024-04-08;Tina;;0;1;RAS;False;
2024-04-08;MARANS_TOTAL;2;2;3;RAS;False;
2024-04-08;Albertine;x;1;1;RAS;False;
2024-04-08;Nina;;0;1;RAS;False;
2024-04-08;NINA_TINA;x;1;2;RAS;False;
2024-04-09;NINA_TINA;x;1;2;RAS;False;
2024-04-09;MARANS_TOTAL;2;2;3;RAS;False;
2024-04-09;Tina;x;1;1;RAS;False;
2024-04-09;Nina;;0;1;RAS;False;
2024-04-09;Albertine;;0;1;RAS;False;
2024-04-10;Tina;x;1;1;RAS;False;
2024-04-10;Nina;;0;1;RAS;False;
2024-04-10;MARANS_TOTAL;3;3;3;RAS;False;
2024-04-10;NINA_TINA;x;1;2;RAS;False;
2024-04-10;Albertine;x;1;1;RAS;False;
2024-04-11;Albertine;x?(cassé);1;1;cassé;True;
2024-04-11;Nina;;0;1;RAS;False;
2024-04-11;Tina;;0;1;RAS;False;
2024-04-11;MARANS_TOTAL;1;1;3;RAS;False;
2024-04-11;NINA_TINA;;0;2;RAS;False;
2024-04-12;Nina;;0;1;RAS;False;
2024-04-12;MARANS_TOTAL;1;1;3;RAS;False;
2024-04-12;Albertine;;0;1;RAS;False;
2024-04-12;NINA_TINA;x;1;2;RAS;False;
2024-04-12;Tina;;0;1;RAS;False;
2024-04-13;NINA_TINA;;0;2;RAS;False;
2024-04-13;Nina;;0;1;RAS;False;
2024-04-13;MARANS_TOTAL;2;2;3;RAS;False;
2024-04-13;Albertine;x;1;1;RAS;False;
2024-04-13;Tina;x;1;1;RAS;False;
2024-04-14;MARANS_TOTAL;3;3;3;RAS;False;
2024-04-14;Tina;x;1;1;RAS;False;
2024-04-14;NINA_TINA;x;1;2;RAS;False;
2024-04-14;Nina;;0;1;RAS;False;
2024-04-14;Albertine;x;1;1;RAS;False;
2024-04-15;Nina;;0;1;RAS;False;
2024-04-15;MARANS_TOTAL;2;2;3;RAS;False;
2024-04-15;Tina;x(cassé);1;1;cassé;False;
2024-04-15;Albertine;;0;1;RAS;False;
2024-04-15;NINA_TINA;x;1;2;RAS;False;
2024-04-16;MARANS_TOTAL;2;2;3;RAS;False;
2024-04-16;Albertine;x;1;1;RAS;False;
2024-04-16;Tina;x;1;1;RAS;False;
2024-04-16;Nina;;0;1;RAS;False;
2024-04-16;NINA_TINA;;0;2;RAS;False;
2024-04-17;Albertine;;0;1;RAS;False;
2024-04-17;Nina;;0;1;RAS;False;
2024-04-17;NINA_TINA;x;1;2;RAS;False;
2024-04-17;MARANS_TOTAL;1;1;3;RAS;False;
2024-04-17;Tina;;0;1;RAS;False;
2024-04-18;MARANS_TOTAL;2;2;3;RAS;False;
2024-04-18;NINA_TINA;x;1;2;RAS;False;
2024-04-18;Albertine;x;1;1;RAS;False;
2024-04-18;Nina;;0;1;RAS;False;
2024-04-18;Tina;x;1;1;RAS;False;
2024-04-19;Tina;x;1;1;RAS;False;
2024-04-19;Albertine;x;1;1;RAS;False;
2024-04-19;NINA_TINA;;0;2;RAS;False;
2024-04-19;Nina;;0;1;RAS;False;
2024-04-19;MARANS_TOTAL;2;2;3;RAS;False;
2024-04-20;Albertine;;0;1;RAS;False;
2024-04-20;Tina;x(double);1;1;double;False;
2024-04-20;MARANS_TOTAL;2;2;3;RAS;False;
2024-04-20;NINA_TINA;x;1;2;RAS;False;
2024-04-20;Nina;;0;1;RAS;False;
2024-04-21;MARANS_TOTAL;3;3;3;RAS;False;
2024-04-21;Albertine;x;1;1;RAS;False;
2024-04-21;NINA_TINA;x;1;2;RAS;False;
2024-04-21;Tina;x;1;1;RAS;False;
2024-04-21;Nina;;0;1;RAS;False;
2024-04-22;Albertine;x(cassé);1;1;cassé;False;
2024-04-22;NINA_TINA;;0;2;RAS;False;
2024-04-22;Tina;;0;1;RAS;False;
2024-04-22;Nina;;0;1;RAS;False;
2024-04-22;MARANS_TOTAL;1;1;3;RAS;False;
2024-04-23;Nina;;0;1;RAS;False;
2024-04-23;MARANS_TOTAL;2;2;3;RAS;False;
2024-04-23;NINA_TINA;x;1;2;RAS;False;
2024-04-23;Tina;x;1;1;RAS;False;
2024-04-23;Albertine;;0;1;RAS;False;
2024-04-24;NINA_TINA;x;1;2;RAS;False;
2024-04-24;Albertine;x;1;1;RAS;False;
2024-04-24;Tina;x;1;1;RAS;False;
2024-04-24;Nina;;0;1;RAS;False;
2024-04-24;MARANS_TOTAL;3;3;3;RAS;False;
2024-04-25;Tina;;0;1;RAS;False;
2024-04-25;Albertine;x ?;1;1;RAS;True;
2024-04-25;Nina;;0;1;RAS;False;
2024-04-25;MARANS_TOTAL;2;2;3;RAS;False;
2024-04-25;NINA_TINA;x;1;2;RAS;False;
2024-04-26;NINA_TINA;x;1;2;RAS;False;
2024-04-26;Nina;;0;1;RAS;False;
2024-04-26;MARANS_TOTAL;1;1;3;RAS;False;
2024-04-26;Tina;;0;1;RAS;False;
2024-04-26;Albertine;;0;1;RAS;False;
2024-04-27;MARANS_TOTAL;2;2;3;RAS;False;
2024-04-27;Albertine;x;1;1;RAS;False;
2024-04-27;NINA_TINA;x;1;2;RAS;False;
2024-04-27;Nina;;0;1;RAS;False;
2024-04-27;Tina;;0;1;RAS;False;
2024-04-28;NINA_TINA;;0;2;RAS;False;
2024-04-28;Albertine;;0;1;RAS;False;
2024-04-28;Nina;;0;1;RAS;False;
2024-04-28;Tina;x;1;1;RAS;False;
2024-04-28;MARANS_TOTAL;1;1;3;RAS;False;
2024-04-29;Albertine;x;1;1;RAS;False;
2024-04-29;Tina;;0;1;RAS;False;
2024-04-29;NINA_TINA;x;1;2;RAS;False;
2024-04-29;Nina;;0;1;RAS;False;
2024-04-29;MARANS_TOTAL;2;2;3;RAS;False;
2024-04-30;MARANS_TOTAL;1;1;3;RAS;False;
2024-04-30;Nina;;0;1;RAS;False;
2024-04-30;Tina;;0;1;RAS;False;
2024-04-30;NINA_TINA;;0;2;RAS;False;
2024-04-30;Albertine;x;1;1;RAS;False;
2024-05-01;NINA_TINA;;0;2;RAS;False;
2024-05-01;Albertine;;0;1;RAS;False;
2024-05-01;Nina;;0;1;RAS;False;
2024-05-01;Tina;;0;1;RAS;False;
2024-05-01;MARANS_TOTAL;0;0;3;RAS;False;
2024-05-02;NINA_TINA;x;1;2;RAS;False;
2024-05-02;Albertine;;0;1;RAS;False;
2024-05-02;MARANS_TOTAL;2;2;3;RAS;False;
2024-05-02;Tina;x;1;1;RAS;False;
2024-05-02;Nina;;0;1;RAS;False;
2024-05-03;Albertine;;0;1;RAS;False;
2024-05-03;Nina;;0;1;RAS;False;
2024-05-03;MARANS_TOTAL;1;1;3;RAS;False;
2024-05-03;NINA_TINA;x;1;2;RAS;False;
2024-05-03;Tina;;0;1;RAS;False;
2024-05-04;Nina;;0;1;RAS;False;
2024-05-04;NINA_TINA;x;1;2;RAS;False;
2024-05-04;Tina;x;1;1;RAS;False;
2024-05-04;MARANS_TOTAL;2;2;3;RAS;False;
2024-05-04;Albertine;;0;1;RAS;False;
2024-05-05;Tina;;0;1;RAS;False;
2024-05-05;Nina;;0;1;RAS;False;
2024-05-05;MARANS_TOTAL;1;1;3;RAS;False;
2024-05-05;NINA_TINA;;0;2;RAS;False;
2024-05-05;Albertine;x;1;1;RAS;False;
2024-05-06;MARANS_TOTAL;2;2;3;RAS;False;
2024-05-06;Albertine;;0;1;RAS;False;
2024-05-06;Tina;x;1;1;RAS;False;
2024-05-06;Nina;;0;1;RAS;False;
2024-05-06;NINA_TINA;x;1;2;RAS;False;
2024-05-07;NINA_TINA;x;1;2;RAS;False;
2024-05-07;MARANS_TOTAL;3;3;3;RAS;False;
2024-05-07;Tina;x;1;1;RAS;False;
2024-05-07;Albertine;x;1;1;RAS;False;
2024-05-07;Nina;;0;1;RAS;False;
2024-05-08;NINA_TINA;;0;2;RAS;False;
2024-05-08;Tina;x;1;1;RAS;False;
2024-05-08;Nina;;0;1;RAS;False;
2024-05-08;MARANS_TOTAL;1;1;3;RAS;False;
2024-05-08;Albertine;;0;1;RAS;False;
2024-05-09;Nina;;0;1;RAS;False;
2024-05-09;Tina;;0;1;RAS;False;
2024-05-09;Albertine;x;1;1;RAS;False;
2024-05-09;NINA_TINA;x;1;2;RAS;False;
2024-05-09;MARANS_TOTAL;2;2;3;RAS;False;
2024-05-10;Nina;;0;1;RAS;False;
2024-05-10;MARANS_TOTAL;2;2;3;RAS;False;
2024-05-10;Tina;;0;1;RAS;False;
2024-05-10;Albertine;x;1;1;RAS;False;
2024-05-10;NINA_TINA;x;1;2;RAS;False;
2024-05-11;MARANS_TOTAL;1;1;3;RAS;False;
2024-05-11;Albertine;;0;1;RAS;False;
2024-05-11;NINA_TINA;;0;2;RAS;False;
2024-05-11;Nina;;0;1;RAS;False;
2024-05-11;Tina;x;1;1;RAS;False;
2024-05-12;Tina;x;1;1;RAS;False;
2024-05-12;Albertine;x;1;1;RAS;False;
2024-05-12;NINA_TINA;x;1;2;RAS;False;
2024-05-12;Nina;;0;1;RAS;False;
2024-05-12;MARANS_TOTAL;3;3;3;RAS;False;
2024-05-13;Tina;x;1;1;RAS;False;
2024-05-13;Nina;;0;1;RAS;False;
2024-05-13;Albertine;x;1;1;RAS;False;
2024-05-13;NINA_TINA;x;1;2;RAS;False;
2024-05-13;MARANS_TOTAL;3;3;3;RAS;False;
2024-05-14;MARANS_TOTAL;1;1;3;RAS;False;
2024-05-14;NINA_TINA;x;1;2;RAS;False;
2024-05-14;Tina;;0;1;RAS;False;
2024-05-14;Albertine;;0;1;RAS;False;
2024-05-14;Nina;;0;1;RAS;False;
2024-05-15;Tina;;0;1;RAS;False;
2024-05-15;Albertine;x;1;1;RAS;False;
2024-05-15;MARANS_TOTAL;2;2;3;RAS;False;
2024-05-15;Nina;;0;1;RAS;False;
2024-05-15;NINA_TINA;x;1;2;RAS;False;
2024-05-16;Nina;;0;1;RAS;False;
2024-05-16;Tina;x;1;1;RAS;False;
2024-05-16;Albertine;;0;1;RAS;False;
2024-05-16;MARANS_TOTAL;1;1;3;RAS;False;
2024-05-16;NINA_TINA;;0;2;RAS;False;
2024-05-17;Nina;;0;1;RAS;False;
2024-05-17;NINA_TINA;x;1;2;RAS;False;
2024-05-17;MARANS_TOTAL;2;2;3;RAS;False;
2024-05-17;Albertine;;0;1;RAS;False;
2024-05-17;Tina;x;1;1;RAS;False;
2024-05-18;Nina;;0;1;RAS;False;
2024-05-18;Albertine;x;1;1;RAS;False;
2024-05-18;NINA_TINA;x;1;2;RAS;False;
2024-05-18;MARANS_TOTAL;2;2;3;RAS;False;
2024-05-18;Tina;;0;1;RAS;False;
2024-05-19;Albertine;;0;1;RAS;False;
2024-05-19;MARANS_TOTAL;2;2;3;RAS;False;
2024-05-19;NINA_TINA;x;1;2;RAS;False;
2024-05-19;Nina;;0;1;RAS;False;
2024-05-19;Tina;x;1;1;RAS;False;
2024-05-20;Albertine;;0;1;RAS;False;
2024-05-20;Tina;x;1;1;RAS;False;
2024-05-20;MARANS_TOTAL;1;1;3;RAS;False;
2024-05-20;Nina;;0;1;RAS;False;
2024-05-20;NINA_TINA;;0;2;RAS;False;
2024-05-21;Tina;;0;1;RAS;False;
2024-05-21;Nina;;0;1;RAS;False;
2024-05-21;Albertine;x;1;1;RAS;False;
2024-05-21;NINA_TINA;x;1;2;RAS;False;
2024-05-21;MARANS_TOTAL;2;2;3;RAS;False;
2024-05-22;NINA_TINA;x;1;2;RAS;False;
2024-05-22;MARANS_TOTAL;2;2;3;RAS;False;
2024-05-22;Tina;;0;1;RAS;False;
2024-05-22;Albertine;x;1;1;RAS;False;
2024-05-22;Nina;;0;1;RAS;False;
2024-05-23;Albertine;;0;1;RAS;False;
2024-05-23;MARANS_TOTAL;;0;3;RAS;False;
2024-05-23;Nina;;0;1;RAS;False;
2024-05-23;NINA_TINA;;0;2;RAS;False;
2024-05-23;Tina;;0;1;RAS;False;
2024-05-24;Nina;;0;1;RAS;False;
2024-05-24;Albertine;;0;1;RAS;False;
2024-05-24;NINA_TINA;;0;2;RAS;False;
2024-05-24;MARANS_TOTAL;1;1;3;RAS;False;
2024-05-24;Tina;x;1;1;RAS;False;
2024-05-25;Albertine;x;1;1;RAS;False;
2024-05-25;Tina;x;1;1;RAS;False;
2024-05-25;MARANS_TOTAL;3;3;3;RAS;False;
2024-05-25;NINA_TINA;x;1;2;RAS;False;
2024-05-25;Nina;;0;1;RAS;False;
2024-05-26;Nina;;0;1;RAS;False;
2024-05-26;Tina;x;1;1;RAS;False;
2024-05-26;Albertine;;0;1;RAS;False;
2024-05-26;NINA_TINA;x;1;2;RAS;False;
2024-05-26;MARANS_TOTAL;2;2;3;RAS;False;
2024-05-27;MARANS_TOTAL;2;2;3;RAS;False;
2024-05-27;Nina;;0;1;RAS;False;
2024-05-27;Tina;x;1;1;RAS;False;
2024-05-27;NINA_TINA;x;1;2;RAS;False;
2024-05-27;Albertine;;0;1;RAS;False;
2024-05-28;NINA_TINA;;0;2;RAS;False;
2024-05-28;Nina;;0;1;RAS;False;
2024-05-28;Albertine;x;1;1;RAS;False;
2024-05-28;Tina;x;1;1;RAS;False;
2024-05-28;MARANS_TOTAL;2;2;3;RAS;False;
2024-05-29;Nina;;0;1;RAS;False;
2024-05-29;Albertine;x;1;1;RAS;False;
2024-05-29;MARANS_TOTAL;2;2;3;RAS;False;
2024-05-29;Tina;;0;1;RAS;False;
2024-05-29;NINA_TINA;x;1;2;RAS;False;
2024-05-30;Albertine;;0;1;RAS;False;
2024-05-30;NINA_TINA;x;1;2;RAS;False;
2024-05-30;Tina;;0;1;RAS;False;
2024-05-30;MARANS_TOTAL;1;1;3;RAS;False;
2024-05-30;Nina;;0;1;RAS;False;
2024-05-31;Nina;;0;1;RAS;False;
2024-05-31;Albertine;x;1;1;RAS;False;
2024-05-31;NINA_TINA;x;1;2;RAS;False;
2024-05-31;Tina;x;1;1;RAS;False;
2024-05-31;MARANS_TOTAL;3;3;3;RAS;False;
2024-06-01;Albertine;x;1;1;RAS;False;
2024-06-01;Tina;x;1;1;RAS;False;
2024-06-01;MARANS_TOTAL;3;3;3;RAS;False;
2024-06-01;Nina;;0;1;RAS;False;
2024-06-01;NINA_TINA;x;1;2;RAS;False;
2024-06-02;Albertine;;0;1;RAS;False;
2024-06-02;Tina;;0;1;RAS;False;
2024-06-02;Nina;;0;1;RAS;False;
2024-06-02;NINA_TINA;x;1;2;RAS;False;
2024-06-02;MARANS_TOTAL;1;1;3;RAS;False;
2024-06-03;Nina;;0;1;RAS;False;
2024-06-03;Tina;x;1;1;RAS;False;
2024-06-03;Albertine;;0;1;RAS;False;
2024-06-03;MARANS_TOTAL;2;2;3;RAS;False;
2024-06-03;NINA_TINA;x;1;2;RAS;False;
2024-06-04;Nina;;0;1;RAS;False;
2024-06-04;NINA_TINA;;0;2;RAS;False;
2024-06-04;Albertine;;0;1;RAS;False;
2024-06-04;Tina;x;1;1;RAS;False;
2024-06-04;MARANS_TOTAL;1;1;3;RAS;False;
2024-06-05;Albertine;x;1;1;RAS;False;
2024-06-05;MARANS_TOTAL;3;3;3;RAS;False;
2024-06-05;Tina;x;1;1;RAS;False;
2024-06-05;NINA_TINA;x;1;2;RAS;False;
2024-06-05;Nina;;0;1;RAS;False;
2024-06-06;MARANS_TOTAL;1;1;3;RAS;False;
2024-06-06;Tina;;0;1;RAS;False;
2024-06-06;NINA_TINA;x;1;2;RAS;False;
2024-06-06;Albertine;;0;1;RAS;False;
2024-06-06;Nina;;0;1;RAS;False;
2024-06-07;NINA_TINA;;0;2;RAS;False;
2024-06-07;Albertine;x;1;1;RAS;False;
2024-06-07;MARANS_TOTAL;2;2;3;RAS;False;
2024-06-07;Tina;x(cassé);1;1;cassé;False;
2024-06-07;Nina;;0;1;RAS;False;
2024-06-08;MARANS_TOTAL;2;2;3;RAS;False;
2024-06-08;Nina;;0;1;RAS;False;
2024-06-08;NINA_TINA;x;1;2;RAS;False;
2024-06-08;Tina;x;1;1;RAS;False;
2024-06-08;Albertine;;0;1;RAS;False;
2024-06-09;MARANS_TOTAL;2;2;3;RAS;False;
2024-06-09;Tina;;0;1;RAS;False;
2024-06-09;Nina;;0;1;RAS;False;
2024-06-09;NINA_TINA;x;1;2;RAS;False;
2024-06-09;Albertine;x;1;1;RAS;False;
2024-06-10;NINA_TINA;;0;2;RAS;False;
2024-06-10;MARANS_TOTAL;1;1;3;RAS;False;
2024-06-10;Albertine;;0;1;RAS;False;
2024-06-10;Nina;;0;1;RAS;False;
2024-06-10;Tina;x;1;1;RAS;False;
2024-06-11;NINA_TINA;x;1;2;RAS;False;
2024-06-11;Nina;;0;1;RAS;False;
2024-06-11;Albertine;x;1;1;RAS;False;
2024-06-11;MARANS_TOTAL;2;2;3;RAS;False;
2024-06-11;Tina;;0;1;RAS;False;
2024-06-12;NINA_TINA;;0;2;RAS;False;
2024-06-12;Albertine;x;1;1;RAS;False;
2024-06-12;Tina;x;1;1;RAS;False;
2024-06-12;MARANS_TOTAL;2;2;3;RAS;False;
2024-06-12;Nina;;0;1;RAS;False;
2024-06-13;NINA_TINA;x;1;2;RAS;False;
2024-06-13;Tina;;0;1;RAS;False;
2024-06-13;Albertine;;0;1;RAS;False;
2024-06-13;MARANS_TOTAL;1;1;3;RAS;False;
2024-06-13;Nina;;0;1;RAS;False;
2024-06-14;Tina;;0;1;RAS;False;
2024-06-14;Nina;;0;1;RAS;False;
2024-06-14;NINA_TINA;x;1;2;RAS;False;
2024-06-14;Albertine;;0;1;RAS;False;
2024-06-14;MARANS_TOTAL;1;1;3;RAS;False;
2024-06-15;Albertine;x(cassé);1;1;cassé;False;
2024-06-15;MARANS_TOTAL;2;2;3;RAS;False;
2024-06-15;NINA_TINA;x;1;2;RAS;False;
2024-06-15;Nina;;0;1;RAS;False;
2024-06-15;Tina;;0;1;RAS;False;
2024-06-16;Nina;;0;1;RAS;False;
2024-06-16;Tina;x;1;1;RAS;False;
2024-06-16;Albertine;x;1;1;RAS;False;
2024-06-16;NINA_TINA;;0;2;RAS;False;
2024-06-16;MARANS_TOTAL;2(+3);5;3;RAS;False; (Notation: 2(+3))
2024-06-17;MARANS_TOTAL;2;2;3;RAS;False;
2024-06-17;NINA_TINA;;0;2;RAS;False;
2024-06-17;Nina;;0;1;RAS;False;
2024-06-17;Tina;x;1;1;RAS;False;
2024-06-17;Albertine;x;1;1;RAS;False;
2024-06-18;MARANS_TOTAL;3;3;3;RAS;False;
2024-06-18;Nina;;0;1;RAS;False;
2024-06-18;Tina;x(cassé);1;1;cassé;False;
2024-06-18;Albertine;x;1;1;RAS;False;
2024-06-18;NINA_TINA;x;1;2;RAS;False;
2024-06-19;Albertine;x;1;1;RAS;False;
2024-06-19;NINA_TINA;x;1;2;RAS;False;
2024-06-19;Nina;;0;1;RAS;False;
2024-06-19;Tina;;0;1;RAS;False;
2024-06-19;MARANS_TOTAL;2;2;3;RAS;False;
2024-06-20;NINA_TINA;x;1;2;RAS;False;
2024-06-20;MARANS_TOTAL;2;2;3;RAS;False;
2024-06-20;Tina;;0;1;RAS;False;
2024-06-20;Albertine;x;1;1;RAS;False;
2024-06-20;Nina;;0;1;RAS;False;
2024-06-21;Albertine;;0;1;RAS;False;
2024-06-21;MARANS_TOTAL;;0;3;RAS;False;
2024-06-21;NINA_TINA;;0;2;RAS;False;
2024-06-21;Nina;;0;1;RAS;False;
2024-06-21;Tina;;0;1;RAS;False;
2024-06-22;Tina;x(cassé);1;1;cassé;False;
2024-06-22;MARANS_TOTAL;3;3;3;RAS;False;
2024-06-22;Nina;;0;1;RAS;False;
2024-06-22;NINA_TINA;x;1;2;RAS;False;
2024-06-22;Albertine;x;1;1;RAS;False;
2024-06-23;Nina;;0;1;RAS;False;
2024-06-23;Tina;;0;1;RAS;False;
2024-06-23;Albertine;x;1;1;RAS;False;
2024-06-23;NINA_TINA;x;1;2;RAS;False;
2024-06-23;MARANS_TOTAL;2;2;3;RAS;False;
2024-06-24;NINA_TINA;;0;2;RAS;False;
2024-06-24;Nina;;0;1;RAS;False;
2024-06-24;MARANS_TOTAL;1;1;3;RAS;False;
2024-06-24;Tina;x;1;1;RAS;False;
2024-06-24;Albertine;;0;1;RAS;False;
2024-06-25;MARANS_TOTAL;2;2;3;RAS;False;
2024-06-25;Tina;x(cassé);1;1;cassé;False;
2024-06-25;Nina;;0;1;RAS;False;
2024-06-25;Albertine;;0;1;RAS;False;
2024-06-25;NINA_TINA;x;1;2;RAS;False;
2024-06-26;Nina;;0;1;RAS;False;
2024-06-26;NINA_TINA;x;1;2;RAS;False;
2024-06-26;Tina;;0;1;RAS;False;
2024-06-26;MARANS_TOTAL;1(+1);2;3;RAS;False; (Notation: 1(+1))
2024-06-26;Albertine;;0;1;RAS;False;
2024-06-27;Albertine;x;1;1;RAS;False;
2024-06-27;Nina;;0;1;RAS;False;
2024-06-27;Tina;x;1;1;RAS;False;
2024-06-27;MARANS_TOTAL;2;2;3;RAS;False;
2024-06-27;NINA_TINA;;0;2;RAS;False;
2024-06-28;Nina;;0;1;RAS;False;
2024-06-28;NINA_TINA;;0;2;RAS;False;
2024-06-28;MARANS_TOTAL;2;2;3;RAS;False;
2024-06-28;Albertine;x;1;1;RAS;False;
2024-06-28;Tina;x;1;1;RAS;False;
2024-06-29;Tina;;0;1;RAS;False;
2024-06-29;Albertine;x;1;1;RAS;False;
2024-06-29;NINA_TINA;x;1;2;RAS;False;
2024-06-29;MARANS_TOTAL;2;2;3;RAS;False;
2024-06-29;Nina;;0;1;RAS;False;
2024-06-30;MARANS_TOTAL;2;2;3;RAS;False;
2024-06-30;NINA_TINA;x;1;2;RAS;False;
2024-06-30;Albertine;x;1;1;RAS;False;
2024-06-30;Nina;;0;1;RAS;False;
2024-06-30;Tina;;0;1;RAS;False;
2024-07-01;Nina;;0;1;RAS;False;
2024-07-01;MARANS_TOTAL;1;1;3;RAS;False;
2024-07-01;Albertine;;0;1;RAS;False;
2024-07-01;NINA_TINA;;0;2;RAS;False;
2024-07-01;Tina;x;1;1;RAS;False;
2024-07-02;NINA_TINA;x;1;2;RAS;False;
2024-07-02;MARANS_TOTAL;2(+3);5;3;RAS;False; (Notation: 2(+3))
2024-07-02;Nina;;0;1;RAS;False;
2024-07-02;Tina;;0;1;RAS;False;
2024-07-02;Albertine;x;1;1;RAS;False;
2024-07-03;Albertine;;0;1;RAS;False;
2024-07-03;Tina;x;1;1;RAS;False;
2024-07-03;NINA_TINA;;0;2;RAS;False;
2024-07-03;MARANS_TOTAL;1;1;3;RAS;False;
2024-07-03;Nina;;0;1;RAS;False;
2024-07-04;NINA_TINA;;0;2;RAS;False;
2024-07-04;Nina;;0;1;RAS;False;
2024-07-04;Tina;;0;1;RAS;False;
2024-07-04;MARANS_TOTAL;1;1;3;RAS;False;
2024-07-04;Albertine;x;1;1;RAS;False;
2024-07-05;MARANS_TOTAL;1;1;3;RAS;False;
2024-07-05;NINA_TINA;;0;2;RAS;False;
2024-07-05;Nina;;0;1;RAS;False;
2024-07-05;Tina;x(cassé);1;1;cassé;False;
2024-07-05;Albertine;;0;1;RAS;False;
2024-07-06;MARANS_TOTAL;1;1;3;RAS;False;
2024-07-06;Nina;;0;1;RAS;False;
2024-07-06;Tina;;0;1;RAS;False;
2024-07-06;NINA_TINA;;0;2;RAS;False;
2024-07-06;Albertine;x;1;1;RAS;False;
2024-07-07;Albertine;x;1;1;RAS;False;
2024-07-07;NINA_TINA;;0;2;RAS;False;
2024-07-07;Tina;;0;1;RAS;False;
2024-07-07;MARANS_TOTAL;1;1;3;RAS;False;
2024-07-07;Nina;;0;1;RAS;False;
2024-07-08;Nina;;0;1;RAS;False;
2024-07-08;Tina;;0;1;RAS;False;
2024-07-08;NINA_TINA;x;1;2;RAS;False;
2024-07-08;MARANS_TOTAL;1;1;3;RAS;False;
2024-07-08;Albertine;;0;1;RAS;False;
2024-07-09;Nina;;0;1;RAS;False;
2024-07-09;MARANS_TOTAL;1;1;3;RAS;False;
2024-07-09;Albertine;x;1;1;RAS;False;
2024-07-09;Tina;;0;1;RAS;False;
2024-07-09;NINA_TINA;;0;2;RAS;False;
2024-07-10;NINA_TINA;;0;2;RAS;False;
2024-07-10;Albertine;x;1;1;RAS;False;
2024-07-10;Tina;;0;1;RAS;False;
2024-07-10;Nina;;0;1;RAS;False;
2024-07-10;MARANS_TOTAL;1;1;3;RAS;False;
2024-07-11;Nina;;0;1;RAS;False;
2024-07-11;NINA_TINA;;0;2;RAS;False;
2024-07-11;Tina;;0;1;RAS;False;
2024-07-11;MARANS_TOTAL;0;0;3;RAS;False;
2024-07-11;Albertine;;0;1;RAS;False;
2024-07-12;Tina;;0;1;RAS;False;
2024-07-12;Nina;;0;1;RAS;False;
2024-07-12;MARANS_TOTAL;1;1;3;RAS;False;
2024-07-12;Albertine;x;1;1;RAS;False;
2024-07-12;NINA_TINA;;0;2;RAS;False;
2024-07-13;NINA_TINA;x;1;2;RAS;False;
2024-07-13;Nina;;0;1;RAS;False;
2024-07-13;Albertine;;0;1;RAS;False;
2024-07-13;MARANS_TOTAL;2;2;3;RAS;False;
2024-07-13;Tina;x(cassé);1;1;cassé;False;
2024-07-14;Nina;;0;1;RAS;False;
2024-07-14;Tina;;0;1;RAS;False;
2024-07-14;MARANS_TOTAL;2;2;3;RAS;False;
2024-07-14;NINA_TINA;x;1;2;RAS;False;
2024-07-14;Albertine;x;1;1;RAS;False;
2024-07-15;MARANS_TOTAL;0;0;3;RAS;False;
2024-07-15;Nina;;0;1;RAS;False;
2024-07-15;NINA_TINA;;0;2;RAS;False;
2024-07-15;Tina;;0;1;RAS;False;
2024-07-15;Albertine;;0;1;RAS;False;
2024-07-16;Tina;;0;1;RAS;False;
2024-07-16;Nina;;0;1;RAS;False;
2024-07-16;NINA_TINA;;0;2;RAS;False;
2024-07-16;Albertine;x;1;1;RAS;False;
2024-07-16;MARANS_TOTAL;1;1;3;RAS;False;
2024-07-17;Nina;;0;1;RAS;False;
2024-07-17;Albertine;;0;1;RAS;False;
2024-07-17;Tina;x;1;1;RAS;False;
2024-07-17;MARANS_TOTAL;1;1;3;RAS;False;
2024-07-17;NINA_TINA;;0;2;RAS;False;
2024-07-18;Tina;;0;1;RAS;False;
2024-07-18;MARANS_TOTAL;1;1;3;RAS;False;
2024-07-18;Albertine;x;1;1;RAS;False;
2024-07-18;Nina;;0;1;RAS;False;
2024-07-18;NINA_TINA;;0;2;RAS;False;
2024-07-19;Tina;;0;1;RAS;False;
2024-07-19;Albertine;;0;1;RAS;False;
2024-07-19;NINA_TINA;x;1;2;RAS;False;
2024-07-19;Nina;;0;1;RAS;False;
2024-07-19;MARANS_TOTAL;1;1;3;RAS;False;
2024-07-20;Albertine;;0;1;RAS;False;
2024-07-20;NINA_TINA;;0;2;RAS;False;
2024-07-20;Nina;;0;1;RAS;False;
2024-07-20;Tina;x;1;1;RAS;False;
2024-07-20;MARANS_TOTAL;1;1;3;RAS;False;
2024-07-21;Tina;x;1;1;RAS;False;
2024-07-21;Nina;;0;1;RAS;False;
2024-07-21;NINA_TINA;;0;2;RAS;False;
2024-07-21;Albertine;;0;1;RAS;False;
2024-07-21;MARANS_TOTAL;1;1;3;RAS;False;
2024-07-22;MARANS_TOTAL;0;0;3;RAS;False;
2024-07-22;Albertine;;0;1;RAS;False;
2024-07-22;Nina;;0;1;RAS;False;
2024-07-22;NINA_TINA;;0;2;RAS;False;
2024-07-22;Tina;;0;1;RAS;False;
2024-07-23;MARANS_TOTAL;1;1;3;RAS;False;
2024-07-23;Albertine;x;1;1;RAS;False;
2024-07-23;Nina;;0;1;RAS;False;
2024-07-23;Tina;;0;1;RAS;False;
2024-07-23;NINA_TINA;;0;2;RAS;False;
2024-07-24;MARANS_TOTAL;0;0;3;RAS;False;
2024-07-24;NINA_TINA;;0;2;RAS;False;
2024-07-24;Albertine;;0;1;RAS;False;
2024-07-24;Nina;;0;1;RAS;False;
2024-07-24;Tina;;0;1;RAS;False;
2024-07-25;NINA_TINA;;0;2;RAS;False;
2024-07-25;Albertine;;0;1;RAS;False;
2024-07-25;Nina;;0;1;RAS;False;
2024-07-25;MARANS_TOTAL;1(+1);2;3;RAS;False; (Notation: 1(+1))
2024-07-25;Tina;x;1;1;RAS;False;
2024-07-26;Nina;;0;1;RAS;False;
2024-07-26;MARANS_TOTAL;2;2;3;RAS;False;
2024-07-26;Albertine;x;1;1;RAS;False;
2024-07-26;NINA_TINA;;0;2;RAS;False;
2024-07-26;Tina;x;1;1;RAS;False;
2024-07-27;Nina;;0;1;RAS;False;
2024-07-27;NINA_TINA;;0;2;RAS;False;
2024-07-27;Albertine;;0;1;RAS;False;
2024-07-27;Tina;;0;1;RAS;False;
2024-07-27;MARANS_TOTAL;0;0;3;RAS;False;
2024-07-28;MARANS_TOTAL;2;2;3;RAS;False;
2024-07-28;Albertine;;0;1;RAS;False;
2024-07-28;Nina;;0;1;RAS;False;
2024-07-28;NINA_TINA;x(cassé);1;2;cassé;False; (Notation: x(cassé))
2024-07-28;Tina;x(cassé);1;1;cassé;False;
2024-07-29;Albertine;x;1;1;RAS;False;
2024-07-29;NINA_TINA;;0;2;RAS;False;
2024-07-29;Tina;;0;1;RAS;False;
2024-07-29;MARANS_TOTAL;1;1;3;RAS;False;
2024-07-29;Nina;;0;1;RAS;False;
2024-07-30;Tina;x(cassé);1;1;cassé;False;
2024-07-30;Albertine;;0;1;RAS;False;
2024-07-30;Nina;;0;1;RAS;False;
2024-07-30;NINA_TINA;;0;2;RAS;False;
2024-07-30;MARANS_TOTAL;1;1;3;RAS;False;
2024-07-31;MARANS_TOTAL;0;0;3;RAS;False;
2024-07-31;Tina;;0;1;RAS;False;
2024-07-31;Albertine;;0;1;RAS;False;
2024-07-31;NINA_TINA;;0;2;RAS;False;
2024-07-31;Nina;;0;1;RAS;False;
2024-08-01;NINA_TINA;;0;2;RAS;False;
2024-08-01;Albertine;;0;1;RAS;False;
2024-08-01;MARANS_TOTAL;1;1;3;RAS;False;
2024-08-01;Nina;;0;1;RAS;False;
2024-08-01;Tina;x;1;1;RAS;False;
2024-08-02;Albertine;;0;1;RAS;False;
2024-08-02;Tina;;0;1;RAS;False;
2024-08-02;NINA_TINA;x;1;2;RAS;False;
2024-08-02;MARANS_TOTAL;1;1;3;RAS;False;
2024-08-02;Nina;;0;1;RAS;False;
2024-08-03;MARANS_TOTAL;1(+1);2;3;RAS;False; (Notation: 1(+1))
2024-08-03;NINA_TINA;;0;2;RAS;False;
2024-08-03;Tina;;0;1;RAS;False;
2024-08-03;Nina;;0;1;RAS;False;
2024-08-03;Albertine;x;1;1;RAS;False;
2024-08-04;Tina;;0;1;RAS;False;
2024-08-04;Nina;;0;1;RAS;False;
2024-08-04;NINA_TINA;x;1;2;RAS;False;
2024-08-04;MARANS_TOTAL;1;1;3;RAS;False;
2024-08-04;Albertine;;0;1;RAS;False;
2024-08-05;NINA_TINA;x;1;2;RAS;False;
2024-08-05;Albertine;x;1;1;RAS;False;
2024-08-05;Tina;;0;1;RAS;False;
2024-08-05;MARANS_TOTAL;2;2;3;RAS;False;
2024-08-05;Nina;;0;1;RAS;False;
2024-08-06;NINA_TINA;;0;2;RAS;False;
2024-08-06;Tina;;0;1;RAS;False;
2024-08-06;Albertine;;0;1;RAS;False;
2024-08-06;MARANS_TOTAL;0;0;3;RAS;False;
2024-08-06;Nina;;0;1;RAS;False;
2024-08-07;Albertine;x;1;1;RAS;False;
2024-08-07;MARANS_TOTAL;2;2;3;RAS;False;
2024-08-07;Tina;x(cassé);1;1;cassé;False;
2024-08-07;NINA_TINA;;0;2;RAS;False;
2024-08-07;Nina;mue;0;1;RAS;False;Mue
2024-08-08;Nina;;0;1;RAS;False;
2024-08-08;Tina;;0;1;RAS;False;
2024-08-08;Albertine;;0;1;RAS;False;
2024-08-08;NINA_TINA;;0;2;RAS;False;
2024-08-08;MARANS_TOTAL;0;0;3;RAS;False;
2024-08-09;NINA_TINA;;0;2;RAS;False;
2024-08-09;Tina;abcès;0;1;RAS;False;abcès
2024-08-09;Albertine;;0;1;RAS;False;
2024-08-09;MARANS_TOTAL;0;0;3;RAS;False;
2024-08-09;Nina;;0;1;RAS;False;
2024-08-10;Nina;;0;1;RAS;False;
2024-08-10;MARANS_TOTAL;0;0;3;RAS;False;
2024-08-10;Albertine;;0;1;RAS;False;
2024-08-10;Tina;;0;1;RAS;False;
2024-08-10;NINA_TINA;;0;2;RAS;False;
2024-08-11;Albertine;x ?;1;1;RAS;True;
2024-08-11;NINA_TINA;;0;2;RAS;False;
2024-08-11;MARANS_TOTAL;1;1;3;RAS;False;
2024-08-11;Tina;;0;1;RAS;False;
2024-08-11;Nina;;0;1;RAS;False;
2024-08-12;Nina;;0;1;RAS;False;
2024-08-12;Tina;;0;1;RAS;False;
2024-08-12;Albertine;;0;1;RAS;False;
2024-08-12;MARANS_TOTAL;0;0;3;RAS;False;
2024-08-12;NINA_TINA;;0;2;RAS;False;
2024-08-13;Nina;;0;1;RAS;False;
2024-08-13;Tina;;0;1;RAS;False;
2024-08-13;Albertine;;0;1;RAS;False;
2024-08-13;MARANS_TOTAL;0;0;3;RAS;False;
2024-08-13;NINA_TINA;;0;2;RAS;False;
2024-08-14;MARANS_TOTAL;0;0;3;RAS;False;
2024-08-14;Nina;;0;1;RAS;False;
2024-08-14;Albertine;;0;1;RAS;False;
2024-08-14;NINA_TINA;;0;2;RAS;False;
2024-08-14;Tina;;0;1;RAS;False;
2024-08-15;Albertine;;0;1;RAS;False;
2024-08-15;MARANS_TOTAL;0;0;3;RAS;False;
2024-08-15;NINA_TINA;;0;2;RAS;False;
2024-08-15;Nina;;0;1;RAS;False;
2024-08-15;Tina;;0;1;RAS;False;
2024-08-16;Nina;;0;1;RAS;False;
2024-08-16;MARANS_TOTAL;0;0;3;RAS;False;
2024-08-16;Tina;;0;1;RAS;False;
2024-08-16;Albertine;;0;1;RAS;False;
2024-08-16;NINA_TINA;;0;2;RAS;False;
2024-08-17;NINA_TINA;;0;2;RAS;False;
2024-08-17;MARANS_TOTAL;1(+1);2;3;RAS;False; (Notation: 1(+1))
2024-08-17;Albertine;x;1;1;RAS;False;
2024-08-17;Tina;;0;1;RAS;False;
2024-08-17;Nina;;0;1;RAS;False;
2024-08-18;MARANS_TOTAL;1;1;3;RAS;False;
2024-08-18;Albertine;x;1;1;RAS;False;
2024-08-18;Nina;;0;1;RAS;False;
2024-08-18;Tina;;0;1;RAS;False;
2024-08-18;NINA_TINA;;0;2;RAS;False;
2024-08-19;MARANS_TOTAL;0;0;3;RAS;False;
2024-08-19;Albertine;;0;1;RAS;False;
2024-08-19;Nina;;0;1;RAS;False;
2024-08-19;NINA_TINA;;0;2;RAS;False;
2024-08-19;Tina;mue;0;1;RAS;False;Mue
2024-08-20;Nina;;0;1;RAS;False;
2024-08-20;Tina;;0;1;RAS;False;
2024-08-20;Albertine;x;1;1;RAS;False;
2024-08-20;MARANS_TOTAL;1;1;3;RAS;False;
2024-08-20;NINA_TINA;;0;2;RAS;False;
2024-08-21;NINA_TINA;;0;2;RAS;False;
2024-08-21;Tina;;0;1;RAS;False;
2024-08-21;Nina;;0;1;RAS;False;
2024-08-21;Albertine;;0;1;RAS;False;
2024-08-21;MARANS_TOTAL;0;0;3;RAS;False;
2024-08-22;NINA_TINA;x;1;2;RAS;False;
2024-08-22;Tina;;0;1;RAS;False;
2024-08-22;Nina;;0;1;RAS;False;
2024-08-22;MARANS_TOTAL;1;1;3;RAS;False;
2024-08-22;Albertine;;0;1;RAS;False;
2024-08-23;Nina;;0;1;RAS;False;
2024-08-23;Albertine;;0;1;RAS;False;
2024-08-23;Tina;;0;1;RAS;False;
2024-08-23;NINA_TINA;x;1;2;RAS;False;
2024-08-23;MARANS_TOTAL;1;1;3;RAS;False;
2024-08-24;Albertine;x;1;1;RAS;False;
2024-08-24;Tina;;0;1;RAS;False;
2024-08-24;MARANS_TOTAL;1;1;3;RAS;False;
2024-08-24;NINA_TINA;;0;2;RAS;False;
2024-08-24;Nina;;0;1;RAS;False;
2024-08-25;NINA_TINA;x;1;2;RAS;False;
2024-08-25;Albertine;;0;1;RAS;False;
2024-08-25;MARANS_TOTAL;1;1;3;RAS;False;
2024-08-25;Nina;;0;1;RAS;False;
2024-08-25;Tina;;0;1;RAS;False;
2024-08-26;Nina;;0;1;RAS;False;
2024-08-26;NINA_TINA;;0;2;RAS;False;
2024-08-26;Albertine;;0;1;RAS;False;
2024-08-26;MARANS_TOTAL;0;0;3;RAS;False;
2024-08-26;Tina;;0;1;RAS;False;
2024-08-27;Tina;;0;1;RAS;False;
2024-08-27;Nina;;0;1;RAS;False;
2024-08-27;NINA_TINA;x;1;2;RAS;False;
2024-08-27;Albertine;;0;1;RAS;False;
2024-08-27;MARANS_TOTAL;1;1;3;RAS;False;
2024-08-28;Nina;;0;1;RAS;False;
2024-08-28;Tina;;0;1;RAS;False;
2024-08-28;NINA_TINA;;0;2;RAS;False;
2024-08-28;Albertine;x ?;1;1;RAS;True;
2024-08-28;MARANS_TOTAL;1;1;3;RAS;False;
2024-08-29;MARANS_TOTAL;0;0;3;RAS;False;
2024-08-29;Albertine;;0;1;RAS;False;
2024-08-29;Nina;;0;1;RAS;False;
2024-08-29;Tina;;0;1;RAS;False;
2024-08-29;NINA_TINA;;0;2;RAS;False;
2024-08-30;NINA_TINA;;0;2;RAS;False;
2024-08-30;Tina;;0;1;RAS;False;
2024-08-30;Albertine;;0;1;RAS;False;
2024-08-30;Nina;;0;1;RAS;False;
2024-08-30;MARANS_TOTAL;0;0;3;RAS;False;
2024-08-31;Tina;;0;1;RAS;False;
2024-08-31;NINA_TINA;x;1;2;RAS;False;
2024-08-31;MARANS_TOTAL;2;2;3;RAS;False;
2024-08-31;Albertine;x;1;1;RAS;False;
2024-08-31;Nina;;0;1;RAS;False;
2024-09-01;NINA_TINA;;0;2;RAS;False;
2024-09-01;Nina;;0;1;RAS;False;
2024-09-01;MARANS_TOTAL;0;0;3;RAS;False;
2024-09-01;Albertine;;0;1;RAS;False;
2024-09-01;Tina;;0;1;RAS;False;
2024-09-02;Nina;;0;1;RAS;False;
2024-09-02;MARANS_TOTAL;1;1;3;RAS;False;
2024-09-02;Albertine;x;1;1;RAS;False;
2024-09-02;Tina;;0;1;RAS;False;
2024-09-02;NINA_TINA;;0;2;RAS;False;
2024-09-03;MARANS_TOTAL;0;0;3;RAS;False;
2024-09-03;Nina;;0;1;RAS;False;
2024-09-03;Tina;;0;1;RAS;False;
2024-09-03;NINA_TINA;;0;2;RAS;False;
2024-09-03;Albertine;;0;1;RAS;False;
2024-09-04;Tina;;0;1;RAS;False;
2024-09-04;NINA_TINA;;0;2;RAS;False;
2024-09-04;MARANS_TOTAL;0;0;3;RAS;False;
2024-09-04;Albertine;;0;1;RAS;False;
2024-09-04;Nina;;0;1;RAS;False;
2024-09-05;MARANS_TOTAL;0;0;3;RAS;False;
2024-09-05;Nina;;0;1;RAS;False;
2024-09-05;Tina;;0;1;RAS;False;
2024-09-05;NINA_TINA;;0;2;RAS;False;
2024-09-05;Albertine;;0;1;RAS;False;
2024-09-06;Albertine;;0;1;RAS;False;
2024-09-06;Tina;;0;1;RAS;False;
2024-09-06;MARANS_TOTAL;0;0;3;RAS;False;
2024-09-06;Nina;;0;1;RAS;False;
2024-09-06;NINA_TINA;;0;2;RAS;False;
2024-09-07;Tina;;0;1;RAS;False;
2024-09-07;NINA_TINA;;0;2;RAS;False;
2024-09-07;Nina;;0;1;RAS;False;
2024-09-07;Albertine;;0;1;RAS;False;
2024-09-07;MARANS_TOTAL;0;0;3;RAS;False;
2024-09-08;Nina;;0;1;RAS;False;
2024-09-08;MARANS_TOTAL;0;0;3;RAS;False;
2024-09-08;Albertine;;0;1;RAS;False;
2024-09-08;NINA_TINA;;0;2;RAS;False;
2024-09-08;Tina;;0;1;RAS;False;
2024-09-09;Tina;;0;1;RAS;False;
2024-09-09;Nina;;0;1;RAS;False;
2024-09-09;NINA_TINA;;0;2;RAS;False;
2024-09-09;MARANS_TOTAL;0;0;3;RAS;False;
2024-09-09;Albertine;;0;1;RAS;False;
2024-09-10;Nina;;0;1;RAS;False;
2024-09-10;NINA_TINA;;0;2;RAS;False;
2024-09-10;Tina;;0;1;RAS;False;
2024-09-10;Albertine;;0;1;RAS;False;
2024-09-10;MARANS_TOTAL;0;0;3;RAS;False;
2024-09-11;MARANS_TOTAL;0;0;3;RAS;False;
2024-09-11;Albertine;;0;1;RAS;False;
2024-09-11;NINA_TINA;;0;2;RAS;False;
2024-09-11;Nina;;0;1;RAS;False;
2024-09-11;Tina;;0;1;RAS;False;
2024-09-12;Tina;;0;1;RAS;False;
2024-09-12;Nina;;0;1;RAS;False;
2024-09-12;NINA_TINA;;0;2;RAS;False;
2024-09-12;MARANS_TOTAL;0;0;3;RAS;False;
2024-09-12;Albertine;;0;1;RAS;False;
2024-09-13;Tina;;0;1;RAS;False;
2024-09-13;MARANS_TOTAL;0;0;3;RAS;False;
2024-09-13;Nina;;0;1;RAS;False;
2024-09-13;Albertine;mue sévère;0;1;RAS;False;Mue
2024-09-13;NINA_TINA;;0;2;RAS;False;
2024-09-14;Albertine;;0;1;RAS;False;
2024-09-14;Tina;;0;1;RAS;False;
2024-09-14;NINA_TINA;;0;2;RAS;False;
2024-09-14;Nina;;0;1;RAS;False;
2024-09-14;MARANS_TOTAL;0;0;3;RAS;False;
2024-09-15;NINA_TINA;;0;2;RAS;False;
2024-09-15;Tina;;0;1;RAS;False;
2024-09-15;Nina;;0;1;RAS;False;
2024-09-15;Albertine;;0;1;RAS;False;
2024-09-15;MARANS_TOTAL;0;0;3;RAS;False;
2024-09-16;Albertine;;0;1;RAS;False;
2024-09-16;Nina;;0;1;RAS;False;
2024-09-16;MARANS_TOTAL;0;0;3;RAS;False;
2024-09-16;NINA_TINA;;0;2;RAS;False;
2024-09-16;Tina;;0;1;RAS;False;
2024-09-17;Nina;;0;1;RAS;False;
2024-09-17;NINA_TINA;;0;2;RAS;False;
2024-09-17;MARANS_TOTAL;0;0;3;RAS;False;
2024-09-17;Albertine;;0;1;RAS;False;
2024-09-17;Tina;;0;1;RAS;False;
2024-09-18;NINA_TINA;;0;2;RAS;False;
2024-09-18;MARANS_TOTAL;0;0;3;RAS;False;
2024-09-18;Tina;;0;1;RAS;False;
2024-09-18;Nina;;0;1;RAS;False;
2024-09-18;Albertine;;0;1;RAS;False;
2024-09-19;Nina;;0;1;RAS;False;
2024-09-19;Albertine;;0;1;RAS;False;
2024-09-19;Tina;;0;1;RAS;False;
2024-09-19;MARANS_TOTAL;0;0;3;RAS;False;
2024-09-19;NINA_TINA;;0;2;RAS;False;
2024-09-20;NINA_TINA;;0;2;RAS;False;
2024-09-20;Albertine;;0;1;RAS;False;
2024-09-20;MARANS_TOTAL;0;0;3;RAS;False;
2024-09-20;Tina;;0;1;RAS;False;
2024-09-20;Nina;;0;1;RAS;False;
2024-09-21;Nina;;0;1;RAS;False;
2024-09-21;Albertine;;0;1;RAS;False;
2024-09-21;MARANS_TOTAL;0;0;3;RAS;False;
2024-09-21;NINA_TINA;;0;2;RAS;False;
2024-09-21;Tina;;0;1;RAS;False;
2024-09-22;NINA_TINA;;0;2;RAS;False;
2024-09-22;Albertine;;0;1;RAS;False;
2024-09-22;Tina;;0;1;RAS;False;
2024-09-22;MARANS_TOTAL;0;0;3;RAS;False;
2024-09-22;Nina;;0;1;RAS;False;
2024-09-23;NINA_TINA;;0;2;RAS;False;
2024-09-23;MARANS_TOTAL;0;0;3;RAS;False;
2024-09-23;Tina;;0;1;RAS;False;
2024-09-23;Nina;;0;1;RAS;False;
2024-09-23;Albertine;;0;1;RAS;False;
2024-09-24;MARANS_TOTAL;0;0;3;RAS;False;
2024-09-24;NINA_TINA;;0;2;RAS;False;
2024-09-24;Tina;;0;1;RAS;False;
2024-09-24;Albertine;;0;1;RAS;False;
2024-09-24;Nina;;0;1;RAS;False;
2024-09-25;Tina;;0;1;RAS;False;
2024-09-25;MARANS_TOTAL;0;0;3;RAS;False;
2024-09-25;Nina;;0;1;RAS;False;
2024-09-25;Albertine;;0;1;RAS;False;
2024-09-25;NINA_TINA;;0;2;RAS;False;
2024-09-26;MARANS_TOTAL;0;0;3;RAS;False;
2024-09-26;Nina;;0;1;RAS;False;
2024-09-26;Albertine;;0;1;RAS;False;
2024-09-26;NINA_TINA;;0;2;RAS;False;
2024-09-26;Tina;;0;1;RAS;False;
2024-09-27;Albertine;;0;1;RAS;False;
2024-09-27;Nina;;0;1;RAS;False;
2024-09-27;MARANS_TOTAL;0;0;3;RAS;False;
2024-09-27;NINA_TINA;;0;2;RAS;False;
2024-09-27;Tina;;0;1;RAS;False;
2024-09-28;NINA_TINA;;0;2;RAS;False;
2024-09-28;Tina;;0;1;RAS;False;
2024-09-28;Albertine;;0;1;RAS;False;
2024-09-28;MARANS_TOTAL;0;0;3;RAS;False;
2024-09-28;Nina;;0;1;RAS;False;
2024-09-29;MARANS_TOTAL;0;0;3;RAS;False;
2024-09-29;Tina;;0;1;RAS;False;
2024-09-29;Albertine;;0;1;RAS;False;
2024-09-29;NINA_TINA;;0;2;RAS;False;
2024-09-29;Nina;;0;1;RAS;False;
2024-09-30;Tina;;0;1;RAS;False;
2024-09-30;Albertine;;0;1;RAS;False;
2024-09-30;MARANS_TOTAL;0;0;3;RAS;False;
2024-09-30;NINA_TINA;;0;2;RAS;False;
2024-09-30;Nina;;0;1;RAS;False;
2024-10-01;Tina;;0;1;RAS;False;
2024-10-01;Nina;;0;1;RAS;False;
2024-10-01;Albertine;;0;1;RAS;False;
2024-10-01;MARANS_TOTAL;0;0;3;RAS;False;
2024-10-01;NINA_TINA;;0;2;RAS;False;
2024-10-02;MARANS_TOTAL;0;0;3;RAS;False;
2024-10-02;Tina;;0;1;RAS;False;
2024-10-02;Albertine;;0;1;RAS;False;
2024-10-02;NINA_TINA;;0;2;RAS;False;
2024-10-02;Nina;;0;1;RAS;False;
2024-10-03;Nina;;0;1;RAS;False;
2024-10-03;MARANS_TOTAL;0;0;3;RAS;False;
2024-10-03;Tina;;0;1;RAS;False;
2024-10-03;Albertine;;0;1;RAS;False;
2024-10-03;NINA_TINA;;0;2;RAS;False;
2024-10-04;NINA_TINA;;0;2;RAS;False;
2024-10-04;Nina;;0;1;RAS;False;
2024-10-04;Albertine;;0;1;RAS;False;
2024-10-04;Tina;;0;1;RAS;False;
2024-10-04;MARANS_TOTAL;0;0;3;RAS;False;
2024-10-05;Albertine;;0;1;RAS;False;
2024-10-05;Tina;;0;1;RAS;False;
2024-10-05;NINA_TINA;;0;2;RAS;False;
2024-10-05;Nina;;0;1;RAS;False;
2024-10-05;MARANS_TOTAL;0;0;3;RAS;False;
2024-10-06;Albertine;;0;1;RAS;False;
2024-10-06;Nina;;0;1;RAS;False;
2024-10-06;NINA_TINA;;0;2;RAS;False;
2024-10-06;MARANS_TOTAL;0;0;3;RAS;False;
2024-10-06;Tina;;0;1;RAS;False;
2024-10-07;Tina;;0;1;RAS;False;
2024-10-07;Nina;;0;1;RAS;False;
2024-10-07;NINA_TINA;;0;2;RAS;False;
2024-10-07;Albertine;;0;1;RAS;False;
2024-10-07;MARANS_TOTAL;0;0;3;RAS;False;
2024-10-08;Tina;;0;1;RAS;False;
2024-10-08;Nina;;0;1;RAS;False;
2024-10-08;Albertine;;0;1;RAS;False;
2024-10-08;NINA_TINA;;0;2;RAS;False;
2024-10-08;MARANS_TOTAL;0;0;3;RAS;False;
2024-10-09;Tina;;0;1;RAS;False;
2024-10-09;MARANS_TOTAL;0;0;3;RAS;False;
2024-10-09;NINA_TINA;;0;2;RAS;False;
2024-10-09;Nina;;0;1;RAS;False;
2024-10-09;Albertine;;0;1;RAS;False;
2024-10-10;Nina;;0;1;RAS;False;
2024-10-10;Albertine;;0;1;RAS;False;
2024-10-10;Tina;;0;1;RAS;False;
2024-10-10;MARANS_TOTAL;0;0;3;RAS;False;
2024-10-10;NINA_TINA;;0;2;RAS;False;
2024-10-11;Tina;;0;1;RAS;False;
2024-10-11;NINA_TINA;;0;2;RAS;False;
2024-10-11;Albertine;;0;1;RAS;False;
2024-10-11;MARANS_TOTAL;0;0;3;RAS;False;
2024-10-11;Nina;;0;1;RAS;False;
2024-10-12;Nina;;0;1;RAS;False;
2024-10-12;Albertine;;0;1;RAS;False;
2024-10-12;Tina;;0;1;RAS;False;
2024-10-12;NINA_TINA;;0;2;RAS;False;
2024-10-12;MARANS_TOTAL;0;0;3;RAS;False;
2024-10-13;Albertine;;0;1;RAS;False;
2024-10-13;Nina;;0;1;RAS;False;
2024-10-13;NINA_TINA;;0;2;RAS;False;
2024-10-13;Tina;;0;1;RAS;False;
2024-10-13;MARANS_TOTAL;0;0;3;RAS;False;
2024-10-14;Albertine;;0;1;RAS;False;
2024-10-14;Tina;;0;1;RAS;False;
2024-10-14;NINA_TINA;;0;2;RAS;False;
2024-10-14;MARANS_TOTAL;0;0;3;RAS;False;
2024-10-14;Nina;;0;1;RAS;False;
2024-10-15;Tina;;0;1;RAS;False;
2024-10-15;MARANS_TOTAL;0;0;3;RAS;False;
2024-10-15;NINA_TINA;;0;2;RAS;False;
2024-10-15;Nina;;0;1;RAS;False;
2024-10-15;Albertine;;0;1;RAS;False;
2024-10-16;NINA_TINA;;0;2;RAS;False;
2024-10-16;Tina;;0;1;RAS;False;
2024-10-16;MARANS_TOTAL;0;0;3;RAS;False;
2024-10-16;Albertine;;0;1;RAS;False;
2024-10-16;Nina;;0;1;RAS;False;
2024-10-17;Tina;;0;1;RAS;False;
2024-10-17;Albertine;enrhumée;0;1;RAS;False;enrhumée
2024-10-17;MARANS_TOTAL;0;0;3;RAS;False;
2024-10-17;Nina;;0;1;RAS;False;
2024-10-17;NINA_TINA;;0;2;RAS;False;
2024-10-18;MARANS_TOTAL;0;0;3;RAS;False;
2024-10-18;Nina;;0;1;RAS;False;
2024-10-18;Albertine;;0;1;RAS;False;
2024-10-18;NINA_TINA;;0;2;RAS;False;
2024-10-18;Tina;;0;1;RAS;False;
2024-10-19;MARANS_TOTAL;0;0;3;RAS;False;
2024-10-19;Nina;;0;1;RAS;False;
2024-10-19;NINA_TINA;;0;2;RAS;False;
2024-10-19;Albertine;;0;1;RAS;False;
2024-10-19;Tina;;0;1;RAS;False;
2024-10-20;Albertine;;0;1;RAS;False;
2024-10-20;Tina;;0;1;RAS;False;
2024-10-20;Nina;;0;1;RAS;False;
2024-10-20;NINA_TINA;;0;2;RAS;False;
2024-10-20;MARANS_TOTAL;0;0;3;RAS;False;
2024-10-21;MARANS_TOTAL;0;0;3;RAS;False;
2024-10-21;Nina;;0;1;RAS;False;
2024-10-21;Tina;;0;1;RAS;False;
2024-10-21;NINA_TINA;;0;2;RAS;False;
2024-10-21;Albertine;;0;1;RAS;False;
2024-10-22;Nina;;0;1;RAS;False;
2024-10-22;Tina;;0;1;RAS;False;
2024-10-22;MARANS_TOTAL;0;0;3;RAS;False;
2024-10-22;Albertine;;0;1;RAS;False;
2024-10-22;NINA_TINA;;0;2;RAS;False;
2024-10-23;Albertine;;0;1;RAS;False;
2024-10-23;Tina;;0;1;RAS;False;
2024-10-23;Nina;;0;1;RAS;False;
2024-10-23;NINA_TINA;;0;2;RAS;False;
2024-10-23;MARANS_TOTAL;0;0;3;RAS;False;
2024-10-24;NINA_TINA;;0;2;RAS;False;
2024-10-24;Albertine;;0;1;RAS;False;
2024-10-24;Nina;;0;1;RAS;False;
2024-10-24;Tina;;0;1;RAS;False;
2024-10-24;MARANS_TOTAL;0;0;3;RAS;False;
2024-10-25;Nina;;0;1;RAS;False;
2024-10-25;NINA_TINA;;0;2;RAS;False;
2024-10-25;Albertine;;0;1;RAS;False;
2024-10-25;MARANS_TOTAL;0;0;3;RAS;False;
2024-10-25;Tina;;0;1;RAS;False;
2024-10-26;Tina;;0;1;RAS;False;
2024-10-26;NINA_TINA;;0;2;RAS;False;
2024-10-26;MARANS_TOTAL;0;0;3;RAS;False;
2024-10-26;Nina;;0;1;RAS;False;
2024-10-26;Albertine;;0;1;RAS;False;
2024-10-27;NINA_TINA;;0;2;RAS;False;
2024-10-27;Tina;;0;1;RAS;False;
2024-10-27;Albertine;;0;1;RAS;False;
2024-10-27;MARANS_TOTAL;0;0;3;RAS;False;
2024-10-27;Nina;;0;1;RAS;False;
2024-10-28;Albertine;;0;1;RAS;False;
2024-10-28;Tina;;0;1;RAS;False;
2024-10-28;Nina;;0;1;RAS;False;
2024-10-28;MARANS_TOTAL;0;0;3;RAS;False;
2024-10-28;NINA_TINA;;0;2;RAS;False;
2024-10-29;Albertine;;0;1;RAS;False;
2024-10-29;Tina;;0;1;RAS;False;
2024-10-29;MARANS_TOTAL;0;0;3;RAS;False;
2024-10-29;Nina;;0;1;RAS;False;
2024-10-29;NINA_TINA;;0;2;RAS;False;
2024-10-30;MARANS_TOTAL;0;0;3;RAS;False;
2024-10-30;Albertine;;0;1;RAS;False;
2024-10-30;Tina;;0;1;RAS;False;
2024-10-30;Nina;;0;1;RAS;False;
2024-10-30;NINA_TINA;;0;2;RAS;False;
2024-10-31;MARANS_TOTAL;0;0;3;RAS;False;
2024-10-31;Albertine;;0;1;RAS;False;
2024-10-31;NINA_TINA;;0;2;RAS;False;
2024-10-31;Tina;;0;1;RAS;False;
2024-10-31;Nina;;0;1;RAS;False;
2024-11-01;Nina;;0;1;RAS;False;
2024-11-01;NINA_TINA;;0;2;RAS;False;
2024-11-01;MARANS_TOTAL;0;0;3;RAS;False;
2024-11-01;Albertine;;0;1;RAS;False;
2024-11-01;Tina;;0;1;RAS;False;
2024-11-02;Albertine;;0;1;RAS;False;
2024-11-02;NINA_TINA;;0;2;RAS;False;
2024-11-02;Nina;;0;1;RAS;False;
2024-11-02;MARANS_TOTAL;0;0;3;RAS;False;
2024-11-02;Tina;;0;1;RAS;False;
2024-11-03;Nina;;0;1;RAS;False;
2024-11-03;Tina;;0;1;RAS;False;
2024-11-03;Albertine;;0;1;RAS;False;
2024-11-03;NINA_TINA;;0;2;RAS;False;
2024-11-03;MARANS_TOTAL;0;0;3;RAS;False;
2024-11-04;NINA_TINA;;0;2;RAS;False;
2024-11-04;Tina;;0;1;RAS;False;
2024-11-04;Albertine;;0;1;RAS;False;
2024-11-04;Nina;;0;1;RAS;False;
2024-11-04;MARANS_TOTAL;0;0;3;RAS;False;
2024-11-05;Tina;;0;1;RAS;False;
2024-11-05;Albertine;;0;1;RAS;False;
2024-11-05;MARANS_TOTAL;0;0;3;RAS;False;
2024-11-05;Nina;;0;1;RAS;False;
2024-11-05;NINA_TINA;;0;2;RAS;False;
2024-11-06;Tina;;0;1;RAS;False;
2024-11-06;Nina;;0;1;RAS;False;
2024-11-06;NINA_TINA;;0;2;RAS;False;
2024-11-06;Albertine;;0;1;RAS;False;
2024-11-06;MARANS_TOTAL;0;0;3;RAS;False;
2024-11-07;Nina;;0;1;RAS;False;
2024-11-07;Albertine;;0;1;RAS;False;
2024-11-07;MARANS_TOTAL;0;0;3;RAS;False;
2024-11-07;Tina;;0;1;RAS;False;
2024-11-07;NINA_TINA;;0;2;RAS;False;
2024-11-08;Tina;;0;1;RAS;False;
2024-11-08;Nina;;0;1;RAS;False;
2024-11-08;NINA_TINA;;0;2;RAS;False;
2024-11-08;MARANS_TOTAL;0;0;3;RAS;False;
2024-11-08;Albertine;;0;1;RAS;False;
2024-11-09;Nina;;0;1;RAS;False;
2024-11-09;Albertine;;0;1;RAS;False;
2024-11-09;Tina;;0;1;RAS;False;
2024-11-09;MARANS_TOTAL;0;0;3;RAS;False;
2024-11-09;NINA_TINA;;0;2;RAS;False;
2024-11-10;Albertine;;0;1;RAS;False;
2024-11-10;Tina;;0;1;RAS;False;
2024-11-10;MARANS_TOTAL;0;0;3;RAS;False;
2024-11-10;NINA_TINA;;0;2;RAS;False;
2024-11-10;Nina;;0;1;RAS;False;
2024-11-11;Albertine;;0;1;RAS;False;
2024-11-11;Tina;;0;1;RAS;False;
2024-11-11;MARANS_TOTAL;0;0;3;RAS;False;
2024-11-11;Nina;;0;1;RAS;False;
2024-11-11;NINA_TINA;;0;2;RAS;False;
2024-11-12;Tina;;0;1;RAS;False;
2024-11-12;NINA_TINA;;0;2;RAS;False;
2024-11-12;Albertine;;0;1;RAS;False;
2024-11-12;Nina;;0;1;RAS;False;
2024-11-12;MARANS_TOTAL;0;0;3;RAS;False;
2024-11-13;MARANS_TOTAL;0;0;3;RAS;False;
2024-11-13;Tina;;0;1;RAS;False;
2024-11-13;NINA_TINA;;0;2;RAS;False;
2024-11-13;Albertine;;0;1;RAS;False;
2024-11-13;Nina;;0;1;RAS;False;
2024-11-14;Tina;;0;1;RAS;False;
2024-11-14;MARANS_TOTAL;0;0;3;RAS;False;
2024-11-14;NINA_TINA;;0;2;RAS;False;
2024-11-14;Albertine;;0;1;RAS;False;
2024-11-14;Nina;;0;1;RAS;False;
2024-11-15;NINA_TINA;;0;2;RAS;False;
2024-11-15;MARANS_TOTAL;0;0;3;RAS;False;
2024-11-15;Tina;;0;1;RAS;False;
2024-11-15;Nina;;0;1;RAS;False;
2024-11-15;Albertine;;0;1;RAS;False;
2024-11-16;Tina;;0;1;RAS;False;
2024-11-16;Albertine;;0;1;RAS;False;
2024-11-16;NINA_TINA;;0;2;RAS;False;
2024-11-16;Nina;;0;1;RAS;False;
2024-11-16;MARANS_TOTAL;0;0;3;RAS;False;
2024-11-17;Nina;;0;1;RAS;False;
2024-11-17;Albertine;;0;1;RAS;False;
2024-11-17;MARANS_TOTAL;0;0;3;RAS;False;
2024-11-17;NINA_TINA;;0;2;RAS;False;
2024-11-17;Tina;;0;1;RAS;False;
2024-11-18;MARANS_TOTAL;0;0;3;RAS;False;
2024-11-18;Albertine;;0;1;RAS;False;
2024-11-18;Nina;;0;1;RAS;False;
2024-11-18;NINA_TINA;;0;2;RAS;False;
2024-11-18;Tina;;0;1;RAS;False;
2024-11-19;NINA_TINA;;0;2;RAS;False;
2024-11-19;MARANS_TOTAL;0;0;3;RAS;False;
2024-11-19;Albertine;;0;1;RAS;False;
2024-11-19;Nina;;0;1;RAS;False;
2024-11-19;Tina;;0;1;RAS;False;
2024-11-20;MARANS_TOTAL;0;0;3;RAS;False;
2024-11-20;Tina;;0;1;RAS;False;
2024-11-20;Nina;;0;1;RAS;False;
2024-11-20;NINA_TINA;;0;2;RAS;False;
2024-11-20;Albertine;;0;1;RAS;False;
2024-11-21;Tina;;0;1;RAS;False;
2024-11-21;NINA_TINA;;0;2;RAS;False;
2024-11-21;Nina;;0;1;RAS;False;
2024-11-21;MARANS_TOTAL;0;0;3;RAS;False;
2024-11-21;Albertine;;0;1;RAS;False;
2024-11-22;Nina;;0;1;RAS;False;
2024-11-22;MARANS_TOTAL;0;0;3;RAS;False;
2024-11-22;Albertine;;0;1;RAS;False;
2024-11-22;Tina;;0;1;RAS;False;
2024-11-22;NINA_TINA;;0;2;RAS;False;
2024-11-23;Tina;;0;1;RAS;False;
2024-11-23;NINA_TINA;;0;2;RAS;False;
2024-11-23;MARANS_TOTAL;0;0;3;RAS;False;
2024-11-23;Albertine;;0;1;RAS;False;
2024-11-23;Nina;;0;1;RAS;False;
2024-11-24;Nina;;0;1;RAS;False;
2024-11-24;Tina;;0;1;RAS;False;
2024-11-24;NINA_TINA;;0;2;RAS;False;
2024-11-24;MARANS_TOTAL;0;0;3;RAS;False;
2024-11-24;Albertine;;0;1;RAS;False;
2024-11-25;Albertine;;0;1;RAS;False;
2024-11-25;Tina;;0;1;RAS;False;
2024-11-25;Nina;;0;1;RAS;False;
2024-11-25;NINA_TINA;;0;2;RAS;False;
2024-11-25;MARANS_TOTAL;0;0;3;RAS;False;
2024-11-26;Tina;;0;1;RAS;False;
2024-11-26;NINA_TINA;;0;2;RAS;False;
2024-11-26;MARANS_TOTAL;0;0;3;RAS;False;
2024-11-26;Albertine;;0;1;RAS;False;
2024-11-26;Nina;;0;1;RAS;False;
2024-11-27;Tina;;0;1;RAS;False;
2024-11-27;Albertine;;0;1;RAS;False;
2024-11-27;Nina;;0;1;RAS;False;
2024-11-27;NINA_TINA;;0;2;RAS;False;
2024-11-27;MARANS_TOTAL;0;0;3;RAS;False;
2024-11-28;Albertine;;0;1;RAS;False;
2024-11-28;NINA_TINA;;0;2;RAS;False;
2024-11-28;Nina;;0;1;RAS;False;
2024-11-28;Tina;;0;1;RAS;False;
2024-11-28;MARANS_TOTAL;0;0;3;RAS;False;
2024-11-29;NINA_TINA;;0;2;RAS;False;
2024-11-29;Nina;;0;1;RAS;False;
2024-11-29;Tina;;0;1;RAS;False;
2024-11-29;MARANS_TOTAL;0;0;3;RAS;False;
2024-11-29;Albertine;;0;1;RAS;False;
2024-11-30;NINA_TINA;;0;2;RAS;False;
2024-11-30;Tina;;0;1;RAS;False;
2024-11-30;Nina;;0;1;RAS;False;
2024-11-30;Albertine;;0;1;RAS;False;
2024-11-30;MARANS_TOTAL;0;0;3;RAS;False;
2024-12-01;Nina;;0;1;RAS;False;
2024-12-01;MARANS_TOTAL;0;0;3;RAS;False;
2024-12-01;NINA_TINA;;0;2;RAS;False;
2024-12-01;Tina;;0;1;RAS;False;
2024-12-01;Albertine;;0;1;RAS;False;
2024-12-02;Nina;;0;1;RAS;False;
2024-12-02;Tina;;0;1;RAS;False;
2024-12-02;NINA_TINA;;0;2;RAS;False;
2024-12-02;MARANS_TOTAL;0;0;3;RAS;False;
2024-12-02;Albertine;;0;1;RAS;False;
2024-12-03;MARANS_TOTAL;0;0;3;RAS;False;
2024-12-03;Nina;;0;1;RAS;False;
2024-12-03;Tina;;0;1;RAS;False;
2024-12-03;Albertine;;0;1;RAS;False;
2024-12-03;NINA_TINA;;0;2;RAS;False;
2024-12-04;Tina;;0;1;RAS;False;
2024-12-04;Nina;;0;1;RAS;False;
2024-12-04;MARANS_TOTAL;0;0;3;RAS;False;
2024-12-04;NINA_TINA;;0;2;RAS;False;
2024-12-04;Albertine;;0;1;RAS;False;
2024-12-05;Tina;;0;1;RAS;False;
2024-12-05;MARANS_TOTAL;0;0;3;RAS;False;
2024-12-05;Albertine;;0;1;RAS;False;
2024-12-05;NINA_TINA;;0;2;RAS;False;
2024-12-05;Nina;;0;1;RAS;False;
2024-12-06;Tina;;0;1;RAS;False;
2024-12-06;MARANS_TOTAL;0;0;3;RAS;False;
2024-12-06;Nina;;0;1;RAS;False;
2024-12-06;NINA_TINA;;0;2;RAS;False;
2024-12-06;Albertine;;0;1;RAS;False;
2024-12-07;MARANS_TOTAL;0;0;3;RAS;False;
2024-12-07;Nina;;0;1;RAS;False;
2024-12-07;Tina;;0;1;RAS;False;
2024-12-07;NINA_TINA;;0;2;RAS;False;
2024-12-07;Albertine;;0;1;RAS;False;
2024-12-08;Albertine;;0;1;RAS;False;
2024-12-08;MARANS_TOTAL;0;0;3;RAS;False;
2024-12-08;Nina;;0;1;RAS;False;
2024-12-08;Tina;;0;1;RAS;False;
2024-12-08;NINA_TINA;;0;2;RAS;False;
2024-12-09;Nina;;0;1;RAS;False;
2024-12-09;Tina;;0;1;RAS;False;
2024-12-09;NINA_TINA;;0;2;RAS;False;
2024-12-09;MARANS_TOTAL;0;0;3;RAS;False;
2024-12-09;Albertine;;0;1;RAS;False;
2024-12-10;NINA_TINA;;0;2;RAS;False;
2024-12-10;Albertine;;0;1;RAS;False;
2024-12-10;Tina;;0;1;RAS;False;
2024-12-10;Nina;;0;1;RAS;False;
2024-12-10;MARANS_TOTAL;0;0;3;RAS;False;
2024-12-11;NINA_TINA;;0;2;RAS;False;
2024-12-11;Albertine;;0;1;RAS;False;
2024-12-11;MARANS_TOTAL;0;0;3;RAS;False;
2024-12-11;Nina;;0;1;RAS;False;
2024-12-11;Tina;;0;1;RAS;False;
2024-12-12;Nina;;0;1;RAS;False;
2024-12-12;Tina;;0;1;RAS;False;
2024-12-12;NINA_TINA;;0;2;RAS;False;
2024-12-12;Albertine;;0;1;RAS;False;
2024-12-12;MARANS_TOTAL;0;0;3;RAS;False;
2024-12-13;NINA_TINA;;0;2;RAS;False;
2024-12-13;Tina;;0;1;RAS;False;
2024-12-13;Albertine;;0;1;RAS;False;
2024-12-13;Nina;;0;1;RAS;False;
2024-12-13;MARANS_TOTAL;0;0;3;RAS;False;
2024-12-14;Nina;;0;1;RAS;False;
2024-12-14;Tina;;0;1;RAS;False;
2024-12-14;MARANS_TOTAL;0;0;3;RAS;False;
2024-12-14;Albertine;;0;1;RAS;False;
2024-12-14;NINA_TINA;;0;2;RAS;False;
2024-12-15;Nina;;0;1;RAS;False;
2024-12-15;NINA_TINA;;0;2;RAS;False;
2024-12-15;MARANS_TOTAL;0;0;3;RAS;False;
2024-12-15;Tina;;0;1;RAS;False;
2024-12-15;Albertine;;0;1;RAS;False;
2024-12-16;Nina;;0;1;RAS;False;
2024-12-16;Albertine;;0;1;RAS;False;
2024-12-16;MARANS_TOTAL;0;0;3;RAS;False;
2024-12-16;Tina;;0;1;RAS;False;
2024-12-16;NINA_TINA;;0;2;RAS;False;
2024-12-17;MARANS_TOTAL;0;0;3;RAS;False;
2024-12-17;Tina;;0;1;RAS;False;
2024-12-17;Albertine;;0;1;RAS;False;
2024-12-17;NINA_TINA;;0;2;RAS;False;
2024-12-17;Nina;;0;1;RAS;False;
2024-12-18;MARANS_TOTAL;0;0;3;RAS;False;
2024-12-18;Nina;;0;1;RAS;False;
2024-12-18;NINA_TINA;;0;2;RAS;False;
2024-12-18;Albertine;;0;1;RAS;False;
2024-12-18;Tina;;0;1;RAS;False;
2024-12-19;Nina;;0;1;RAS;False;
2024-12-19;NINA_TINA;;0;2;RAS;False;
2024-12-19;Tina;;0;1;RAS;False;
2024-12-19;Albertine;;0;1;RAS;False;
2024-12-19;MARANS_TOTAL;0;0;3;RAS;False;
2024-12-20;Tina;;0;1;RAS;False;
2024-12-20;Nina;;0;1;RAS;False;
2024-12-20;Albertine;;0;1;RAS;False;
2024-12-20;MARANS_TOTAL;0;0;3;RAS;False;
2024-12-20;NINA_TINA;;0;2;RAS;False;
2024-12-21;Albertine;;0;1;RAS;False;
2024-12-21;Tina;;0;1;RAS;False;
2024-12-21;Nina;;0;1;RAS;False;
2024-12-21;NINA_TINA;;0;2;RAS;False;
2024-12-21;MARANS_TOTAL;0;0;3;RAS;False;
2024-12-22;NINA_TINA;;0;2;RAS;False;
2024-12-22;Albertine;;0;1;RAS;False;
2024-12-22;MARANS_TOTAL;0;0;3;RAS;False;
2024-12-22;Tina;;0;1;RAS;False;
2024-12-22;Nina;;0;1;RAS;False;
2024-12-23;Albertine;;0;1;RAS;False;
2024-12-23;MARANS_TOTAL;0;0;3;RAS;False;
2024-12-23;Nina;;0;1;RAS;False;
2024-12-23;Tina;;0;1;RAS;False;
2024-12-23;NINA_TINA;;0;2;RAS;False;
2024-12-24;Nina;;0;1;RAS;False;
2024-12-24;Tina;;0;1;RAS;False;
2024-12-24;Albertine;;0;1;RAS;False;
2024-12-24;NINA_TINA;;0;2;RAS;False;
2024-12-24;MARANS_TOTAL;0;0;3;RAS;False;
2024-12-25;Tina;;0;1;RAS;False;
2024-12-25;MARANS_TOTAL;0;0;3;RAS;False;
2024-12-25;Albertine;;0;1;RAS;False;
2024-12-25;Nina;;0;1;RAS;False;
2024-12-25;NINA_TINA;;0;2;RAS;False;
2024-12-26;Albertine;;0;1;RAS;False;
2024-12-26;Tina;;0;1;RAS;False;
2024-12-26;Nina;;0;1;RAS;False;
2024-12-26;NINA_TINA;;0;2;RAS;False;
2024-12-26;MARANS_TOTAL;0;0;3;RAS;False;
2024-12-27;MARANS_TOTAL;0;0;3;RAS;False;
2024-12-27;NINA_TINA;;0;2;RAS;False;
2024-12-27;Albertine;;0;1;RAS;False;
2024-12-27;Nina;;0;1;RAS;False;
2024-12-27;Tina;;0;1;RAS;False;
2024-12-28;Tina;;0;1;RAS;False;
2024-12-28;NINA_TINA;;0;2;RAS;False;
2024-12-28;Nina;;0;1;RAS;False;
2024-12-28;MARANS_TOTAL;0;0;3;RAS;False;
2024-12-28;Albertine;;0;1;RAS;False;
2024-12-29;MARANS_TOTAL;0;0;3;RAS;False;
2024-12-29;Tina;;0;1;RAS;False;
2024-12-29;Nina;;0;1;RAS;False;
2024-12-29;Albertine;;0;1;RAS;False;
2024-12-29;NINA_TINA;;0;2;RAS;False;
2024-12-30;Tina;;0;1;RAS;False;
2024-12-30;Albertine;;0;1;RAS;False;
2024-12-30;MARANS_TOTAL;0;0;3;RAS;False;
2024-12-30;Nina;;0;1;RAS;False;
2024-12-30;NINA_TINA;;0;2;RAS;False;
2024-12-31;Nina;;0;1;RAS;False;
2024-12-31;Tina;;0;1;RAS;False;
2024-12-31;Albertine;;0;1;RAS;False;
2024-12-31;NINA_TINA;;0;2;RAS;False;
2024-12-31;MARANS_TOTAL;0;0;3;RAS;False;
2025-01-01;MARANS_TOTAL;;0;3;RAS;False;
2025-01-02;MARANS_TOTAL;x(c);1;3;cassé;False;
2025-01-03;MARANS_TOTAL;;0;3;RAS;False;
2025-01-04;MARANS_TOTAL;xx;2;3;RAS;False;
2025-01-05;MARANS_TOTAL;;0;3;RAS;False;
2025-01-06;MARANS_TOTAL;x;1;3;RAS;False;
2025-01-07;MARANS_TOTAL;xx;2;3;RAS;False;
2025-01-08;MARANS_TOTAL;x;1;3;RAS;False;
2025-01-09;MARANS_TOTAL;xx;2;3;RAS;False;
2025-01-10;MARANS_TOTAL;x;1;3;RAS;False;
2025-01-11;MARANS_TOTAL;x;1;3;RAS;False;
2025-01-12;MARANS_TOTAL; xx;2;3;RAS;False;
2025-01-13;MARANS_TOTAL;x;1;3;RAS;False;
2025-01-14;MARANS_TOTAL;xxx;3;3;RAS;False;
2025-01-15;MARANS_TOTAL;;0;3;RAS;False;
2025-01-16;MARANS_TOTAL;x;1;3;RAS;False;
2025-01-17;MARANS_TOTAL;;0;3;RAS;False;
2025-01-18;MARANS_TOTAL;;0;3;RAS;False;
2025-01-19;MARANS_TOTAL;x;1;3;RAS;False;
2025-01-20;MARANS_TOTAL;;0;3;RAS;False;
2025-01-21;MARANS_TOTAL;x;1;3;RAS;False;
2025-01-22;MARANS_TOTAL;;0;3;RAS;False;
2025-01-23;MARANS_TOTAL;x;1;3;RAS;False;
2025-01-24;MARANS_TOTAL;;0;3;RAS;False;
2025-01-25;MARANS_TOTAL;x;1;3;RAS;False;
2025-01-26;MARANS_TOTAL;;0;3;RAS;False;
2025-01-27;MARANS_TOTAL;x;1;3;RAS;False;
2025-01-28;MARANS_TOTAL;;0;3;RAS;False;
2025-01-29;MARANS_TOTAL;x;1;3;RAS;False;
2025-01-30;MARANS_TOTAL;;0;3;RAS;False;
2025-01-31;MARANS_TOTAL;x;1;3;RAS;False;
2025-02-01;MARANS_TOTAL;;0;3;RAS;False;
2025-02-02;MARANS_TOTAL;x;1;3;RAS;False;
2025-02-03;MARANS_TOTAL;;0;3;RAS;False;
2025-02-04;MARANS_TOTAL;x;1;3;RAS;False;
2025-02-05;MARANS_TOTAL;;0;3;RAS;False;
2025-02-06;MARANS_TOTAL;x;1;3;RAS;False;
2025-02-07;MARANS_TOTAL;;0;3;RAS;False;
2025-02-08;MARANS_TOTAL;x;1;3;RAS;False;
2025-02-09;MARANS_TOTAL;;0;3;RAS;False;
2025-02-10;MARANS_TOTAL;x;1;3;RAS;False;
2025-02-11;MARANS_TOTAL;;0;3;RAS;False;
2025-02-12;MARANS_TOTAL;x;1;3;RAS;False;
2025-02-13;MARANS_TOTAL;;0;3;RAS;False;
2025-02-14;MARANS_TOTAL;x;1;3;RAS;False;
2025-02-15;MARANS_TOTAL;x;1;3;RAS;False;
2025-02-16;MARANS_TOTAL;;0;3;RAS;False;
2025-02-17;MARANS_TOTAL;xx;2;3;RAS;False;
2025-02-18;MARANS_TOTAL;;0;3;RAS;False;
2025-02-19;MARANS_TOTAL;x(a);1;3;RAS;False;Poule(s) : Albertine
2025-02-20;MARANS_TOTAL;x(t);1;3;RAS;False;Poule(s) : Tina
2025-02-21;MARANS_TOTAL;x(a);1;3;RAS;False;Poule(s) : Albertine
2025-02-22;MARANS_TOTAL;x(t);1;3;RAS;False;Poule(s) : Tina
2025-02-23;MARANS_TOTAL;x(a);1;3;RAS;False;Poule(s) : Albertine
2025-02-24;MARANS_TOTAL;x(n)x(t);2;3;RAS;False;Poule(s) : Nina, Tina (Notation: x(n)x(t))
2025-02-25;MARANS_TOTAL;xx(n);2;3;RAS;False;Poule(s) : Nina
2025-02-26;MARANS_TOTAL;x;1;3;RAS;False;
2025-02-27;MARANS_TOTAL;xx(n);2;3;RAS;False;Poule(s) : Nina
2025-02-28;MARANS_TOTAL;xxx;3;3;RAS;False;
2025-03-01;MARANS_TOTAL;;0;3;RAS;False;
2025-03-02;MARANS_TOTAL;xxx;3;3;RAS;False;
2025-03-03;MARANS_TOTAL;;0;3;RAS;False;
2025-03-04;MARANS_TOTAL;xxx;3;3;RAS;False;
2025-03-05;MARANS_TOTAL;;0;3;RAS;False;
2025-03-06;MARANS_TOTAL;xx;2;3;RAS;False;
2025-03-07;MARANS_TOTAL;x(n) ;1;3;RAS;False;Poule(s) : Nina
2025-03-08;MARANS_TOTAL;x(t)x(a);2;3;RAS;False;Poule(s) : Tina, Albertine (Notation: x(t)x(a))
2025-03-09;MARANS_TOTAL;x(n);1;3;RAS;False;Poule(s) : Nina
2025-03-10;MARANS_TOTAL;x(a)x(t);2;3;RAS;False;Poule(s) : Tina, Albertine (Notation: x(a)x(t))
2025-03-11;MARANS_TOTAL;x(n);1;3;RAS;False;Poule(s) : Nina
2025-03-12;MARANS_TOTAL;x(t)x(a);2;3;RAS;False;Poule(s) : Tina, Albertine (Notation: x(t)x(a))
2025-03-13;MARANS_TOTAL;x(n);1;3;RAS;False;Poule(s) : Nina
2025-03-14;MARANS_TOTAL;x(n)x(a);2;3;RAS;False;Poule(s) : Nina, Albertine (Notation: x(n)x(a))
2025-03-15;MARANS_TOTAL;;0;3;RAS;False;
2025-03-16;MARANS_TOTAL;x(n)x(a);2;3;RAS;False;Poule(s) : Nina, Albertine (Notation: x(n)x(a))
2025-03-17;MARANS_TOTAL;;0;3;RAS;False;
2025-03-18;MARANS_TOTAL;x(n)x(a);2;3;RAS;False;Poule(s) : Nina, Albertine (Notation: x(n)x(a))
2025-03-19;MARANS_TOTAL;;0;3;RAS;False;
2025-03-20;MARANS_TOTAL;x(n)x(a);2;3;RAS;False;Poule(s) : Nina, Albertine (Notation: x(n)x(a))
2025-03-21;MARANS_TOTAL;;0;3;RAS;False;
2025-03-22;MARANS_TOTAL;;0;3;RAS;False;
2025-03-23;MARANS_TOTAL;;0;3;RAS;False;
2025-03-24;MARANS_TOTAL;x(n)x(a);2;3;RAS;False;Poule(s) : Nina, Albertine (Notation: x(n)x(a))
2025-03-25;MARANS_TOTAL;;0;3;RAS;False;
2025-03-26;MARANS_TOTAL;x(n)x(a);2;3;RAS;False;Poule(s) : Nina, Albertine (Notation: x(n)x(a))
2025-03-27;MARANS_TOTAL;x(n);1;3;RAS;False;Poule(s) : Nina
2025-03-28;MARANS_TOTAL;;0;3;RAS;False;
2025-03-29;MARANS_TOTAL;;0;3;RAS;False;
2025-03-30;MARANS_TOTAL;x(a)x(n);2;3;RAS;False;Poule(s) : Nina, Albertine (Notation: x(a)x(n))
2025-03-31;MARANS_TOTAL;x(t);1;3;RAS;False;Poule(s) : Tina
2025-04-01;MARANS_TOTAL;x(a)x(n);2;3;RAS;False;Poule(s) : Nina, Albertine (Notation: x(a)x(n))
2025-04-02;MARANS_TOTAL;x(n);1;3;RAS;False;Poule(s) : Nina
2025-04-03;MARANS_TOTAL;x(a)x(t);2;3;RAS;False;Poule(s) : Tina, Albertine (Notation: x(a)x(t))
2025-04-04;MARANS_TOTAL;x(a)x(n);2;3;RAS;False;Poule(s) : Nina, Albertine (Notation: x(a)x(n))
2025-04-05;MARANS_TOTAL;;0;3;RAS;False;
2025-04-06;MARANS_TOTAL;x(t)x(a);2;3;RAS;False;Poule(s) : Tina, Albertine (Notation: x(t)x(a))
2025-04-07;MARANS_TOTAL;x(n)x(t);2;3;RAS;False;Poule(s) : Nina, Tina (Notation: x(n)x(t))
2025-04-08;MARANS_TOTAL;x(a);1;3;RAS;False;Poule(s) : Albertine
2025-04-09;MARANS_TOTAL;x(t);1;3;RAS;False;Poule(s) : Tina
2025-04-10;MARANS_TOTAL;xxx;3;3;RAS;False;
2025-04-11;MARANS_TOTAL;;0;3;RAS;False;
2025-04-12;MARANS_TOTAL;xxx;3;3;RAS;False;
2025-04-13;MARANS_TOTAL;x(a)x(t);2;3;RAS;False;Poule(s) : Tina, Albertine (Notation: x(a)x(t))
2025-04-14;MARANS_TOTAL;xxx;3;3;RAS;False;
2025-04-15;MARANS_TOTAL;x(a)x(n);2;3;RAS;False;Poule(s) : Nina, Albertine (Notation: x(a)x(n))
2025-04-16;MARANS_TOTAL;x(t);1;3;RAS;False;Poule(s) : Tina
2025-04-17;MARANS_TOTAL;xxx;3;3;RAS;False;
2025-04-18;MARANS_TOTAL;x(t)x(n);2;3;RAS;False;Poule(s) : Nina, Tina (Notation: x(t)x(n))
2025-04-19;MARANS_TOTAL;;0;3;RAS;False;
2025-04-20;MARANS_TOTAL;x(t)xxx(a);4;3;RAS;False;Poule(s) : Tina, Albertine
2025-04-21;MARANS_TOTAL;x(t);1;3;RAS;False;Poule(s) : Tina
2025-04-22;MARANS_TOTAL;x(a)x(n);2;3;RAS;False;Poule(s) : Nina, Albertine (Notation: x(a)x(n))
2025-04-23;MARANS_TOTAL;x(t)x(n);2;3;RAS;False;Poule(s) : Nina, Tina (Notation: x(t)x(n))
2025-04-24;MARANS_TOTAL;x(a)x(t);2;3;RAS;False;Poule(s) : Tina, Albertine (Notation: x(a)x(t))
2025-04-25;MARANS_TOTAL;x(n);1;3;RAS;False;Poule(s) : Nina
2025-04-26;MARANS_TOTAL;x(t);1;3;RAS;False;Poule(s) : Tina
2025-04-27;MARANS_TOTAL;x(t)x(n);2;3;RAS;False;Poule(s) : Nina, Tina (Notation: x(t)x(n))
2025-04-28;MARANS_TOTAL;xxx;3;3;RAS;False;
2025-04-29;MARANS_TOTAL;x(a);1;3;RAS;False;Poule(s) : Albertine
2025-04-30;MARANS_TOTAL;x(t)x(n);2;3;RAS;False;Poule(s) : Nina, Tina (Notation: x(t)x(n))
2025-05-01;MARANS_TOTAL;x(a)x(t);2;3;RAS;False;Poule(s) : Tina, Albertine (Notation: x(a)x(t))
2025-05-02;MARANS_TOTAL;x(n);1;3;RAS;False;Poule(s) : Nina
2025-05-03;MARANS_TOTAL;x(a)x(n);2;3;RAS;False;Poule(s) : Nina, Albertine (Notation: x(a)x(n))
2025-05-04;MARANS_TOTAL;x(t);1;3;RAS;False;Poule(s) : Tina
2025-05-05;MARANS_TOTAL;xxx;3;3;RAS;False;
2025-05-06;MARANS_TOTAL;;0;3;RAS;False;
2025-05-07;MARANS_TOTAL;x(t)x;2;3;RAS;False;Poule(s) : Tina
2025-05-08;MARANS_TOTAL;xxx;3;3;RAS;False;
2025-05-09;MARANS_TOTAL;x(n);1;3;RAS;False;Poule(s) : Nina
2025-05-10;MARANS_TOTAL;x(t)x(a);2;3;RAS;False;Poule(s) : Tina, Albertine (Notation: x(t)x(a))
2025-05-11;MARANS_TOTAL;xxx;3;3;RAS;False;
2025-05-12;MARANS_TOTAL;x(t);1;3;RAS;False;Poule(s) : Tina
2025-05-13;MARANS_TOTAL;x(n);1;3;RAS;False;Poule(s) : Nina
2025-05-14;MARANS_TOTAL;xxx;3;3;RAS;False;
2025-05-15;MARANS_TOTAL;x(t);1;3;RAS;False;Poule(s) : Tina
2025-05-16;MARANS_TOTAL;x(n)x(a);2;3;RAS;False;Poule(s) : Nina, Albertine (Notation: x(n)x(a))
2025-05-17;MARANS_TOTAL;x(n)x(t);2;3;RAS;False;Poule(s) : Nina, Tina (Notation: x(n)x(t))
2025-05-18;MARANS_TOTAL;x(a);1;3;RAS;False;Poule(s) : Albertine
2025-05-19;MARANS_TOTAL;x(n);1;3;RAS;False;Poule(s) : Nina
2025-05-20;MARANS_TOTAL;xxx;3;3;RAS;False;
2025-05-21;MARANS_TOTAL;x(a);1;3;RAS;False;Poule(s) : Albertine
2025-05-22;MARANS_TOTAL;x(t)x(n);2;3;RAS;False;Poule(s) : Nina, Tina (Notation: x(t)x(n))
2025-05-23;MARANS_TOTAL;xxx;3;3;RAS;False;
2025-05-24;MARANS_TOTAL;;0;3;RAS;False;
2025-05-25;MARANS_TOTAL;xxx;3;3;RAS;False;
2025-05-26;MARANS_TOTAL;x(a);1;3;RAS;False;Poule(s) : Albertine
2025-05-27;MARANS_TOTAL;x(t)x(n);2;3;RAS;False;Poule(s) : Nina, Tina (Notation: x(t)x(n))
2025-05-28;MARANS_TOTAL;x(a)x(n);2;3;RAS;False;Poule(s) : Nina, Albertine (Notation: x(a)x(n))
2025-05-29;MARANS_TOTAL;x(t);1;3;RAS;False;Poule(s) : Tina
2025-05-30;MARANS_TOTAL;x(a)x(n);2;3;RAS;False;Poule(s) : Nina, Albertine (Notation: x(a)x(n))
2025-05-31;MARANS_TOTAL;x(t);1;3;RAS;False;Poule(s) : Tina
2025-06-01;MARANS_TOTAL;x(t)x(a);2;3;RAS;False;Poule(s) : Tina, Albertine (Notation: x(t)x(a))
2025-06-02;MARANS_TOTAL;x(n);1;3;RAS;False;Poule(s) : Nina
2025-06-03;MARANS_TOTAL;x(t)x(a);2;3;RAS;False;Poule(s) : Tina, Albertine (Notation: x(t)x(a))
2025-06-04;MARANS_TOTAL;x(t);1;3;RAS;False;Poule(s) : Tina
2025-06-05;MARANS_TOTAL;x(a)x(n);2;3;RAS;False;Poule(s) : Nina, Albertine (Notation: x(a)x(n))
2025-06-06;MARANS_TOTAL;xxx;3;3;RAS;False;
2025-06-07;MARANS_TOTAL;x(t);1;3;RAS;False;Poule(s) : Tina
2025-06-08;MARANS_TOTAL;x(a)x(n);2;3;RAS;False;Poule(s) : Nina, Albertine (Notation: x(a)x(n))
2025-06-09;MARANS_TOTAL;x(t);1;3;RAS;False;Poule(s) : Tina
2025-06-10;MARANS_TOTAL;xxx;3;3;RAS;False;
2025-06-11;MARANS_TOTAL;x(t);1;3;RAS;False;Poule(s) : Tina
2025-06-12;MARANS_TOTAL;x(a)x(n);2;3;RAS;False;Poule(s) : Nina, Albertine (Notation: x(a)x(n))
2025-06-13;MARANS_TOTAL;x(t)x(n);2;3;RAS;False;Poule(s) : Nina, Tina (Notation: x(t)x(n))
2025-06-14;MARANS_TOTAL;x(a)x(t);2;3;RAS;False;Poule(s) : Tina, Albertine (Notation: x(a)x(t))
2025-06-15;MARANS_TOTAL;x(n);1;3;RAS;False;Poule(s) : Nina
2025-06-16;MARANS_TOTAL;;0;3;RAS;False;
2025-06-17;MARANS_TOTAL;x(t);1;3;RAS;False;Poule(s) : Tina
2025-06-18;MARANS_TOTAL;x(n);1;3;RAS;False;Poule(s) : Nina
2025-06-19;MARANS_TOTAL;x(n)x(t);2;3;RAS;False;Poule(s) : Nina, Tina (Notation: x(n)x(t))
2025-06-20;MARANS_TOTAL;x(t)c x(a);2;3;cassé;False;Poule(s) : Tina, Albertine (Notation: x(t)c x(a))
2025-06-21;MARANS_TOTAL;x(t)x(n);2;3;RAS;False;Poule(s) : Nina, Tina (Notation: x(t)x(n))
2025-06-22;MARANS_TOTAL;;0;3;RAS;False;
2025-06-23;MARANS_TOTAL;x(n);1;3;RAS;False;Poule(s) : Nina
2025-06-24;MARANS_TOTAL;xxx;3;3;RAS;False;
2025-06-25;MARANS_TOTAL;;0;3;RAS;False;
2025-06-26;MARANS_TOTAL;x(n)x(t);2;3;RAS;False;Poule(s) : Nina, Tina (Notation: x(n)x(t))
2025-06-27;MARANS_TOTAL;xxx;3;3;RAS;False;
2025-06-28;MARANS_TOTAL;;0;3;RAS;False;
2025-06-29;MARANS_TOTAL;x(t)x(n);2;3;RAS;False;Poule(s) : Nina, Tina (Notation: x(t)x(n))
2025-06-30;MARANS_TOTAL;x(t);1;3;RAS;False;Poule(s) : Tina
2025-07-01;MARANS_TOTAL;xxx;3;3;RAS;False;
2025-07-02;MARANS_TOTAL;;0;3;RAS;False;
2025-07-03;MARANS_TOTAL;xxx;3;3;RAS;False;
2025-07-04;MARANS_TOTAL;x(t);1;3;RAS;False;Poule(s) : Tina
2025-07-05;MARANS_TOTAL;;0;3;RAS;False;
2025-07-06;MARANS_TOTAL;x(t);1;3;RAS;False;Poule(s) : Tina
2025-07-07;MARANS_TOTAL;x(a)x(tc);2;3;cassé;False;Poule(s) : Albertine (Notation: x(a)x(tc))
2025-07-08;MARANS_TOTAL;x(a)c;1;3;cassé;False;Poule(s) : Albertine (Notation: x(a)c)
2025-07-09;MARANS_TOTAL;x(t);1;3;RAS;False;Poule(s) : Tina
2025-07-10;MARANS_TOTAL;x(t);1;3;RAS;False;Poule(s) : Tina
2025-07-11;MARANS_TOTAL;x(t);1;3;RAS;False;Poule(s) : Tina
2025-07-12;MARANS_TOTAL;;0;3;RAS;False;
2025-07-13;MARANS_TOTAL;x(t);1;3;RAS;False;Poule(s) : Tina
2025-07-14;MARANS_TOTAL;xc;1;3;cassé;False;
2025-07-15;MARANS_TOTAL;;0;3;RAS;False;
2025-07-16;MARANS_TOTAL;x(t);1;3;RAS;False;Poule(s) : Tina
2025-07-17;MARANS_TOTAL;x(a)x(t);2;3;RAS;False;Poule(s) : Tina, Albertine (Notation: x(a)x(t))
2025-07-18;MARANS_TOTAL;;0;3;RAS;False;
2025-07-19;MARANS_TOTAL;x(t);1;3;RAS;False;Poule(s) : Tina
2025-07-20;MARANS_TOTAL;x(t)x(a);2;3;RAS;False;Poule(s) : Tina, Albertine (Notation: x(t)x(a))
2025-07-21;MARANS_TOTAL;x(t);1;3;RAS;False;Poule(s) : Tina
2025-07-22;MARANS_TOTAL;;0;3;RAS;False;
2025-07-23;MARANS_TOTAL;x(t);1;3;RAS;False;Poule(s) : Tina
2025-07-24;MARANS_TOTAL;;0;3;RAS;False;
2025-07-25;MARANS_TOTAL;x(t);1;3;RAS;False;Poule(s) : Tina
2025-07-26;MARANS_TOTAL;x(t)x;2;3;RAS;False;Poule(s) : Tina
2025-07-27;MARANS_TOTAL;x(a)c;1;3;cassé;False;Poule(s) : Albertine (Notation: x(a)c)
2025-07-28;MARANS_TOTAL;x;1;3;RAS;False;
2025-07-29;MARANS_TOTAL;;0;3;RAS;False;
2025-07-30;MARANS_TOTAL;x;1;3;RAS;False;
2025-07-31;MARANS_TOTAL;;0;3;RAS;False;
2025-08-01;MARANS_TOTAL;xx/n dcd;2;2;cassé;False;Nina décédée (Notation: xx/n dcd)
2025-08-02;MARANS_TOTAL;;0;2;RAS;False;
2025-08-03;MARANS_TOTAL;x;1;2;RAS;False;
2025-08-04;MARANS_TOTAL;xx;2;2;RAS;False;
2025-08-05;MARANS_TOTAL;;0;2;RAS;False;
2025-08-06;MARANS_TOTAL;x;1;2;RAS;False;
2025-08-07;MARANS_TOTAL;x;1;2;RAS;False;
2025-08-08;MARANS_TOTAL;;0;2;RAS;False;
2025-08-09;MARANS_TOTAL;x(c);1;2;cassé;False;
2025-08-10;MARANS_TOTAL;;0;2;RAS;False;
2025-08-11;MARANS_TOTAL;x(t);1;2;RAS;False;Poule(s) : Tina
2025-08-12;MARANS_TOTAL;;0;2;RAS;False;
2025-08-13;MARANS_TOTAL;x(t);1;2;RAS;False;Poule(s) : Tina
2025-08-14;MARANS_TOTAL;;0;2;RAS;False;
2025-08-15;MARANS_TOTAL;x(t);1;2;RAS;False;Poule(s) : Tina
2025-08-16;MARANS_TOTAL;;0;2;RAS;False;
2025-08-17;MARANS_TOTAL;x(t);1;2;RAS;False;Poule(s) : Tina
2025-08-18;MARANS_TOTAL;;0;2;RAS;False;
2025-08-19;MARANS_TOTAL;;0;2;RAS;False;
2025-08-20;MARANS_TOTAL;x(t);1;2;RAS;False;Poule(s) : Tina
2025-08-21;MARANS_TOTAL;;0;2;RAS;False;
2025-08-22;MARANS_TOTAL;x(t);1;2;RAS;False;Poule(s) : Tina
2025-08-23;MARANS_TOTAL;;0;2;RAS;False;
2025-08-24;MARANS_TOTAL;x(t);1;2;RAS;False;Poule(s) : Tina
2025-08-25;MARANS_TOTAL;;0;2;RAS;False;
2025-08-26;MARANS_TOTAL;x(t);1;2;RAS;False;Poule(s) : Tina
2025-08-27;MARANS_TOTAL;x(t);1;2;RAS;False;Poule(s) : Tina
2025-08-28;MARANS_TOTAL;;0;2;RAS;False;
2025-08-29;MARANS_TOTAL;x(t);1;2;RAS;False;Poule(s) : Tina
2025-08-30;MARANS_TOTAL;;0;2;RAS;False;
2025-08-31;MARANS_TOTAL;x(t);1;2;RAS;False;Poule(s) : Tina
2025-09-01;MARANS_TOTAL;x(t);1;2;RAS;False;Poule(s) : Tina
2025-09-02;MARANS_TOTAL;x(t);1;2;RAS;False;Poule(s) : Tina
2025-09-03;MARANS_TOTAL;;0;2;RAS;False;
2025-09-04;MARANS_TOTAL;x(t);1;2;RAS;False;Poule(s) : Tina
2025-09-05;MARANS_TOTAL;;0;2;RAS;False;
2025-09-06;MARANS_TOTAL;;0;2;RAS;False;
2025-09-07;MARANS_TOTAL;x(t);1;2;RAS;False;Poule(s) : Tina
2025-09-08;MARANS_TOTAL;;0;2;RAS;False;
2025-09-09;MARANS_TOTAL;;0;2;RAS;False;
2025-09-10;MARANS_TOTAL;;0;2;RAS;False;
2025-09-11;MARANS_TOTAL;;0;2;RAS;False;
2025-09-12;MARANS_TOTAL;;0;2;RAS;False;
2025-09-13;MARANS_TOTAL;;0;2;RAS;False;
2025-09-14;MARANS_TOTAL;;0;2;RAS;False;
2025-09-15;MARANS_TOTAL;;0;2;RAS;False;
2025-09-16;MARANS_TOTAL;;0;2;RAS;False;
2025-09-17;MARANS_TOTAL;;0;2;RAS;False;
2025-09-18;MARANS_TOTAL;;0;2;RAS;False;
2025-09-19;MARANS_TOTAL;;0;2;RAS;False;
2025-09-20;MARANS_TOTAL;;0;2;RAS;False;
2025-09-21;MARANS_TOTAL;;0;2;RAS;False;
2025-09-22;MARANS_TOTAL;mue(t);0;2;RAS;False;Tina en mue (Notation: mue(t))
2025-09-23;MARANS_TOTAL;;0;2;RAS;False;
2025-09-24;MARANS_TOTAL;;0;2;RAS;False;
2025-09-25;MARANS_TOTAL;;0;2;RAS;False;
2025-09-26;MARANS_TOTAL;;0;2;RAS;False;
2025-09-27;MARANS_TOTAL;;0;2;RAS;False;
2025-09-28;MARANS_TOTAL;;0;2;RAS;False;
2025-09-29;MARANS_TOTAL;;0;2;RAS;False;
2025-09-30;MARANS_TOTAL;;0;2;RAS;False;
2025-10-01;MARANS_TOTAL;;0;2;RAS;False;
2025-10-02;MARANS_TOTAL;;0;2;RAS;False;
2025-10-03;MARANS_TOTAL;;0;2;RAS;False;
2025-10-04;MARANS_TOTAL;;0;2;RAS;False;
2025-10-05;MARANS_TOTAL;;0;2;RAS;False;
2025-10-06;MARANS_TOTAL;;0;2;RAS;False;
2025-10-07;MARANS_TOTAL;;0;2;RAS;False;
2025-10-08;MARANS_TOTAL;;0;2;RAS;False;
2025-10-09;MARANS_TOTAL;;0;2;RAS;False;
2025-10-10;MARANS_TOTAL;;0;2;RAS;False;
2025-10-11;MARANS_TOTAL;;0;2;RAS;False;
2025-10-12;MARANS_TOTAL;;0;2;RAS;False;
2025-10-13;MARANS_TOTAL;;0;2;RAS;False;
2025-10-14;MARANS_TOTAL;;0;2;RAS;False;
2025-10-15;MARANS_TOTAL;;0;2;RAS;False;
2025-10-16;MARANS_TOTAL;;0;2;RAS;False;
2025-10-17;MARANS_TOTAL;;0;2;RAS;False;
2025-10-18;MARANS_TOTAL;;0;2;RAS;False;
2025-10-19;MARANS_TOTAL;;0;2;RAS;False;
2025-10-20;MARANS_TOTAL;;0;2;RAS;False;
2025-10-21;MARANS_TOTAL;;0;2;RAS;False;
2025-10-22;MARANS_TOTAL;;0;2;RAS;False;
2025-10-23;MARANS_TOTAL;;0;2;RAS;False;
2025-10-24;MARANS_TOTAL;;0;2;RAS;False;
2025-10-25;MARANS_TOTAL;;0;2;RAS;False;
2025-10-26;MARANS_TOTAL;;0;2;RAS;False;
2025-10-27;MARANS_TOTAL;;0;2;RAS;False;
2025-10-28;MARANS_TOTAL;;0;2;RAS;False;
2025-10-29;MARANS_TOTAL;;0;2;RAS;False;
2025-10-30;MARANS_TOTAL;;0;2;RAS;False;
2025-10-31;MARANS_TOTAL;;0;2;RAS;False;
2025-11-01;MARANS_TOTAL;;0;2;RAS;False;
2025-11-02;MARANS_TOTAL;;0;2;RAS;False;
2025-11-03;MARANS_TOTAL;;0;2;RAS;False;
2025-11-04;MARANS_TOTAL;;0;2;RAS;False;
2025-11-05;MARANS_TOTAL;;0;2;RAS;False;
2025-11-06;MARANS_TOTAL;;0;2;RAS;False;
2025-11-07;MARANS_TOTAL;;0;2;RAS;False;
2025-11-08;MARANS_TOTAL;;0;2;RAS;False;
2025-11-09;MARANS_TOTAL;;0;2;RAS;False;
2025-11-10;MARANS_TOTAL;;0;2;RAS;False;
2025-11-11;MARANS_TOTAL;;0;2;RAS;False;
2025-11-12;MARANS_TOTAL;;0;2;RAS;False;
2025-11-13;MARANS_TOTAL;;0;2;RAS;False;
2025-11-14;MARANS_TOTAL;;0;2;RAS;False;
2025-11-15;MARANS_TOTAL;;0;2;RAS;False;
2025-11-16;MARANS_TOTAL;;0;2;RAS;False;
2025-11-17;MARANS_TOTAL;;0;2;RAS;False;
2025-11-18;MARANS_TOTAL;;0;2;RAS;False;
2025-11-19;MARANS_TOTAL;;0;2;RAS;False;
2025-11-20;MARANS_TOTAL;;0;2;RAS;False;
2025-11-21;MARANS_TOTAL;;0;2;RAS;False;
2025-11-22;MARANS_TOTAL;;0;2;RAS;False;
2025-11-23;MARANS_TOTAL;;0;2;RAS;False;
2025-11-24;MARANS_TOTAL;;0;2;RAS;False;
2025-11-25;MARANS_TOTAL;;0;2;RAS;False;
2025-11-26;MARANS_TOTAL;;0;2;RAS;False;
2025-11-27;MARANS_TOTAL;;0;2;RAS;False;
2025-11-28;MARANS_TOTAL;;0;2;RAS;False;
2025-11-29;MARANS_TOTAL;;0;2;RAS;False;
2025-11-30;MARANS_TOTAL;;0;2;RAS;False;
2025-12-01;MARANS_TOTAL;;0;2;RAS;False;
2025-12-02;MARANS_TOTAL;;0;2;RAS;False;
2025-12-03;MARANS_TOTAL;;0;2;RAS;False;
2025-12-04;MARANS_TOTAL;x(m?);1;2;RAS;True;En mue (?) (Notation: x(m?))
2025-12-05;MARANS_TOTAL;;0;2;RAS;False;
2025-12-06;MARANS_TOTAL;;0;2;RAS;False;
2025-12-07;MARANS_TOTAL;x(m);1;2;RAS;False;En mue
2025-12-08;MARANS_TOTAL;;0;2;RAS;False;
2025-12-09;MARANS_TOTAL;x(m);1;2;RAS;False;En mue
2025-12-10;MARANS_TOTAL;;0;2;RAS;False;
2025-12-11;MARANS_TOTAL;x(m);1;2;RAS;False;En mue
2025-12-12;MARANS_TOTAL;;0;2;RAS;False;
2025-12-13;MARANS_TOTAL;x;1;2;RAS;False;
2025-12-14;MARANS_TOTAL;x(m);1;2;RAS;False;En mue
2025-12-15;MARANS_TOTAL;;0;2;RAS;False;
2025-12-16;MARANS_TOTAL;x(m);1;2;RAS;False;En mue
2025-12-17;MARANS_TOTAL;x;1;2;RAS;False;
2025-12-18;MARANS_TOTAL;x;1;2;RAS;False;
2025-12-19;MARANS_TOTAL;x;1;2;RAS;False;
2025-12-20;MARANS_TOTAL;;0;2;RAS;False;
2025-12-21;MARANS_TOTAL;;0;2;RAS;False;
2025-12-22;MARANS_TOTAL;;0;2;RAS;False;
2025-12-23;MARANS_TOTAL;;0;2;RAS;False;
2025-12-24;MARANS_TOTAL;xc;1;2;cassé;False;
2025-12-25;MARANS_TOTAL;;0;2;RAS;False;
2025-12-26;MARANS_TOTAL;;0;2;RAS;False;
2025-12-27;MARANS_TOTAL;;0;2;RAS;False;
2025-12-28;MARANS_TOTAL;;0;2;RAS;False;
2025-12-29;MARANS_TOTAL;;0;2;RAS;False;
2025-12-30;MARANS_TOTAL;;0;2;RAS;False;
2025-12-31;MARANS_TOTAL;;0;2;RAS;False;
