Date;Météo;Pluie(mm);T°C (12h-15h);Humidité;T°C (12h-15h)_traite;Humidité_traite;Météo_Corrigée;Météo_Clean;Météo_1;Météo_2;Météo_3;Météo_4
2023-01-01;beau;0.0;14.0;;14.0;;beau;beau;beau;;;
2023-01-02;beau;0.0;13.0;;13.0;;beau;beau;beau;;;
2023-01-03;beau;0.0;12.0;;12.0;;beau;beau;beau;;;
2023-01-04;beau;0.0;15.0;;15.0;;beau;beau;beau;;;
2023-01-05;beau;0.0;14.0;;14.0;;beau;beau;beau;;;
2023-01-06;beau;0.0;14.0;;14.0;;beau;beau;beau;;;
2023-01-07;beau;0.0;13.0;;13.0;;beau;beau;beau;;;
2023-01-08;mitigé;0.0;9.0;;9.0;;mitigé;mitigé;mitigé;;;
2023-01-09;vent/éclaircie;16.0;8.0;;8.0;;vent/éclaircie;vent/éclaircie;vent;éclaircie;;
2023-01-10;beau;0.0;14.0;;14.0;;beau;beau;beau;;;
2023-01-11;beau;0.0;9.0;;9.0;;beau;beau;beau;;;
2023-01-12;beau;0.0;12.0;;12.0;;beau;beau;beau;;;
2023-01-13;mitigé;0.0;13.0;;13.0;;mitigé;mitigé;mitigé;;;
2023-01-14;beau;0.0;13.0;;13.0;;beau;beau;beau;;;
2023-01-15;pluie/beau;2.0;10.0;;10.0;;pluie/beau;pluie/beau;pluie;beau;;
2023-01-16;pluie/vent;50.0;6.0;;6.0;;pluie/vent;pluie/vent;pluie;vent;;
2023-01-17;pluie/vent;1.0;5.0;;5.0;;pluie/vent;pluie/vent;pluie;vent;;
2023-01-18;pluie/éclaircie;5.0;5.0;;5.0;;pluie/éclaircie;pluie/éclaircie;pluie;éclaircie;;
2023-01-19;couvert/éclaircie;0.0;5.0;;5.0;;couvert/éclaircie;couvert/éclaircie;couvert;éclaircie;;
2023-01-20;pluie/neige/soleil;12.0;5.0;;5.0;;pluie/neige/soleil;pluie/neige/soleil;pluie;neige;soleil;
2023-01-21;pluie/neige/soleil/vent;2.0;2.0;;2.0;;pluie/neige/soleil/vent;pluie/neige/soleil/vent;pluie;neige;soleil;vent
2023-01-22;couvert/vent;0.0;0.0;;0.0;;couvert/vent;couvert/vent;couvert;vent;;
2023-01-23;;0.0;1.0;;1.0;;;;;;;
2023-01-24;couvert/éclaircie;0.0;2.0;;2.0;;couvert/éclaircie;couvert/éclaircie;couvert;éclaircie;;
2023-01-25;couvert;0.0;0.0;;0.0;;couvert;couvert;couvert;;;
2023-01-26;couvert;0.0;0.0;;0.0;;couvert;couvert;couvert;;;
2023-01-27;couvert;0.0;0.0;;0.0;;couvert;couvert;couvert;;;
2023-01-28;couvert;0.0;0.0;;0.0;;couvert;couvert;couvert;;;
2023-01-29;couvert;0.0;0.0;;0.0;;couvert;couvert;couvert;;;
2023-01-30;éclaircie;0.0;4.0;;4.0;;éclaircie;éclaircie;éclaircie;;;
2023-01-31;beau temps;0.0;8.0;;8.0;;beau temps;beau temps;beau temps;;;
2023-02-01;beau temps;0.0;10.0;;10.0;;beau temps;beau temps;beau temps;;;
2023-02-02;beau temps;0.0;12.0;;12.0;;beau temps;beau temps;beau temps;;;
2023-02-03;beau temps;0.0;12.0;;12.0;;beau temps;beau temps;beau temps;;;
2023-02-04;beau temps;0.0;10.0;;10.0;;beau temps;beau temps;beau temps;;;
2023-02-05;beau temps;0.0;10.0;;10.0;;beau temps;beau temps;beau temps;;;
2023-02-06;beau temps;0.0;12.0;;12.0;;beau temps;beau temps;beau temps;;;
2023-02-07;couvert/vent;0.0;8.0;;8.0;;couvert/vent;couvert/vent;couvert;vent;;
2023-02-08;beau/vent;0.0;8.0;;8.0;;beau/vent;beau/vent;beau;vent;;
2023-02-09;beau;0.0;10.0;;10.0;;beau;beau;beau;;;
2023-02-10;beau;0.0;14.0;;14.0;;beau;beau;beau;;;
2023-02-11;beau;0.0;14.0;;14.0;;beau;beau;beau;;;
2023-02-12;beau;0.0;14.0;;14.0;;beau;beau;beau;;;
2023-02-13;beau;0.0;15.0;;15.0;;beau;beau;beau;;;
2023-02-14;beau;0.0;15.0;;15.0;;beau;beau;beau;;;
2023-02-15;beau;0.0;16.0;;16.0;;beau;beau;beau;;;
2023-02-16;beau;0.0;16.0;;16.0;;beau;beau;beau;;;
2023-02-17;beau;0.0;16.0;;16.0;;beau;beau;beau;;;
2023-02-18;beau;0.0;18.0;;18.0;;beau;beau;beau;;;
2023-02-19;beau;0.0;18.0;;18.0;;beau;beau;beau;;;
2023-02-20;beau;0.0;20.0;;20.0;;beau;beau;beau;;;
2023-02-21;mitigé;0.0;15.0;;15.0;;mitigé;mitigé;mitigé;;;
2023-02-22;couvert;0.0;13.0;;13.0;;couvert;couvert;couvert;;;
2023-02-23;couvert;4.0;11.0;;11.0;;couvert;couvert;couvert;;;
2023-02-24;beau;2.5;12.0;;12.0;;beau;beau;beau;;;
2023-02-25;couvert;0.0;7.0;;7.0;;couvert;couvert;couvert;;;
2023-02-26;vent/froid/couvert;0.0;5.0;;5.0;;vent/froid/couvert;vent/froid/couvert;vent;froid;couvert;
2023-02-27;vent/neige/éclaircie;0.0;1.0;;1.0;;vent/neige/éclaircie;vent/neige/éclaircie;vent;neige;éclaircie;
2023-02-28;éclaircie/vent;0.0;2.0;;2.0;;éclaircie/vent;éclaircie/vent;éclaircie;vent;;
2023-03-01;beau;0.0;8.0;;8.0;;beau;beau;beau;;;
2023-03-02;couvert;0.0;7.0;;7.0;;couvert;couvert;couvert;;;
2023-03-03;couvert;0.0;7.0;;7.0;;couvert;couvert;couvert;;;
2023-03-04;éclaircie;1.5;10.0;;10.0;;éclaircie;éclaircie;éclaircie;;;
2023-03-05;éclaircie;0.0;10.0;;10.0;;éclaircie;éclaircie;éclaircie;;;
2023-03-06;beau;0.0;10.0;;10.0;;beau;beau;beau;;;
2023-03-07;éclaircie/averse;0.0;12.0;;12.0;;éclaircie/averse;éclaircie/averse;éclaircie;averse;;
2023-03-08;voilé;2.0;23.0;;23.0;;voilé;voilé;voilé;;;
2023-03-09;éclaircies;0.0;20.0;;20.0;;éclaircies;éclaircies;éclaircies;;;
2023-03-10;mitigé;0.5;18.0;;18.0;;mitigé;mitigé;mitigé;;;
2023-03-11;mitigé/vent violent;0.0;15.0;;15.0;;mitigé/vent violent;mitigé/vent violent;mitigé;vent violent;;
2023-03-12;vent/pluie;0.5;15.0;;15.0;;vent/pluie;vent/pluie;vent;pluie;;
2023-03-13;bruine puis très beau;4.0;23.0;;23.0;;bruine/très beau;bruine/très beau;bruine;très beau;;
2023-03-14;beau/orage/tempête;14.0;22.0;;22.0;;beau/orage/tempête;beau/orage/tempête;beau;orage;tempête;
2023-03-15;giboulées;2.0;12.0;;12.0;;giboulées;giboulées;giboulées;;;
2023-03-16;pluie/éclaircie;5.0;15.0;;15.0;;pluie/éclaircie;pluie/éclaircie;pluie;éclaircie;;
2023-03-17;beau/vent;0.0;19.0;;19.0;;beau/vent;beau/vent;beau;vent;;
2023-03-18;couvert/beau/vent;0.0;18.0;;18.0;;couvert/beau/vent;couvert/beau/vent;couvert;beau;vent;
2023-03-19;beau/pluie;7.0;16.0;;16.0;;beau/pluie;beau/pluie;beau;pluie;;
2023-03-20;giboulées;1.5;16.0;;16.0;;giboulées;giboulées;giboulées;;;
2023-03-21;beau;0.0;17.0;;17.0;;beau;beau;beau;;;
2023-03-22;beau;0.0;19.0;;19.0;;beau;beau;beau;;;
2023-03-23;beau;0.0;22.0;;22.0;;beau;beau;beau;;;
2023-03-24;beau;0.0;22.0;;22.0;;beau;beau;beau;;;
2023-03-25;beau puis bruine;1.0;17.0;;17.0;;beau/bruine;beau/bruine;beau;bruine;;
2023-03-26;beau;0.0;19.0;;19.0;;beau;beau;beau;;;
2023-03-27;pluie/éclaircie/vent;8.0;9.0;;9.0;;pluie/éclaircie/vent;pluie/éclaircie/vent;pluie;éclaircie;vent;
2023-03-28;giboulées;5.0;10.0;;10.0;;giboulées;giboulées;giboulées;;;
2023-03-29;beau;0.0;16.0;;16.0;;beau;beau;beau;;;
2023-03-30;beau;0.0;22.0;;22.0;;beau;beau;beau;;;
2023-03-31;beau;0.0;20.0;;20.0;;beau;beau;beau;;;
2023-04-01;couvert/qq gouttes;0.0;12.0;;12.0;;couvert/qq gouttes;couvert/qq gouttes;couvert;qq gouttes;;
2023-04-02;couvert/vent/pluie;3.0;12.0;;12.0;;couvert/vent/pluie;couvert/vent/pluie;couvert;vent;pluie;
2023-04-03;pluie;15.0;9.0;;9.0;;pluie;pluie;pluie;;;
2023-04-04;pluie/éclaircie;3.0;9.0;;9.0;;pluie/éclaircie;pluie/éclaircie;pluie;éclaircie;;
2023-04-05;beau;0.0;15.0;;15.0;;beau;beau;beau;;;
2023-04-06;beau;0.0;17.0;;17.0;;beau;beau;beau;;;
2023-04-07;beau;0.0;13.0;;13.0;;beau;beau;beau;;;
2023-04-08;beau;0.0;18.0;;18.0;;beau;beau;beau;;;
2023-04-09;beau;0.0;20.0;;20.0;;beau;beau;beau;;;
2023-04-10;beau;0.0;24.0;;24.0;;beau;beau;beau;;;
2023-04-11;beau;0.0;19.0;;19.0;;beau;beau;beau;;;
2023-04-12;beau;0.0;16.0;;16.0;;beau;beau;beau;;;
2023-04-13;beau/pluie;5.0;17.0;;17.0;;beau/pluie;beau/pluie;beau;pluie;;
2023-04-14;giboulées;4.0;8.0;;8.0;;giboulées;giboulées;giboulées;;;
2023-04-15;giboulées;3.0;11.0;;11.0;;giboulées;giboulées;giboulées;;;
2023-04-16;giboulées/éclaircies;1.0;13.0;;13.0;;giboulées/éclaircies;giboulées/éclaircies;giboulées;éclaircies;;
2023-04-17;beau;0.0;16.0;;16.0;;beau;beau;beau;;;
2023-04-18;beau;0.0;16.0;;16.0;;beau;beau;beau;;;
2023-04-19;beau;0.0;17.0;;17.0;;beau;beau;beau;;;
2023-04-20;beau;0.0;22.0;;22.0;;beau;beau;beau;;;
2023-04-21;beau;0.0;22.0;;22.0;;beau;beau;beau;;;
2023-04-22;beau;0.0;22.0;;22.0;;beau;beau;beau;;;
2023-04-23;couvert/bruine;0.0;13.0;;13.0;;couvert/bruine;couvert/bruine;couvert;bruine;;
2023-04-24;beau/pluie;7.0;19.0;;19.0;;beau/pluie;beau/pluie;beau;pluie;;
2023-04-25;beau;0.0;17.0;;17.0;;beau;beau;beau;;;
2023-04-26;pluie;17.0;15.0;;15.0;;pluie;pluie;pluie;;;
2023-04-27;couvert;2.0;18.0;;18.0;;couvert;couvert;couvert;;;
2023-04-28;voilé/beau;0.0;23.0;;23.0;;voilé/beau;voilé/beau;voilé;beau;;
2023-04-29;voilé;0.0;24.0;;24.0;;voilé;voilé;voilé;;;
2023-04-30;couvert/pluie;0.0;17.0;;17.0;;couvert/pluie;couvert/pluie;couvert;pluie;;
2023-05-01;giboulées;36.0;18.0;;18.0;;giboulées;giboulées;giboulées;;;
2023-05-02;giboulées/éclaircies;2.0;18.0;;18.0;;giboulées/éclaircies;giboulées/éclaircies;giboulées;éclaircies;;
2023-05-03;beau;0.0;20.0;;20.0;;beau;beau;beau;;;
2023-05-04;beau;0.0;25.0;;25.0;;beau;beau;beau;;;
2023-05-05;beau;0.0;25.0;;25.0;;beau;beau;beau;;;
2023-05-06;beau;0.0;23.0;;23.0;;beau;beau;beau;;;
2023-05-07;beau/orage;0.0;24.0;;24.0;;beau/orage;beau/orage;beau;orage;;
2023-05-08;averses;8.0;17.0;;17.0;;averses;averses;averses;;;
2023-05-09;beau;0.0;22.0;;22.0;;beau;beau;beau;;;
2023-05-10;couvert/pluie;15.0;15.0;;15.0;;couvert/pluie;couvert/pluie;couvert;pluie;;
2023-05-11;pluie/giboulées;2.0;16.0;;16.0;;pluie/giboulées;pluie/giboulées;pluie;giboulées;;
2023-05-12;éclaircies;0.0;15.0;;15.0;;éclaircies;éclaircies;éclaircies;;;
2023-05-13;pluie/éclaircies;6.0;17.0;;17.0;;pluie/éclaircies;pluie/éclaircies;pluie;éclaircies;;
2023-05-14;giboulées;15.0;13.0;;13.0;;giboulées;giboulées;giboulées;;;
2023-05-15;averses, éclaircies;10.0;15.0;;15.0;;averses/éclaircies;averses/éclaircies;averses;éclaircies;;
2023-05-16;averses;6.0;11.0;;11.0;;averses;averses;averses;;;
2023-05-17;pluie/éclaircie;2.0;13.0;;13.0;;pluie/éclaircie;pluie/éclaircie;pluie;éclaircie;;
2023-05-18;beau;0.0;18.0;;18.0;;beau;beau;beau;;;
2023-05-19;couvert;0.0;14.0;;14.0;;couvert;couvert;couvert;;;
2023-05-20;pluie/couvert;4.0;10.0;;10.0;;pluie/couvert;pluie/couvert;pluie;couvert;;
2023-05-21;éclaircies/beau;0.0;15.0;;15.0;;éclaircies/beau;éclaircies/beau;éclaircies;beau;;
2023-05-22;couvert/beau;0.0;16.0;;16.0;;couvert/beau;couvert/beau;couvert;beau;;
2023-05-23;pluie/éclaircies;4.0;18.0;;18.0;;pluie/éclaircies;pluie/éclaircies;pluie;éclaircies;;
2023-05-24;temps lourd/orages;6.0;22.0;;22.0;;temps lourd/orages;temps lourd/orages;temps lourd;orages;;
2023-05-25;lourd/orages;25.0;20.0;;20.0;;lourd/orages;lourd/orages;lourd;orages;;
2023-05-26;couvert/pluie;6.0;17.0;;17.0;;couvert/pluie;couvert/pluie;couvert;pluie;;
2023-05-27;beau;0.0;23.0;;23.0;;beau;beau;beau;;;
2023-05-28;beau;0.0;27.0;;27.0;;beau;beau;beau;;;
2023-05-29;beau;0.0;27.0;;27.0;;beau;beau;beau;;;
2023-05-30;beau/orage fort;24.0;27.0;;27.0;;beau/orage fort;beau/orage fort;beau;orage fort;;
2023-05-31;éclaircies;0.0;26.0;;26.0;;éclaircies;éclaircies;éclaircies;;;
2023-06-01;beau/pluie;5.0;24.0;;24.0;;beau/pluie;beau/pluie;beau;pluie;;
2023-06-02;pluie/éclaircies;1.0;22.0;;22.0;;pluie/éclaircies;pluie/éclaircies;pluie;éclaircies;;
2023-06-03;beau;0.0;23.0;;23.0;;beau;beau;beau;;;
2023-06-04;beau/orage;2.0;25.0;;25.0;;beau/orage;beau/orage;beau;orage;;
2023-06-05;beau;0.0;26.0;;26.0;;beau;beau;beau;;;
2023-06-06;beau/pluie;5.0;25.0;;25.0;;beau/pluie;beau/pluie;beau;pluie;;
2023-06-07;beau;0.0;26.0;;26.0;;beau;beau;beau;;;
2023-06-08;beau;0.0;27.0;;27.0;;beau;beau;beau;;;
2023-06-09;beau/orageux;0.0;27.0;;27.0;;beau/orageux;beau/orageux;beau;orageux;;
2023-06-10;couvert/orage;3.0;26.0;;26.0;;couvert/orage;couvert/orage;couvert;orage;;
2023-06-11;beau/orageux;0.0;27.0;;27.0;;beau/orageux;beau/orageux;beau;orageux;;
2023-06-12;beau/orage;1.0;25.0;;25.0;;beau/orage;beau/orage;beau;orage;;
2023-06-13;couvert/orage;31.0;27.0;;27.0;;couvert/orage;couvert/orage;couvert;orage;;
2023-06-14;beau/orage;23.0;24.0;;24.0;;beau/orage;beau/orage;beau;orage;;
2023-06-15;pluie/éclaircie;3.0;21.0;;21.0;;pluie/éclaircie;pluie/éclaircie;pluie;éclaircie;;
2023-06-16;couvert/beau;0.0;25.0;;25.0;;couvert/beau;couvert/beau;couvert;beau;;
2023-06-17;beau;0.0;26.0;;26.0;;beau;beau;beau;;;
2023-06-18;beau/orage;11.0;30.0;;30.0;;beau/orage;beau/orage;beau;orage;;
2023-06-19;mitigé/;0.0;27.0;;27.0;;mitigé/;mitigé/;mitigé;;;
2023-06-20;couvert/beau;0.0;22.0;;22.0;;couvert/beau;couvert/beau;couvert;beau;;
2023-06-21;lourd;0.0;25.0;;25.0;;lourd;lourd;lourd;;;
2023-06-22;orage;7.0;20.0;;20.0;;orage;orage;orage;;;
2023-06-23;pluie/éclaircies;6.0;23.0;;23.0;;pluie/éclaircies;pluie/éclaircies;pluie;éclaircies;;
2023-06-24;beau;0.0;28.0;;28.0;;beau;beau;beau;;;
2023-06-25;beau;0.0;28.0;;28.0;;beau;beau;beau;;;
2023-06-26;beau;0.0;32.0;;32.0;;beau;beau;beau;;;
2023-06-27;couvert;0.0;21.0;;21.0;;couvert;couvert;couvert;;;
2023-06-28;nuageux;0.0;27.0;;27.0;;nuageux;nuageux;nuageux;;;
2023-06-29;beau;0.0;26.0;;26.0;;beau;beau;beau;;;
2023-06-30;nuageux/orage;13.0;24.0;;24.0;;nuageux/orage;nuageux/orage;nuageux;orage;;
2023-07-01;pluie/couvert/vent;3.0;19.0;;19.0;;pluie/couvert/vent;pluie/couvert/vent;pluie;couvert;vent;
2023-07-02;couvert/vent;0.0;22.0;;22.0;;couvert/vent;couvert/vent;couvert;vent;;
2023-07-03;éclaircies;0.0;25.0;;25.0;;éclaircies;éclaircies;éclaircies;;;
2023-07-04;couvert/éclaircies;0.0;27.0;;27.0;;couvert/éclaircies;couvert/éclaircies;couvert;éclaircies;;
2023-07-05;lourd/orages;1.0;26.0;;26.0;;lourd/orages;lourd/orages;lourd;orages;;
2023-07-06;éclaircies;0.0;27.0;;27.0;;éclaircies;éclaircies;éclaircies;;;
2023-07-07;beau/lourd/orageux;0.0;27.0;;27.0;;beau/lourd/orageux;beau/lourd/orageux;beau;lourd;orageux;
2023-07-08;beau/orages;6.0;33.0;;33.0;;beau/orages;beau/orages;beau;orages;;
2023-07-09;beau;0.0;32.0;;32.0;;beau;beau;beau;;;
2023-07-10;couvert/lourd;0.0;28.0;;28.0;;couvert/lourd;couvert/lourd;couvert;lourd;;
2023-07-11;beau;0.0;31.0;;31.0;;beau;beau;beau;;;
2023-07-12;beau/orageux;1.0;28.0;;28.0;;beau/orageux;beau/orageux;beau;orageux;;
2023-07-13;pluie/couvert;1.0;21.0;;21.0;;pluie/couvert;pluie/couvert;pluie;couvert;;
2023-07-14;bruine/couvert;0.0;23.0;;23.0;;bruine/couvert;bruine/couvert;bruine;couvert;;
2023-07-15;beau;0.0;31.0;;31.0;;beau;beau;beau;;;
2023-07-16;beau/averses;3.0;30.0;;30.0;;beau/averses;beau/averses;beau;averses;;
2023-07-17;mitigé/beau;0.0;27.0;;27.0;;mitigé/beau;mitigé/beau;mitigé;beau;;
2023-07-18;beau;0.0;27.0;;27.0;;beau;beau;beau;;;
2023-07-19;beau;0.0;33.0;;33.0;;beau;beau;beau;;;
2023-07-20;orage/couvert;2.0;24.0;;24.0;;orage/couvert;orage/couvert;orage;couvert;;
2023-07-21;beau;0.0;27.0;;27.0;;beau;beau;beau;;;
2023-07-22;couvert/bruine;0.0;19.0;;19.0;;couvert/bruine;couvert/bruine;couvert;bruine;;
2023-07-23;soleil et qq nuages;0.0;29.0;;29.0;;soleil/qq nuages;soleil/qq nuages;soleil;qq nuages;;
2023-07-24;beau;0.0;30.0;;30.0;;beau;beau;beau;;;
2023-07-25;couvert/pluie;3.0;21.0;;21.0;;couvert/pluie;couvert/pluie;couvert;pluie;;
2023-07-26;pluie/couvert/vent;3.0;15.0;;15.0;;pluie/couvert/vent;pluie/couvert/vent;pluie;couvert;vent;
2023-07-27;beau;0.0;28.0;;28.0;;beau;beau;beau;;;
2023-07-28;beau/orages;16.0;30.0;;30.0;;beau/orages;beau/orages;beau;orages;;
2023-07-29;beau;0.0;29.0;;29.0;;beau;beau;beau;;;
2023-07-30;beau/orage;0.0;31.0;;31.0;;beau/orage;beau/orage;beau;orage;;
2023-07-31;pluie/couvert;12.0;22.0;;22.0;;pluie/couvert;pluie/couvert;pluie;couvert;;
2023-08-01;beau;0.0;27.0;;27.0;;beau;beau;beau;;;
2023-08-02;couvert/vent;0.0;24.0;;24.0;;couvert/vent;couvert/vent;couvert;vent;;
2023-08-03;beau/couvert/pluie;3.0;28.0;;28.0;;beau/couvert/pluie;beau/couvert/pluie;beau;couvert;pluie;
2023-08-04;bruine/éclaircies;0.0;17.0;;17.0;;bruine/éclaircies;bruine/éclaircies;bruine;éclaircies;;
2023-08-05;giboulées;13.0;18.0;;18.0;;giboulées;giboulées;giboulées;;;
2023-08-06;éclaircies;0.0;22.0;;22.0;;éclaircies;éclaircies;éclaircies;;;
2023-08-07;bruine/éclaircies/vent;1.0;23.0;;23.0;;bruine/éclaircies/vent;bruine/éclaircies/vent;bruine;éclaircies;vent;
2023-08-08;beau;0.0;23.0;;23.0;;beau;beau;beau;;;
2023-08-09;beau;0.0;28.0;;28.0;;beau;beau;beau;;;
2023-08-10;beau;0.0;30.0;;30.0;;beau;beau;beau;;;
2023-08-11;beau;0.0;30.0;;30.0;;beau;beau;beau;;;
2023-08-12;brumeux/beau;0.0;33.0;;33.0;;brumeux/beau;brumeux/beau;brumeux;beau;;
2023-08-13;beau;0.0;32.0;;32.0;;beau;beau;beau;;;
2023-08-14;voilé;0.0;30.0;;30.0;;voilé;voilé;voilé;;;
2023-08-15;beau/vent;0.0;32.0;;32.0;;beau/vent;beau/vent;beau;vent;;
2023-08-16;pluie fine/couvert;0.5;26.0;;26.0;;pluie fine/couvert;pluie fine/couvert;pluie fine;couvert;;
2023-08-17;couvert;0.0;25.0;;25.0;;couvert;couvert;couvert;;;
2023-08-18;bruine le matin;0.0;32.0;;32.0;;bruine/mitigé;bruine/mitigé;bruine;mitigé;;
2023-08-19;voilé/vent;0.0;32.0;;32.0;;voilé/vent;voilé/vent;voilé;vent;;
2023-08-20;vigilance canicule;0.0;34.0;;34.0;;vigilance canicule;vigilance canicule;vigilance canicule;;;
2023-08-21;canicule;0.0;37.0;;37.0;;canicule;canicule;canicule;;;
2023-08-22;canicule;0.0;34.0;;34.0;;canicule;canicule;canicule;;;
2023-08-23;canicule;0.0;36.0;;36.0;;canicule;canicule;canicule;;;
2023-08-24;canicule;0.0;40.0;;40.0;;canicule;canicule;canicule;;;
2023-08-25;canicule;0.0;40.5;;40.5;;canicule;canicule;canicule;;;
2023-08-26;pluie/couvert;3.0;23.0;;23.0;;pluie/couvert;pluie/couvert;pluie;couvert;;
2023-08-27;pluie;8.0;19.0;;19.0;;pluie;pluie;pluie;;;
2023-08-28;pluie/éclaircies;37.0;16.0;;16.0;;pluie/éclaircies;pluie/éclaircies;pluie;éclaircies;;
2023-08-29;pluie/éclaircies;5.0;17.0;;17.0;;pluie/éclaircies;pluie/éclaircies;pluie;éclaircies;;
2023-08-30;éclaircies/vent;0.0;20.0;;20.0;;éclaircies/vent;éclaircies/vent;éclaircies;vent;;
2023-08-31;éclaircies/averses;1.0;22.0;;22.0;;éclaircies/averses;éclaircies/averses;éclaircies;averses;;
2023-09-01;beau;0.0;28.0;;28.0;;beau;beau;beau;;;
2023-09-02;beau;0.0;31.0;;31.0;;beau;beau;beau;;;
2023-09-03;couvert;0.0;22.0;;22.0;;couvert;couvert;couvert;;;
2023-09-04;beau/voilé;0.0;26.0;;26.0;;beau/voilé;beau/voilé;beau;voilé;;
2023-09-05;voilé/vent;0.0;28.0;;28.0;;voilé/vent;voilé/vent;voilé;vent;;
2023-09-06;voilé;0.0;29.0;;29.0;;voilé;voilé;voilé;;;
2023-09-07;voilé;0.0;27.0;;27.0;;voilé;voilé;voilé;;;
2023-09-08;beau;0.0;30.0;;30.0;;beau;beau;beau;;;
2023-09-09;beau;0.0;29.0;;29.0;;beau;beau;beau;;;
2023-09-10;beau;0.0;30.0;;30.0;;beau;beau;beau;;;
2023-09-11;beau;0.0;30.0;;30.0;;beau;beau;beau;;;
2023-09-12;couvert/éclaircies;0.0;30.0;;30.0;;couvert/éclaircies;couvert/éclaircies;couvert;éclaircies;;
2023-09-13;mitigé/orages;22.0;24.0;;24.0;;mitigé/orages;mitigé/orages;mitigé;orages;;
2023-09-14;éclaircies;0.0;25.0;;25.0;;éclaircies;éclaircies;éclaircies;;;
2023-09-15;beau;0.0;28.0;;28.0;;beau;beau;beau;;;
2023-09-16;beau/orageux/pluie;3.0;28.0;;28.0;;beau/orageux/pluie;beau/orageux/pluie;beau;orageux;pluie;
2023-09-17;beau;0.0;28.0;;28.0;;beau;beau;beau;;;
2023-09-18;beau/orages;3.0;25.0;;25.0;;beau/orages;beau/orages;beau;orages;;
2023-09-19;beau/orages;6.0;26.0;;26.0;;beau/orages;beau/orages;beau;orages;;
2023-09-20;beau;0.0;25.0;;25.0;;beau;beau;beau;;;
2023-09-21;couvert/beau;0.0;27.0;;27.0;;couvert/beau;couvert/beau;couvert;beau;;
2023-09-22;couvert/pluie;9.0;20.0;;20.0;;couvert/pluie;couvert/pluie;couvert;pluie;;
2023-09-23;éclaircies/vent;0.0;20.0;;20.0;;éclaircies/vent;éclaircies/vent;éclaircies;vent;;
2023-09-24;éclaircies;0.0;23.0;;23.0;;éclaircies;éclaircies;éclaircies;;;
2023-09-25;beau;0.0;24.0;;24.0;;beau;beau;beau;;;
2023-09-26;beau;0.0;27.0;;27.0;;beau;beau;beau;;;
2023-09-27;beau;0.0;28.0;;28.0;;beau;beau;beau;;;
2023-09-28;beau;0.0;30.0;;30.0;;beau;beau;beau;;;
2023-09-29;beau;0.0;31.0;;31.0;;beau;beau;beau;;;
2023-09-30;beau;0.0;30.0;;30.0;;beau;beau;beau;;;
2023-10-01;beau;0.0;30.0;;30.0;;beau;beau;beau;;;
2023-10-02;beau;0.0;32.0;;32.0;;beau;beau;beau;;;
2023-10-03;beau/vent;0.0;31.0;;31.0;;beau/vent;beau/vent;beau;vent;;
2023-10-04;couvert;0.0;22.0;;22.0;;couvert;couvert;couvert;;;
2023-10-05;nuageux;0.0;28.0;;28.0;;nuageux;nuageux;nuageux;;;
2023-10-06;beau;0.0;28.0;;28.0;;beau;beau;beau;;;
2023-10-07;beau;0.0;28.0;;28.0;;beau;beau;beau;;;
2023-10-08;beau;0.0;30.0;;30.0;;beau;beau;beau;;;
2023-10-09;beau;0.0;29.0;;29.0;;beau;beau;beau;;;
2023-10-10;beau;0.0;29.0;;29.0;;beau;beau;beau;;;
2023-10-11;beau;0.0;30.0;;30.0;;beau;beau;beau;;;
2023-10-12;beau;0.0;31.0;;31.0;;beau;beau;beau;;;
2023-10-13;beau;0.0;30.0;;30.0;;beau;beau;beau;;;
2023-10-14;beau;0.0;29.0;;29.0;;beau;beau;beau;;;
2023-10-15;couvert/pluie;5.0;24.0;;24.0;;couvert/pluie;couvert/pluie;couvert;pluie;;
2023-10-16;éclaircies;0.0;19.0;;19.0;;éclaircies;éclaircies;éclaircies;;;
2023-10-17;éclaircies;0.0;19.0;;19.0;;éclaircies;éclaircies;éclaircies;;;
2023-10-18;beau/vent;0.0;26.0;;26.0;;beau/vent;beau/vent;beau;vent;;
2023-10-19;couvert/pluie;3.0;26.0;;26.0;;couvert/pluie;couvert/pluie;couvert;pluie;;
2023-10-20;couvert/pluie;13.0;25.0;;25.0;;couvert/pluie;couvert/pluie;couvert;pluie;;
2023-10-21;éclaircies/pluie;3.0;20.0;;20.0;;éclaircies/pluie;éclaircies/pluie;éclaircies;pluie;;
2023-10-22;beau;0.0;19.0;;19.0;;beau;beau;beau;;;
2023-10-23;maussade;0.0;15.0;;15.0;;maussade;maussade;maussade;;;
2023-10-24;éclaircies;0.0;20.0;;20.0;;éclaircies;éclaircies;éclaircies;;;
2023-10-25;pluie/éclaircies;0.0;20.0;;20.0;;pluie/éclaircies;pluie/éclaircies;pluie;éclaircies;;
2023-10-26;couvert/pluie;1.0;18.0;;18.0;;couvert/pluie;couvert/pluie;couvert;pluie;;
2023-10-27;couvert/pluie;8.0;15.0;;15.0;;couvert/pluie;couvert/pluie;couvert;pluie;;
2023-10-28;beau;0.0;18.0;;18.0;;beau;beau;beau;;;
2023-10-29;beau;0.0;19.0;;19.0;;beau;beau;beau;;;
2023-10-30;couvert;0.0;17.0;;17.0;;couvert;couvert;couvert;;;
2023-10-31;couvert/pluie;9.0;15.0;;15.0;;couvert/pluie;couvert/pluie;couvert;pluie;;
2023-11-01;beau;0.0;19.0;;19.0;;beau;beau;beau;;;
2023-11-02;éclaircies/pluie;5.0;19.0;;19.0;;éclaircies/pluie;éclaircies/pluie;éclaircies;pluie;;
2023-11-03;pluie;17.0;13.0;;13.0;;pluie;pluie;pluie;;;
2023-11-04;pluie;5.0;10.0;;10.0;;pluie;pluie;pluie;;;
2023-11-05;pluie/éclaircies;6.0;13.0;;13.0;;pluie/éclaircies;pluie/éclaircies;pluie;éclaircies;;
2023-11-06;beau;0.0;19.0;;19.0;;beau;beau;beau;;;
2023-11-07;averses/pluie;8.0;12.0;;12.0;;averses/pluie;averses/pluie;averses;pluie;;
2023-11-08;beau;0.0;17.0;;17.0;;beau;beau;beau;;;
2023-11-09;beau;0.0;19.0;;19.0;;beau;beau;beau;;;
2023-11-10;pluie/beau;6.0;13.0;;13.0;;pluie/beau;pluie/beau;pluie;beau;;
2023-11-11;pluie/éclaircies;7.0;11.0;;11.0;;pluie/éclaircies;pluie/éclaircies;pluie;éclaircies;;
2023-11-12;pluie;0.0;12.0;;12.0;;pluie;pluie;pluie;;;
2023-11-13;couvert/éclaircies;0.0;17.0;;17.0;;couvert/éclaircies;couvert/éclaircies;couvert;éclaircies;;
2023-11-14;beau;0.0;24.0;;24.0;;beau;beau;beau;;;
2023-11-15;beau/pluie;5.0;24.0;;24.0;;beau/pluie;beau/pluie;beau;pluie;;
2023-11-16;pluie/éclaircies;5.0;16.0;;16.0;;pluie/éclaircies;pluie/éclaircies;pluie;éclaircies;;
2023-11-17;couvert/pluie;2.0;16.0;;16.0;;couvert/pluie;couvert/pluie;couvert;pluie;;
2023-11-18;éclaircies;0.0;15.0;;15.0;;éclaircies;éclaircies;éclaircies;;;
2023-11-19;beau;0.0;20.0;;20.0;;beau;beau;beau;;;
2023-11-20;beau;0.0;21.0;;21.0;;beau;beau;beau;;;
2023-11-21;couvert/pluie;9.0;14.0;;14.0;;couvert/pluie;couvert/pluie;couvert;pluie;;
2023-11-22;pluie;10.0;9.0;;9.0;;pluie;pluie;pluie;;;
2023-11-23;pluie/éclaircies/vent;3.0;9.0;;9.0;;pluie/éclaircies/vent;pluie/éclaircies/vent;pluie;éclaircies;vent;
2023-11-24;beau/vent;0.0;11.0;;11.0;;beau/vent;beau/vent;beau;vent;;
2023-11-25;gris/vent;0.0;7.0;;7.0;;gris/vent;gris/vent;gris;vent;;
2023-11-26;gris ;0.0;9.0;;9.0;;gris ;gris;gris;;;
2023-11-27;beau;0.0;12.0;;12.0;;beau;beau;beau;;;
2023-11-28;éclaircies/pluie/vent;27.0;13.0;;13.0;;éclaircies/pluie/vent;éclaircies/pluie/vent;éclaircies;pluie;vent;
2023-11-29;éclaircies;0.0;9.0;;9.0;;éclaircies;éclaircies;éclaircies;;;
2023-11-30;éclaircies;0.0;16.0;;16.0;;éclaircies;éclaircies;éclaircies;;;
2023-12-01;bruine/pluie;6.0;11.0;;11.0;;bruine/pluie;bruine/pluie;bruine;pluie;;
2023-12-02;pluie;14.0;8.0;;8.0;;pluie;pluie;pluie;;;
2023-12-03;pluie/éclaircies;2.0;6.0;;6.0;;pluie/éclaircies;pluie/éclaircies;pluie;éclaircies;;
2023-12-04;beau;0.0;11.0;;11.0;;beau;beau;beau;;;
2023-12-05;éclaircies/pluie;0.5;12.0;;12.0;;éclaircies/pluie;éclaircies/pluie;éclaircies;pluie;;
2023-12-06;éclaircies/vent;0.0;9.0;;9.0;;éclaircies/vent;éclaircies/vent;éclaircies;vent;;
2023-12-07;beau;0.0;10.0;;10.0;;beau;beau;beau;;;
2023-12-08;beau;0.0;14.0;;14.0;;beau;beau;beau;;;
2023-12-09;pluie/vent;18.0;9.0;;9.0;;pluie/vent;pluie/vent;pluie;vent;;
2023-12-10;pluie/éclaircies;1.0;14.0;;14.0;;pluie/éclaircies;pluie/éclaircies;pluie;éclaircies;;
2023-12-11;beau/couvert;0.0;18.0;;18.0;;beau/couvert;beau/couvert;beau;couvert;;
2023-12-12;beau;0.0;19.0;;19.0;;beau;beau;beau;;;
2023-12-13;voilé/pluie;3.0;16.0;;16.0;;voilé/pluie;voilé/pluie;voilé;pluie;;
2023-12-14;averses/pluie/vent;20.0;10.0;;10.0;;averses/pluie/vent;averses/pluie/vent;averses;pluie;vent;
2023-12-15;averses/éclaircies/vent;1.0;10.0;;10.0;;averses/éclaircies/vent;averses/éclaircies/vent;averses;éclaircies;vent;
2023-12-16;bruine;1.0;9.0;;9.0;;bruine;bruine;bruine;;;
2023-12-17;beau;0.0;13.0;;13.0;;beau;beau;beau;;;
2023-12-18;beau;0.0;15.0;;15.0;;beau;beau;beau;;;
2023-12-19;beau;0.0;16.0;;16.0;;beau;beau;beau;;;
2023-12-20;gris;0.0;4.0;;4.0;;gris;gris;gris;;;
2023-12-21;pluie/éclaircies/vent;11.0;8.0;;8.0;;pluie/éclaircies/vent;pluie/éclaircies/vent;pluie;éclaircies;vent;
2023-12-22;vent/bruine;0.0;11.0;;11.0;;vent/bruine;vent/bruine;vent;bruine;;
2023-12-23;gris/vent/éclaircies/pluie;1.0;12.0;;12.0;;gris/vent/éclaircies/pluie;gris/vent/éclaircies/pluie;gris;vent;éclaircies;pluie
2023-12-24;éclaircies;0.0;12.0;;12.0;;éclaircies;éclaircies;éclaircies;;;
2023-12-25;beau;0.0;13.0;;13.0;;beau;beau;beau;;;
2023-12-26;beau;0.0;12.0;;12.0;;beau;beau;beau;;;
2023-12-27;beau;0.0;15.0;;15.0;;beau;beau;beau;;;
2023-12-28;beau;0.0;17.0;;17.0;;beau;beau;beau;;;
2023-12-29;gris;0.0;10.0;;10.0;;gris;gris;gris;;;
2023-12-30;gris/éclaircies;0.0;9.0;;9.0;;gris/éclaircies;gris/éclaircies;gris;éclaircies;;
2023-12-31;beau;0.0;17.0;;17.0;;beau;beau;beau;;;
2024-01-01;beau;0.0;15.0;0.38;15.0;0.38;beau;beau;beau;;;
2024-01-02;éclaircies;0.0;13.0;0.44;13.0;0.44;éclaircies;éclaircies;éclaircies;;;
2024-01-03;gris/pluie;1.0;12.0;0.61;12.0;0.61;gris/pluie;gris/pluie;gris;pluie;;
2024-01-04;beau;0.0;14.0;0.42;14.0;0.42;beau;beau;beau;;;
2024-01-05;pluie;12.0;6.0;0.78;6.0;0.78;pluie;pluie;pluie;;;
2024-01-06;pluie;10.0;5.0;0.82;5.0;0.82;pluie;pluie;pluie;;;
2024-01-07;gris;0.0;3.0;0.6;3.0;0.6;gris;gris;gris;;;
2024-01-08;gris;0.0;4.0;0.59;4.0;0.59;gris;gris;gris;;;
2024-01-09;beau;0.0;4.0;0.58;4.0;0.58;beau;beau;beau;;;
2024-01-10;gris;0.0;3.0;0.71;3.0;0.71;gris;gris;gris;;;
2024-01-11;pluie/neige/éclaircies;4.0;4.0;0.7;4.0;0.7;pluie/neige/éclaircies;pluie/neige/éclaircies;pluie;neige;éclaircies;
2024-01-12;beau;0.0;6.0;0.53;6.0;0.53;beau;beau;beau;;;
2024-01-13;beau;0.0;11.0;0.47;11.0;0.47;beau;beau;beau;;;
2024-01-14;voilé/pluie;6.0;15.0;0.45;15.0;0.45;voilé/pluie;voilé/pluie;voilé;pluie;;
2024-01-15;pluie;10.0;12.0;0.85;12.0;0.85;pluie;pluie;pluie;;;
2024-01-16;voilé;0.0;15.0;0.53;15.0;0.53;voilé;voilé;voilé;;;
2024-01-17;gris;0.0;10.0;0.76;10.0;0.76;gris;gris;gris;;;
2024-01-18;beau/couvert/pluie;2.0;19.0;0.34;19.0;0.34;beau/couvert/pluie;beau/couvert/pluie;beau;couvert;pluie;
2024-01-19;gris;0.0;3.0;0.64;3.0;0.64;gris;gris;gris;;;
2024-01-20;beau;0.0;8.0;0.38;8.0;0.38;beau;beau;beau;;;
2024-01-21;beau;0.0;15.0;0.31;15.0;0.31;beau;beau;beau;;;
2024-01-22;voilé/pluie;2.0;11.0;0.41;11.0;0.41;voilé/pluie;voilé/pluie;voilé;pluie;;
2024-01-23;éclaircies;0.0;13.0;0.45;13.0;0.45;éclaircies;éclaircies;éclaircies;;;
2024-01-24;voilé;0.0;15.0;0.51;15.0;0.51;voilé;voilé;voilé;;;
2024-01-25;beau;0.0;18.0;0.42;18.0;0.42;beau;beau;beau;;;
2024-01-26;voilé;0.0;13.0;0.53;13.0;0.53;voilé;voilé;voilé;;;
2024-01-27;beau;0.0;15.0;0.47;15.0;0.47;beau;beau;beau;;;
2024-01-28;beau/vent;0.0;16.0;0.45;16.0;0.45;beau/vent;beau/vent;beau;vent;;
2024-01-29;beau/vent;0.0;16.0;0.44;16.0;0.44;beau/vent;beau/vent;beau;vent;;
2024-01-30;beau/vent;0.0;17.0;0.4;17.0;0.4;beau/vent;beau/vent;beau;vent;;
2024-01-31;voilé;0.0;16.0;0.37;16.0;0.37;voilé;voilé;voilé;;;
2024-02-01;très voilé;0.0;14.0;0.53;14.0;0.53;très voilé;très voilé;très voilé;;;
2024-02-02;éclaircies/gris;0.0;12.0;0.55;12.0;0.55;éclaircies/gris;éclaircies/gris;éclaircies;gris;;
2024-02-03;brouillard/beau;0.0;16.0;0.49;16.0;0.49;brouillard/beau;brouillard/beau;brouillard;beau;;
2024-02-04;brouillard/beau;0.0;16.0;0.54;16.0;0.54;brouillard/beau;brouillard/beau;brouillard;beau;;
2024-02-05;brouillard/beau/voilé;0.0;14.0;0.47;14.0;0.47;brouillard/beau/voilé;brouillard/beau/voilé;brouillard;beau;voilé;
2024-02-06;bruine/gris/éclaircies;1.0;8.0;0.58;8.0;0.58;bruine/gris/éclaircies;bruine/gris/éclaircies;bruine;gris;éclaircies;
2024-02-07;beau/pluie;1.0;17.0;0.32;17.0;0.32;beau/pluie;beau/pluie;beau;pluie;;
2024-02-08;beau/vent chaud;0.0;20.0;0.33;20.0;0.33;beau/vent chaud;beau/vent chaud;beau;vent chaud;;
2024-02-09;gris/éclaircies;0.0;12.0;0.61;12.0;0.61;gris/éclaircies;gris/éclaircies;gris;éclaircies;;
2024-02-10;pluie/vent;15.0;7.0;0.79;7.0;0.79;pluie/vent;pluie/vent;pluie;vent;;
2024-02-11;éclaircies/vent;0.0;10.0;0.55;10.0;0.55;éclaircies/vent;éclaircies/vent;éclaircies;vent;;
2024-02-12;éclaircies/tempête/pluie;2.0;10.0;0.7;10.0;0.7;éclaircies/tempête/pluie;éclaircies/tempête/pluie;éclaircies;tempête;pluie;
2024-02-13;beau;0.0;18.0;0.36;18.0;0.36;beau;beau;beau;;;
2024-02-14;beau;0.0;22.0;0.33;22.0;0.33;beau;beau;beau;;;
2024-02-15;beau/vent;0.0;15.0;0.58;15.0;0.58;beau/vent;beau/vent;beau;vent;;
2024-02-16;pluie;29.0;11.0;0.8;11.0;0.8;pluie;pluie;pluie;;;
2024-02-17;éclaircies;0.0;13.0;0.55;13.0;0.55;éclaircies;éclaircies;éclaircies;;;
2024-02-18;voilé;0.0;13.0;0.5;13.0;0.5;voilé;voilé;voilé;;;
2024-02-19;bruine/éclaircies;0.0;13.0;0.69;13.0;0.69;bruine/éclaircies;bruine/éclaircies;bruine;éclaircies;;
2024-02-20;voilé;0.0;10.0;0.55;10.0;0.55;voilé;voilé;voilé;;;
2024-02-21;voilé;0.0;17.0;0.34;17.0;0.34;voilé;voilé;voilé;;;
2024-02-22;voilé/couvert/tempête;6.0;16.0;0.55;16.0;0.55;voilé/couvert/tempête;voilé/couvert/tempête;voilé;couvert;tempête;
2024-02-23;voilé/vent/pluie;2.0;10.0;0.46;10.0;0.46;voilé/vent/pluie;voilé/vent/pluie;voilé;vent;pluie;
2024-02-24;pluie/éclaircies/vent;2.0;12.0;0.3;12.0;0.3;pluie/éclaircies/vent;pluie/éclaircies/vent;pluie;éclaircies;vent;
2024-02-25;pluie;13.0;9.0;0.83;9.0;0.83;pluie;pluie;pluie;;;
2024-02-26;éclaircies/pluie/vent;8.0;13.0;0.4;13.0;0.4;éclaircies/pluie/vent;éclaircies/pluie/vent;éclaircies;pluie;vent;
2024-02-27;pluie/vent;12.0;5.0;0.81;5.0;0.81;pluie/vent;pluie/vent;pluie;vent;;
2024-02-28;éclaircies/vent;8.0;10.0;0.42;10.0;0.42;éclaircies/vent;éclaircies/vent;éclaircies;vent;;
2024-02-29;beau/pluie/vent;0.0;13.0;0.36;13.0;0.36;beau/pluie/vent;beau/pluie/vent;beau;pluie;vent;
2024-03-01;beau/vent;0.0;14.0;0.34;14.0;0.34;beau/vent;beau/vent;beau;vent;;
2024-03-02;gris;0.0;11.0;0.54;11.0;0.54;gris;gris;gris;;;
2024-03-03;pluie/éclaircies/vent;17.0;11.0;0.48;11.0;0.48;pluie/éclaircies/vent;pluie/éclaircies/vent;pluie;éclaircies;vent;
2024-03-04;beau/voilé/pluie;4.0;14.0;0.32;14.0;0.32;beau/voilé/pluie;beau/voilé/pluie;beau;voilé;pluie;
2024-03-05;giboulées;3.0;10.0;0.38;10.0;0.38;giboulées;giboulées;giboulées;;;
2024-03-06;beau;0.0;15.0;0.3;15.0;0.3;beau;beau;beau;;;
2024-03-07;voilé/vent;0.0;17.0;0.37;17.0;0.37;voilé/vent;voilé/vent;voilé;vent;;
2024-03-08;pluie/beau;2.0;17.0;0.41;17.0;0.41;pluie/beau;pluie/beau;pluie;beau;;
2024-03-09;gris;0.0;14.0;0.5;14.0;0.5;gris;gris;gris;;;
2024-03-10;dégagé;0.0;16.0;0.25;16.0;0.25;dégagé;dégagé;dégagé;;;
2024-03-11;pluie/vent;17.0;6.0;0.78;6.0;0.78;pluie/vent;pluie/vent;pluie;vent;;
2024-03-12;beau;0.0;15.0;0.33;15.0;0.33;beau;beau;beau;;;
2024-03-13;beau;0.0;20.0;0.33;20.0;0.33;beau;beau;beau;;;
2024-03-14;voilé;0.0;21.0;0.41;21.0;0.41;voilé;voilé;voilé;;;
2024-03-15;voilé/beau/couvert;0.0;21.0;0.34;21.0;0.34;voilé/beau/couvert;voilé/beau/couvert;voilé;beau;couvert;
2024-03-16;beau/voilé;0.0;19.0;0.39;19.0;0.39;beau/voilé;beau/voilé;beau;voilé;;
2024-03-17;beau;0.0;24.0;0.35;24.0;0.35;beau;beau;beau;;;
2024-03-18;couvert/voilé;0.0;21.0;0.46;21.0;0.46;couvert/voilé;couvert/voilé;couvert;voilé;;
2024-03-19;beau;0.0;22.0;0.41;22.0;0.41;beau;beau;beau;;;
2024-03-20;voilé/couvert;0.0;21.0;0.58;21.0;0.58;voilé/couvert;voilé/couvert;voilé;couvert;;
2024-03-21;couvert/voilé;0.0;24.0;0.43;24.0;0.43;couvert/voilé;couvert/voilé;couvert;voilé;;
2024-03-22;beau;0.0;26.0;0.35;26.0;0.35;beau;beau;beau;;;
2024-03-23;bruine/couvert/éclaircies;0.0;10.0;0.77;10.0;0.77;bruine/couvert/éclaircies;bruine/couvert/éclaircies;bruine;couvert;éclaircies;
2024-03-24;assez beau;0.0;9.0;;9.0;;assez beau;assez beau;assez beau;;;
2024-03-25;;0.0;10.0;;10.0;;;;;;;
2024-03-26;pluie/gris;7.0;7.0;0.65;7.0;0.65;pluie/gris;pluie/gris;pluie;gris;;
2024-03-27;voilé/pluie;4.0;14.0;0.4;14.0;0.4;voilé/pluie;voilé/pluie;voilé;pluie;;
2024-03-28;beau;0.0;19.0;0.36;19.0;0.36;beau;beau;beau;;;
2024-03-29;voilé/vent/pluie;2.0;21.0;0.47;21.0;0.47;voilé/vent/pluie;voilé/vent/pluie;voilé;vent;pluie;
2024-03-30;beau;0.0;22.0;0.33;22.0;0.33;beau;beau;beau;;;
2024-03-31;voilé/vent/orages;5.0;15.0;0.5;15.0;0.5;voilé/vent/orages;voilé/vent/orages;voilé;vent;orages;
2024-04-01;beau/orages/beau;2.0;17.0;0.39;17.0;0.39;beau/orages/beau;beau/orages/beau;beau;orages;beau;
2024-04-02;beau/couvert;0.0;19.0;0.33;19.0;0.33;beau/couvert;beau/couvert;beau;couvert;;
2024-04-03;nuageux/beau;0.0;17.0;0.37;17.0;0.37;nuageux/beau;nuageux/beau;nuageux;beau;;
2024-04-04;beau;0.0;25.0;0.31;25.0;0.31;beau;beau;beau;;;
2024-04-05;beau/vent;0.0;25.0;0.4;25.0;0.4;beau/vent;beau/vent;beau;vent;;
2024-04-06;couvert/vent;0.0;18.0;0.56;18.0;0.56;couvert/vent;couvert/vent;couvert;vent;;
2024-04-07;couvert/vent/éclaircies;0.0;20.0;0.53;20.0;0.53;couvert/vent/éclaircies;couvert/vent/éclaircies;couvert;vent;éclaircies;
2024-04-08;couvert/voilé/pluie;2.0;22.0;0.51;22.0;0.51;couvert/voilé/pluie;couvert/voilé/pluie;couvert;voilé;pluie;
2024-04-09;giboulées;11.0;13.0;0.42;13.0;0.42;giboulées;giboulées;giboulées;;;
2024-04-10;éclaircies/vent;0.0;12.0;0.49;12.0;0.49;éclaircies/vent;éclaircies/vent;éclaircies;vent;;
2024-04-11;beau/qq nuages;0.0;20.0;0.3;20.0;0.3;beau/qq nuages;beau/qq nuages;beau;qq nuages;;
2024-04-12;beau;0.0;24.0;0.36;24.0;0.36;beau;beau;beau;;;
2024-04-13;beau;0.0;27.0;0.27;27.0;0.27;beau;beau;beau;;;
2024-04-14;beau;0.0;26.0;0.34;26.0;0.34;beau;beau;beau;;;
2024-04-15;couvert;0.0;16.0;0.68;16.0;0.68;couvert;couvert;couvert;;;
2024-04-16;couvert/pluie/vent/éclaircies;4.0;8.0;0.79;8.0;0.79;couvert/pluie/vent/éclaircies;couvert/pluie/vent/éclaircies;couvert;pluie;vent;éclaircies
2024-04-17;couvert/pluie fine/éclaircie;0.5;13.0;0.61;13.0;0.61;couvert/pluie fine/éclaircie;couvert/pluie fine/éclaircie;couvert;pluie fine;éclaircie;
2024-04-18;giboulées;4.0;12.0;0.6;12.0;0.6;giboulées;giboulées;giboulées;;;
2024-04-19;beau;0.0;19.0;0.3;19.0;0.3;beau;beau;beau;;;
2024-04-20;beau/qq nuages;0.0;19.0;0.35;19.0;0.35;beau/qq nuages;beau/qq nuages;beau;qq nuages;;
2024-04-21;beau/vent;0.0;14.0;0.35;14.0;0.35;beau/vent;beau/vent;beau;vent;;
2024-04-22;qq nuages/vent;0.0;12.0;0.35;12.0;0.35;qq nuages/vent;qq nuages/vent;qq nuages;vent;;
2024-04-23;nuageux/vent;0.0;9.0;0.45;9.0;0.45;nuageux/vent;nuageux/vent;nuageux;vent;;
2024-04-24;couvert/vent;0.5;12.0;0.39;12.0;0.39;couvert/vent;couvert/vent;couvert;vent;;
2024-04-25;nuageux/pluie;5.0;15.0;0.38;15.0;0.38;nuageux/pluie;nuageux/pluie;nuageux;pluie;;
2024-04-26;beau/nuageux;0.0;18.0;0.39;18.0;0.39;beau/nuageux;beau/nuageux;beau;nuageux;;
2024-04-27;nuageux/vent/pluie;2.0;20.0;0.45;20.0;0.45;nuageux/vent/pluie;nuageux/vent/pluie;nuageux;vent;pluie;
2024-04-28;couvert/pluie;14.0;14.0;0.54;14.0;0.54;couvert/pluie;couvert/pluie;couvert;pluie;;
2024-04-29;pluie;9.0;11.0;0.75;11.0;0.75;pluie;pluie;pluie;;;
2024-04-30;couvert/éclaircies;0.0;13.0;0.63;13.0;0.63;couvert/éclaircies;couvert/éclaircies;couvert;éclaircies;;
2024-05-01;pluie;15.0;10.0;0.77;10.0;0.77;pluie;pluie;pluie;;;
2024-05-02;couvert/vent/éclaircies;0.0;11.0;0.55;11.0;0.55;couvert/vent/éclaircies;couvert/vent/éclaircies;couvert;vent;éclaircies;
2024-05-03;beau/couvert;0.0;18.0;0.31;18.0;0.31;beau/couvert;beau/couvert;beau;couvert;;
2024-05-04;couvert/éclaircies;0.0;23.0;0.36;23.0;0.36;couvert/éclaircies;couvert/éclaircies;couvert;éclaircies;;
2024-05-05;beau/orages;17.0;22.0;0.49;22.0;0.49;beau/orages;beau/orages;beau;orages;;
2024-05-06;pluie;4.0;12.0;0.66;12.0;0.66;pluie;pluie;pluie;;;
2024-05-07;éclaircies/vent/pluie;6.0;13.0;0.56;13.0;0.56;éclaircies/vent/pluie;éclaircies/vent/pluie;éclaircies;vent;pluie;
2024-05-08;éclaircies/vent;0.0;20.0;0.38;20.0;0.38;éclaircies/vent;éclaircies/vent;éclaircies;vent;;
2024-05-09;beau;0.0;25.0;0.3;25.0;0.3;beau;beau;beau;;;
2024-05-10;beau;0.0;26.0;0.37;26.0;0.37;beau;beau;beau;;;
2024-05-11;beau/couvert;0.0;27.0;0.37;27.0;0.37;beau/couvert;beau/couvert;beau;couvert;;
2024-05-12;nuageux/orageux;0.0;16.0;0.71;16.0;0.71;nuageux/orageux;nuageux/orageux;nuageux;orageux;;
2024-05-13;couvert/voilé;0.0;19.0;0.48;19.0;0.48;couvert/voilé;couvert/voilé;couvert;voilé;;
2024-05-14;pluie/éclaircies;17.0;13.0;0.65;13.0;0.65;pluie/éclaircies;pluie/éclaircies;pluie;éclaircies;;
2024-05-15;pluie/éclaircies/pluie;8.0;15.0;0.43;15.0;0.43;pluie/éclaircies/pluie;pluie/éclaircies/pluie;pluie;éclaircies;pluie;
2024-05-16;éclaircies/pluie;5.0;14.0;0.6;14.0;0.6;éclaircies/pluie;éclaircies/pluie;éclaircies;pluie;;
2024-05-17;éclaircies/pluie;8.0;17.0;0.49;17.0;0.49;éclaircies/pluie;éclaircies/pluie;éclaircies;pluie;;
2024-05-18;éclaircies;0.0;15.0;0.49;15.0;0.49;éclaircies;éclaircies;éclaircies;;;
2024-05-19;éclaircies/pluie;3.0;14.0;0.77;14.0;0.77;éclaircies/pluie;éclaircies/pluie;éclaircies;pluie;;
2024-05-20;nuageux/pluie;0.0;18.0;0.47;18.0;0.47;nuageux/pluie;nuageux/pluie;nuageux;pluie;;
2024-05-21;nuageux/éclaircies;0.0;17.0;0.46;17.0;0.46;nuageux/éclaircies;nuageux/éclaircies;nuageux;éclaircies;;
2024-05-22;nuageux/pluie;7.0;17.0;0.51;17.0;0.51;nuageux/pluie;nuageux/pluie;nuageux;pluie;;
2024-05-23;couvert/pluie;1.0;17.0;0.54;17.0;0.54;couvert/pluie;couvert/pluie;couvert;pluie;;
2024-05-24;pluie/couvert;0.0;16.0;0.56;16.0;0.56;pluie/couvert;pluie/couvert;pluie;couvert;;
2024-05-25;voilé;0.0;25.0;0.41;25.0;0.41;voilé;voilé;voilé;;;
2024-05-26;éclaircies/couvert;0.0;20.0;0.5;20.0;0.5;éclaircies/couvert;éclaircies/couvert;éclaircies;couvert;;
2024-05-27;pluie/couvert;4.0;14.0;0.71;14.0;0.71;pluie/couvert;pluie/couvert;pluie;couvert;;
2024-05-28;beau;0.0;26.0;0.35;26.0;0.35;beau;beau;beau;;;
2024-05-29;voilé/couvert;0.0;24.0;0.42;24.0;0.42;voilé/couvert;voilé/couvert;voilé;couvert;;
2024-05-30;pluie/éclaircies;2.0;17.0;0.75;17.0;0.75;pluie/éclaircies;pluie/éclaircies;pluie;éclaircies;;
2024-05-31;beau;0.0;21.0;0.36;21.0;0.36;beau;beau;beau;;;
2024-06-01;nuageux/;0.0;18.0;0.55;18.0;0.55;nuageux/;nuageux/;nuageux;;;
2024-06-02;nuageux/;0.0;18.0;0.52;18.0;0.52;nuageux/;nuageux/;nuageux;;;
2024-06-03;beau/vent;0.0;24.0;0.37;24.0;0.37;beau/vent;beau/vent;beau;vent;;
2024-06-04;éclaircies;0.0;24.0;0.41;24.0;0.41;éclaircies;éclaircies;éclaircies;;;
2024-06-05;beau;0.0;29.0;0.35;29.0;0.35;beau;beau;beau;;;
2024-06-06;beau;0.0;28.0;0.46;28.0;0.46;beau;beau;beau;;;
2024-06-07;couvert/lourd;0.0;26.0;0.58;26.0;0.58;couvert/lourd;couvert/lourd;couvert;lourd;;
2024-06-08;couvert/lourd;0.0;25.0;0.6;25.0;0.6;couvert/lourd;couvert/lourd;couvert;lourd;;
2024-06-09;pluie/couvert;1.0;16.0;0.82;16.0;0.82;pluie/couvert;pluie/couvert;pluie;couvert;;
2024-06-10;couvert/éclaircies;0.0;23.0;0.38;23.0;0.38;couvert/éclaircies;couvert/éclaircies;couvert;éclaircies;;
2024-06-11;bruine/nuageux;1.0;19.0;0.52;19.0;0.52;bruine/nuageux;bruine/nuageux;bruine;nuageux;;
2024-06-12;couvert/qq gouttes;0.0;16.0;0.56;16.0;0.56;couvert/qq gouttes;couvert/qq gouttes;couvert;qq gouttes;;
2024-06-13;beau;0.0;22.0;0.43;22.0;0.43;beau;beau;beau;;;
2024-06-14;beau;0.0;25.0;0.37;25.0;0.37;beau;beau;beau;;;
2024-06-15;pluie/couvert;7.0;16.0;0.68;16.0;0.68;pluie/couvert;pluie/couvert;pluie;couvert;;
2024-06-16;beau;0.0;27.0;0.39;27.0;0.39;beau;beau;beau;;;
2024-06-17;beau/couvert;0.0;19.0;0.42;19.0;0.42;beau/couvert;beau/couvert;beau;couvert;;
2024-06-18;qq nuages/beau/vent;0.0;26.0;0.55;26.0;0.55;qq nuages/beau/vent;qq nuages/beau/vent;qq nuages;beau;vent;
2024-06-19;couvert/bruine/orage;11.0;20.0;0.72;20.0;0.72;couvert/bruine/orage;couvert/bruine/orage;couvert;bruine;orage;
2024-06-20;pluie/couvert;9.0;17.0;0.73;17.0;0.73;pluie/couvert;pluie/couvert;pluie;couvert;;
2024-06-21;assez beau/ vent;0.0;18.0;;18.0;0.6;assez beau/ vent;assez beau/ vent;assez beau;vent;;
2024-06-22;éclaircies/pluie;1.0;20.0;0.47;20.0;0.47;éclaircies/pluie;éclaircies/pluie;éclaircies;pluie;;
2024-06-23;couvert/éclaircies;0.0;19.0;0.5;19.0;0.5;couvert/éclaircies;couvert/éclaircies;couvert;éclaircies;;
2024-06-24;beau;0.0;26.0;0.39;26.0;0.39;beau;beau;beau;;;
2024-06-25;beau;0.0;28.0;0.4;28.0;0.4;beau;beau;beau;;;
2024-06-26;beau;0.0;30.0;0.36;30.0;0.36;beau;beau;beau;;;
2024-06-27;beau/orageux;0.0;31.0;0.49;31.0;0.49;beau/orageux;beau/orageux;beau;orageux;;
2024-06-28;couvert;0.0;25.0;0.64;25.0;0.64;couvert;couvert;couvert;;;
2024-06-29;couvert/orages;12.0;18.0;0.81;18.0;0.81;couvert/orages;couvert/orages;couvert;orages;;
2024-06-30;couvert;0.0;22.0;0.54;22.0;0.54;couvert;couvert;couvert;;;
2024-07-01;pluie/éclaircies;2.0;17.0;0.7;17.0;0.7;pluie/éclaircies;pluie/éclaircies;pluie;éclaircies;;
2024-07-02;éclaircie;0.0;20.0;0.5;20.0;0.5;éclaircie;éclaircie;éclaircie;;;
2024-07-03;belles éclaircies/vent;0.0;24.0;0.36;24.0;0.36;belles éclaircies/vent;belles éclaircies/vent;belles éclaircies;vent;;
2024-07-04;éclaircie/couvert;0.0;25.0;0.45;25.0;0.45;éclaircie/couvert;éclaircie/couvert;éclaircie;couvert;;
2024-07-05;beau/chaud;0.0;21.0;;21.0;0.62;beau/chaud;beau/chaud;beau;chaud;;
2024-07-06;orages;25.0;17.0;0.79;17.0;0.79;orages;orages;orages;;;
2024-07-07;couvert/éclaircies/beau;0.0;18.0;0.56;18.0;0.56;couvert/éclaircies/beau;couvert/éclaircies/beau;couvert;éclaircies;beau;
2024-07-08;beau/vent;0.0;27.0;0.5;27.0;0.5;beau/vent;beau/vent;beau;vent;;
2024-07-09;voilé;0.0;30.0;0.53;30.0;0.53;voilé;voilé;voilé;;;
2024-07-10;beau;0.0;27.0;0.44;27.0;0.44;beau;beau;beau;;;
2024-07-11;beau/orageux;0.0;33.0;0.38;33.0;0.38;beau/orageux;beau/orageux;beau;orageux;;
2024-07-12;couvert/pluie;7.0;19.0;0.77;19.0;0.77;couvert/pluie;couvert/pluie;couvert;pluie;;
2024-07-13;couvert/éclaircies;0.0;18.0;0.49;18.0;0.49;couvert/éclaircies;couvert/éclaircies;couvert;éclaircies;;
2024-07-14;beau;0.0;26.0;0.5;26.0;0.5;beau;beau;beau;;;
2024-07-15;beau/orageux;0.0;30.0;0.44;30.0;0.44;beau/orageux;beau/orageux;beau;orageux;;
2024-07-16;pluie/couvert;2.0;23.0;0.47;23.0;0.47;pluie/couvert;pluie/couvert;pluie;couvert;;
2024-07-17;voilé/beau;0.0;30.0;0.4;30.0;0.4;voilé/beau;voilé/beau;voilé;beau;;
2024-07-18;beau;0.0;31.0;0.41;31.0;0.41;beau;beau;beau;;;
2024-07-19;voilé/beau;0.0;32.0;0.4;32.0;0.4;voilé/beau;voilé/beau;voilé;beau;;
2024-07-20;lourd;0.0;29.0;0.53;29.0;0.53;lourd;lourd;lourd;;;
2024-07-21;orages/éclaircies/pluie;27.0;21.0;0.52;21.0;0.52;orages/éclaircies/pluie;orages/éclaircies/pluie;orages;éclaircies;pluie;
2024-07-22;couvert/éclaircies;0.0;21.0;0.52;21.0;0.52;couvert/éclaircies;couvert/éclaircies;couvert;éclaircies;;
2024-07-23;beau;0.0;28.0;0.42;28.0;0.42;beau;beau;beau;;;
2024-07-24;voilé;0.0;28.0;0.48;28.0;0.48;voilé;voilé;voilé;;;
2024-07-25;brumeux/beau;0.0;27.0;0.45;27.0;0.45;brumeux/beau;brumeux/beau;brumeux;beau;;
2024-07-26;nuageux;0.0;30.0;0.45;30.0;0.45;nuageux;nuageux;nuageux;;;
2024-07-27;brumeux/couvert;0.0;26.0;0.6;26.0;0.6;brumeux/couvert;brumeux/couvert;brumeux;couvert;;
2024-07-28;beau;0.0;31.0;0.45;31.0;0.45;beau;beau;beau;;;
2024-07-29;beau;0.0;35.0;0.3;35.0;0.3;beau;beau;beau;;;
2024-07-30;beau/orage;5.0;35.0;0.4;35.0;0.4;beau/orage;beau/orage;beau;orage;;
2024-07-31;beau;0.0;33.0;0.43;33.0;0.43;beau;beau;beau;;;
2024-08-01;couvert/éclaircies;0.0;23.0;0.71;23.0;0.71;couvert/éclaircies;couvert/éclaircies;couvert;éclaircies;;
2024-08-02;pluie/couvert;4.0;22.0;0.74;22.0;0.74;pluie/couvert;pluie/couvert;pluie;couvert;;
2024-08-03;bruine/éclaircies/beau;0.5;21.0;0.57;21.0;0.57;bruine/éclaircies/beau;bruine/éclaircies/beau;bruine;éclaircies;beau;
2024-08-04;beau;0.0;25.0;0.3;25.0;0.3;beau;beau;beau;;;
2024-08-05;beau;0.0;30.0;0.42;30.0;0.42;beau;beau;beau;;;
2024-08-06;orageux/mitigé;0.0;30.0;0.47;30.0;0.47;orageux/mitigé;orageux/mitigé;orageux;mitigé;;
2024-08-07;couvert;0.0;23.0;0.65;23.0;0.65;couvert;couvert;couvert;;;
2024-08-08;beau;0.0;32.0;0.35;32.0;0.35;beau;beau;beau;;;
2024-08-09;beau;0.0;31.0;0.36;31.0;0.36;beau;beau;beau;;;
2024-08-10;beau;0.0;32.0;0.43;32.0;0.43;beau;beau;beau;;;
2024-08-11;beau;0.0;33.0;0.4;33.0;0.4;beau;beau;beau;;;
2024-08-12;couvert/beau;0.0;24.0;0.7;24.0;0.7;couvert/beau;couvert/beau;couvert;beau;;
2024-08-13;couvert/pluie/éclaircies;2.0;25.0;0.65;25.0;0.65;couvert/pluie/éclaircies;couvert/pluie/éclaircies;couvert;pluie;éclaircies;
2024-08-14;fortes pluie/acalmie;95.0;19.0;0.79;19.0;0.79;fortes pluie/acalmie;fortes pluie/acalmie;fortes pluie;acalmie;;
2024-08-15;pluie/éclaircies;5.0;24.0;0.5;24.0;0.5;pluie/éclaircies;pluie/éclaircies;pluie;éclaircies;;
2024-08-16;couvert/belles éclaircies;0.0;28.0;0.42;28.0;0.42;couvert/belles éclaircies;couvert/belles éclaircies;couvert;belles éclaircies;;
2024-08-17;ensoleillé;0.0;29.0;0.45;29.0;0.45;ensoleillé;ensoleillé;ensoleillé;;;
2024-08-18;pluie/éclaircies;5.0;25.0;0.51;25.0;0.51;pluie/éclaircies;pluie/éclaircies;pluie;éclaircies;;
2024-08-19;ensoleillé;0.0;27.0;0.34;27.0;0.34;ensoleillé;ensoleillé;ensoleillé;;;
2024-08-20;beau;0.0;26.0;0.35;26.0;0.35;beau;beau;beau;;;
2024-08-21;pluie/couvert/éclaircies;4.0;21.0;0.59;21.0;0.59;pluie/couvert/éclaircies;pluie/couvert/éclaircies;pluie;couvert;éclaircies;
2024-08-22;beau;0.0;27.0;0.37;27.0;0.37;beau;beau;beau;;;
2024-08-23;couvert/éclaircies;0.0;20.0;0.67;20.0;0.67;couvert/éclaircies;couvert/éclaircies;couvert;éclaircies;;
2024-08-24;beau/orages;37.0;31.0;0.49;31.0;0.49;beau/orages;beau/orages;beau;orages;;
2024-08-25;couvert/éclaircies;0.0;22.0;0.35;22.0;0.35;couvert/éclaircies;couvert/éclaircies;couvert;éclaircies;;
2024-08-26;beau;0.0;24.0;0.3;24.0;0.3;beau;beau;beau;;;
2024-08-27;beau;0.0;26.0;;26.0;0.355;beau;beau;beau;;;
2024-08-28;beau;0.0;31.0;0.41;31.0;0.41;beau;beau;beau;;;
2024-08-29;couvert/éclaircies;0.0;26.0;0.5;26.0;0.5;couvert/éclaircies;couvert/éclaircies;couvert;éclaircies;;
2024-08-30;beau;0.0;29.0;0.45;29.0;0.45;beau;beau;beau;;;
2024-08-31;couvert/éclaircies/averses;1.0;31.0;0.52;31.0;0.52;couvert/éclaircies/averses;couvert/éclaircies/averses;couvert;éclaircies;averses;
2024-09-01;pluie/couvert;0.0;21.0;0.74;21.0;0.74;pluie/couvert;pluie/couvert;pluie;couvert;;
2024-09-02;beau;0.0;26.0;0.32;26.0;0.32;beau;beau;beau;;;
2024-09-03;pluie/bruine;10.0;18.0;0.8;18.0;0.8;pluie/bruine;pluie/bruine;pluie;bruine;;
2024-09-04;pluie;30.0;16.0;0.8;16.0;0.8;pluie;pluie;pluie;;;
2024-09-05;éclaircie;0.0;24.0;0.43;24.0;0.43;éclaircie;éclaircie;éclaircie;;;
2024-09-06;nuageux/pluie;3.0;18.0;0.6;18.0;0.6;nuageux/pluie;nuageux/pluie;nuageux;pluie;;
2024-09-07;nuageux/;0.0;21.0;0.64;21.0;0.64;nuageux/;nuageux/;nuageux;;;
2024-09-08;éclaircies/dégradation/pluie;4.0;19.0;0.69;19.0;0.69;éclaircies/dégradation/pluie;éclaircies/dégradation/pluie;éclaircies;dégradation;pluie;
2024-09-09;couvert/éclaircies;0.0;18.0;0.65;18.0;0.65;couvert/éclaircies;couvert/éclaircies;couvert;éclaircies;;
2024-09-10;éclaircie;0.0;21.0;0.44;21.0;0.44;éclaircie;éclaircie;éclaircie;;;
2024-09-11;éclaircie/pluie;19.0;23.0;0.43;23.0;0.43;éclaircie/pluie;éclaircie/pluie;éclaircie;pluie;;
2024-09-12;pluie/éclaircies;1.0;19.0;;19.0;0.415;pluie/éclaircies;pluie/éclaircies;pluie;éclaircies;;
2024-09-13;pluie/éclaircies;2.0;18.0;0.4;18.0;0.4;pluie/éclaircies;pluie/éclaircies;pluie;éclaircies;;
2024-09-14;beau;0.0;20.0;0.32;20.0;0.32;beau;beau;beau;;;
2024-09-15;beau;0.0;17.0;0.42;17.0;0.42;beau;beau;beau;;;
2024-09-16;beau;0.0;20.0;0.35;20.0;0.35;beau;beau;beau;;;
2024-09-17;couvert;0.0;16.0;0.62;16.0;0.62;couvert;couvert;couvert;;;
2024-09-18;beau;0.0;26.0;0.38;26.0;0.38;beau;beau;beau;;;
2024-09-19;beau;0.0;23.0;0.45;23.0;0.45;beau;beau;beau;;;
2024-09-20;couvert/pluie/éclaircies;1.0;20.0;0.71;20.0;0.71;couvert/pluie/éclaircies;couvert/pluie/éclaircies;couvert;pluie;éclaircies;
2024-09-21;nuageux/pluie;6.0;22.0;0.57;22.0;0.57;nuageux/pluie;nuageux/pluie;nuageux;pluie;;
2024-09-22;couvert/pluie;4.0;18.0;0.74;18.0;0.74;couvert/pluie;couvert/pluie;couvert;pluie;;
2024-09-23;pluie/éclaircies;14.0;19.0;0.53;19.0;0.53;pluie/éclaircies;pluie/éclaircies;pluie;éclaircies;;
2024-09-24;beau;0.0;19.0;;19.0;0.495;beau;beau;beau;;;
2024-09-25;beau/voilé;0.0;24.0;0.46;24.0;0.46;beau/voilé;beau/voilé;beau;voilé;;
2024-09-26;couvert/pluie;5.0;17.0;0.83;17.0;0.83;couvert/pluie;couvert/pluie;couvert;pluie;;
2024-09-27;couvert/pluie;4.0;13.0;0.75;13.0;0.75;couvert/pluie;couvert/pluie;couvert;pluie;;
2024-09-28;éclaircies;0.0;17.0;0.47;17.0;0.47;éclaircies;éclaircies;éclaircies;;;
2024-09-29;beau;0.0;22.0;0.38;22.0;0.38;beau;beau;beau;;;
2024-09-30;beau;0.0;24.0;0.45;24.0;0.45;beau;beau;beau;;;
2024-10-01;voilé;0.0;22.0;0.6;22.0;0.6;voilé;voilé;voilé;;;
2024-10-02;pluie;16.0;17.0;0.63;17.0;0.63;pluie;pluie;pluie;;;
2024-10-03;éclaircie;0.0;17.0;0.48;17.0;0.48;éclaircie;éclaircie;éclaircie;;;
2024-10-04;éclaircie;0.0;19.0;;19.0;0.375;éclaircie;éclaircie;éclaircie;;;
2024-10-05;beau;0.0;27.0;0.27;27.0;0.27;beau;beau;beau;;;
2024-10-06;voilé;0.0;25.0;0.46;25.0;0.46;voilé;voilé;voilé;;;
2024-10-07;couvert/pluie;5.0;18.0;0.69;18.0;0.69;couvert/pluie;couvert/pluie;couvert;pluie;;
2024-10-08;beau;0.0;25.0;0.37;25.0;0.37;beau;beau;beau;;;
2024-10-09;beau/pluie;10.0;25.0;0.5;25.0;0.5;beau/pluie;beau/pluie;beau;pluie;;
2024-10-10;pluie/éclaircies;1.0;17.0;0.5;17.0;0.5;pluie/éclaircies;pluie/éclaircies;pluie;éclaircies;;
2024-10-11;beau;0.0;17.0;;17.0;0.5900000000000001;beau;beau;beau;;;
2024-10-12;couvert;0.0;17.0;0.68;17.0;0.68;couvert;couvert;couvert;;;
2024-10-13;beau;0.0;28.0;0.4;28.0;0.4;beau;beau;beau;;;
2024-10-14;couvert;0.0;24.0;0.55;24.0;0.55;couvert;couvert;couvert;;;
2024-10-15;couvert;0.0;20.0;0.73;20.0;0.73;couvert;couvert;couvert;;;
2024-10-16;éclaircie;0.0;23.0;0.5;23.0;0.5;éclaircie;éclaircie;éclaircie;;;
2024-10-17;couvert/pluie;40.0;17.0;0.83;17.0;0.83;couvert/pluie;couvert/pluie;couvert;pluie;;
2024-10-18;pluie;14.0;13.0;0.85;13.0;0.85;pluie;pluie;pluie;;;
2024-10-19;éclaircie;0.0;17.0;0.58;17.0;0.58;éclaircie;éclaircie;éclaircie;;;
2024-10-20;beau;0.0;25.0;0.41;25.0;0.41;beau;beau;beau;;;
2024-10-21;beau;0.0;23.0;0.45;23.0;0.45;beau;beau;beau;;;
2024-10-22;pluie;16.0;14.0;0.8;14.0;0.8;pluie;pluie;pluie;;;
2024-10-23;brouillard/couvert;0.0;17.0;;17.0;0.63;brouillard/couvert;brouillard/couvert;brouillard;couvert;;
2024-10-24;beau;0.0;23.0;0.46;23.0;0.46;beau;beau;beau;;;
2024-10-25;couvert/pluie;7.0;18.0;0.67;18.0;0.67;couvert/pluie;couvert/pluie;couvert;pluie;;
2024-10-26;pluie;6.0;12.0;0.81;12.0;0.81;pluie;pluie;pluie;;;
2024-10-27;bruine/couvert/éclaircies;0.0;15.0;0.61;15.0;0.61;bruine/couvert/éclaircies;bruine/couvert/éclaircies;bruine;couvert;éclaircies;
2024-10-28;couvert/pluie;11.0;13.0;0.78;13.0;0.78;couvert/pluie;couvert/pluie;couvert;pluie;;
2024-10-29;brouillard/couvert;1.0;15.0;0.74;15.0;0.74;brouillard/couvert;brouillard/couvert;brouillard;couvert;;
2024-10-30;nuageux/couvert;0.0;22.0;0.53;22.0;0.53;nuageux/couvert;nuageux/couvert;nuageux;couvert;;
2024-10-31;beau;0.0;19.0;0.74;19.0;0.74;beau;beau;beau;;;
2024-11-01;beau;0.0;24.0;0.44;24.0;0.44;beau;beau;beau;;;
2024-11-02;couvert/éclaircies;0.0;22.0;0.49;22.0;0.49;couvert/éclaircies;couvert/éclaircies;couvert;éclaircies;;
2024-11-03;beau;0.0;25.0;0.36;25.0;0.36;beau;beau;beau;;;
2024-11-04;beau/nuageux;0.0;18.0;0.68;18.0;0.68;beau/nuageux;beau/nuageux;beau;nuageux;;
2024-11-05;nuageux/;0.0;21.0;0.49;21.0;0.49;nuageux/;nuageux/;nuageux;;;
2024-11-06;beau;0.0;25.0;0.38;25.0;0.38;beau;beau;beau;;;
2024-11-07;beau;0.0;24.0;;24.0;0.36;beau;beau;beau;;;
2024-11-08;beau/voilé;0.0;25.0;0.34;25.0;0.34;beau/voilé;beau/voilé;beau;voilé;;
2024-11-09;couvert/pluie;19.0;16.0;0.74;16.0;0.74;couvert/pluie;couvert/pluie;couvert;pluie;;
2024-11-10;pluie/couvert;0.0;15.0;0.59;15.0;0.59;pluie/couvert;pluie/couvert;pluie;couvert;;
2024-11-11;couvert;0.0;15.0;0.62;15.0;0.62;couvert;couvert;couvert;;;
2024-11-12;couvert/pluie;9.0;7.0;0.78;7.0;0.78;couvert/pluie;couvert/pluie;couvert;pluie;;
2024-11-13;couvert;0.0;10.0;0.74;10.0;0.74;couvert;couvert;couvert;;;
2024-11-14;beau;0.0;12.0;;12.0;0.5549999999999999;beau;beau;beau;;;
2024-11-15;beau;0.0;18.0;0.37;18.0;0.37;beau;beau;beau;;;
2024-11-16;beau;0.0;21.0;0.34;21.0;0.34;beau;beau;beau;;;
2024-11-17;voilé/couvert;0.0;16.0;0.45;16.0;0.45;voilé/couvert;voilé/couvert;voilé;couvert;;
2024-11-18;couvert;0.0;11.0;0.64;11.0;0.64;couvert;couvert;couvert;;;
2024-11-19;gris;0.0;13.0;0.69;13.0;0.69;gris;gris;gris;;;
2024-11-20;pluie;21.0;8.0;0.82;8.0;0.82;pluie;pluie;pluie;;;
2024-11-21;gris;0.0;16.0;0.52;16.0;0.52;gris;gris;gris;;;
2024-11-22;pluie/éclaircies;0.0;8.0;0.66;8.0;0.66;pluie/éclaircies;pluie/éclaircies;pluie;éclaircies;;
2024-11-23;beau;0.0;12.0;;12.0;0.54;beau;beau;beau;;;
2024-11-24;ensoleillé;0.0;22.0;0.42;22.0;0.42;ensoleillé;ensoleillé;ensoleillé;;;
2024-11-25;couvert/pluie;9.0;17.0;0.64;17.0;0.64;couvert/pluie;couvert/pluie;couvert;pluie;;
2024-11-26;gris;0.0;13.0;0.54;13.0;0.54;gris;gris;gris;;;
2024-11-27;beau;0.0;18.0;0.31;18.0;0.31;beau;beau;beau;;;
2024-11-28;beau;0.0;19.0;0.32;19.0;0.32;beau;beau;beau;;;
2024-11-29;beau;0.0;20.0;;20.0;0.3399999999999999;beau;beau;beau;;;
2024-11-30;beau;0.0;21.0;0.36;21.0;0.36;beau;beau;beau;;;
2024-12-01;beau;0.0;22.0;0.37;22.0;0.37;beau;beau;beau;;;
2024-12-02;couvert/pluie;9.0;11.0;0.82;11.0;0.82;couvert/pluie;couvert/pluie;couvert;pluie;;
2024-12-03;couvert/éclaircies/pluie;2.0;10.0;0.68;10.0;0.68;couvert/éclaircies/pluie;couvert/éclaircies/pluie;couvert;éclaircies;pluie;
2024-12-04;éclaircies/beau;0.0;10.0;;10.0;0.505;éclaircies/beau;éclaircies/beau;éclaircies;beau;;
2024-12-05;beau;0.0;14.0;0.33;14.0;0.33;beau;beau;beau;;;
2024-12-06;pluie;6.0;13.0;0.82;13.0;0.82;pluie;pluie;pluie;;;
2024-12-07;couvert/tempête;15.0;10.0;0.72;10.0;0.72;couvert/tempête;couvert/tempête;couvert;tempête;;
2024-12-08;couvert/pluie;17.0;6.0;0.7;6.0;0.7;couvert/pluie;couvert/pluie;couvert;pluie;;
2024-12-09;pluie;21.0;5.0;0.82;5.0;0.82;pluie;pluie;pluie;;;
2024-12-10;couvert;0.0;4.0;0.71;4.0;0.71;couvert;couvert;couvert;;;
2024-12-11;couvert/éclaircie;0.0;5.0;0.68;5.0;0.68;couvert/éclaircie;couvert/éclaircie;couvert;éclaircie;;
2024-12-12;éclaircie;0.0;14.0;0.43;14.0;0.43;éclaircie;éclaircie;éclaircie;;;
2024-12-13;ensoleillé;0.0;13.0;0.45;13.0;0.45;ensoleillé;ensoleillé;ensoleillé;;;
2024-12-14;ensoleillé/pluie;5.0;10.0;;10.0;0.62;ensoleillé/pluie;ensoleillé/pluie;ensoleillé;pluie;;
2024-12-15;pluie/éclaircies;2.0;6.0;0.79;6.0;0.79;pluie/éclaircies;pluie/éclaircies;pluie;éclaircies;;
2024-12-16;beau;0.0;15.0;0.38;15.0;0.38;beau;beau;beau;;;
2024-12-17;beau;0.0;16.0;;16.0;0.375;beau;beau;beau;;;
2024-12-18;beau;0.0;17.0;0.37;17.0;0.37;beau;beau;beau;;;
2024-12-19;ensoleillé/pluie;14.0;11.0;0.78;11.0;0.78;ensoleillé/pluie;ensoleillé/pluie;ensoleillé;pluie;;
2024-12-20;ensoleillé;0.0;10.0;0.38;10.0;0.38;ensoleillé;ensoleillé;ensoleillé;;;
2024-12-21;pluie;2.0;8.0;0.8;8.0;0.8;pluie;pluie;pluie;;;
2024-12-22;couvert/pluie;14.0;12.0;0.62;12.0;0.62;couvert/pluie;couvert/pluie;couvert;pluie;;
2024-12-23;pluie;2.0;5.0;0.68;5.0;0.68;pluie;pluie;pluie;;;
2024-12-24;pluie;5.0;10.0;0.85;10.0;0.85;pluie;pluie;pluie;;;
2024-12-25;brouillard épais;1.0;8.0;0.81;8.0;0.81;brouillard épais;brouillard épais;brouillard épais;;;
2024-12-26;brouillard/;0.0;6.0;0.77;6.0;0.77;brouillard/;brouillard/;brouillard;;;
2024-12-27;brumeux/beau;0.0;14.0;0.34;14.0;0.34;brumeux/beau;brumeux/beau;brumeux;beau;;
2024-12-28;beau;0.0;13.0;0.38;13.0;0.38;beau;beau;beau;;;
2024-12-29;éclaircie;0.0;8.0;0.55;8.0;0.55;éclaircie;éclaircie;éclaircie;;;
2024-12-30;beau/brouillard épais;0.0;7.0;0.46;7.0;0.46;beau/brouillard épais;beau/brouillard épais;beau;brouillard épais;;
2024-12-31;beau;0.0;9.0;0.4;9.0;0.4;beau;beau;beau;;;
2025-01-01;beau;0.0;14.0;0.37;14.0;0.37;beau;beau;beau;;;
2025-01-02;beau/voilé;0.0;10.0;0.48;10.0;0.48;beau/voilé;beau/voilé;beau;voilé;;
2025-01-03;pluie;6.0;10.0;0.75;10.0;0.75;pluie;pluie;pluie;;;
2025-01-04;pluie/éclaircies;0.0;12.0;0.81;12.0;0.81;pluie/éclaircies;pluie/éclaircies;pluie;éclaircies;;
2025-01-05;nuageux;0.0;11.0;0.69;11.0;0.69;nuageux;nuageux;nuageux;;;
2025-01-06;éclaircies/couvert/pluie;7.0;10.0;0.72;10.0;0.72;éclaircies/couvert/pluie;éclaircies/couvert/pluie;éclaircies;couvert;pluie;
2025-01-07;beau;0.0;14.0;0.28;14.0;0.28;beau;beau;beau;;;
2025-01-08;voilé;0.0;17.0;0.44;17.0;0.44;voilé;voilé;voilé;;;
2025-01-09;éclaircies/vent/pluie;1.0;14.0;0.44;14.0;0.44;éclaircies/vent/pluie;éclaircies/vent/pluie;éclaircies;vent;pluie;
2025-01-10;éclaircies/pluie;13.0;16.0;0.44;16.0;0.44;éclaircies/pluie;éclaircies/pluie;éclaircies;pluie;;
2025-01-11;pluie/couvert/pluie;3.0;11.0;0.58;11.0;0.58;pluie/couvert/pluie;pluie/couvert/pluie;pluie;couvert;pluie;
2025-01-12;beau;0.0;4.0;0.42;4.0;0.42;beau;beau;beau;;;
2025-01-13;beau;0.0;7.0;0.35;7.0;0.35;beau;beau;beau;;;
2025-01-14;beau;0.0;5.0;0.39;5.0;0.39;beau;beau;beau;;;
2025-01-15;voilé;0.0;6.0;0.37;6.0;0.37;voilé;voilé;voilé;;;
2025-01-16;pluie/éclaircies;1.0;12.0;0.37;12.0;0.37;pluie/éclaircies;pluie/éclaircies;pluie;éclaircies;;
2025-01-17;brouillard épais/beau;0.0;14.0;0.33;14.0;0.33;brouillard épais/beau;brouillard épais/beau;brouillard épais;beau;;
2025-01-18;éclaircies/;0.0;8.0;0.46;8.0;0.46;éclaircies/;éclaircies/;éclaircies;;;
2025-01-19;nuageux;0.0;10.0;0.46;10.0;0.46;nuageux;nuageux;nuageux;;;
2025-01-20;éclaircies/;0.0;14.0;0.28;14.0;0.28;éclaircies/;éclaircies/;éclaircies;;;
2025-01-21;voilé;0.0;12.0;0.43;12.0;0.43;voilé;voilé;voilé;;;
2025-01-22;nuageux;0.0;15.0;0.51;15.0;0.51;nuageux;nuageux;nuageux;;;
2025-01-23;pluie/éclaircies;5.0;8.0;0.69;8.0;0.69;pluie/éclaircies;pluie/éclaircies;pluie;éclaircies;;
2025-01-24;beau/couvert;0.0;12.0;0.62;12.0;0.62;beau/couvert;beau/couvert;beau;couvert;;
2025-01-25;couvert/pluie;9.0;11.0;0.65;11.0;0.65;couvert/pluie;couvert/pluie;couvert;pluie;;
2025-01-26;couvert;0.0;13.0;0.54;13.0;0.54;couvert;couvert;couvert;;;
2025-01-27;éclaircies/pluie;10.0;13.0;0.59;13.0;0.59;éclaircies/pluie;éclaircies/pluie;éclaircies;pluie;;
2025-01-28;éclaircies/pluie/;13.0;11.0;0.39;11.0;0.39;éclaircies/pluie/;éclaircies/pluie/;éclaircies;pluie;;
2025-01-29;beau;0.0;16.0;0.42;16.0;0.42;beau;beau;beau;;;
2025-01-30;beau/dégradation/pluie;10.0;16.0;0.36;16.0;0.36;beau/dégradation/pluie;beau/dégradation/pluie;beau;dégradation;pluie;
2025-01-31;couvert;0.0;7.0;0.64;7.0;0.64;couvert;couvert;couvert;;;
2025-02-01;beau;0.0;13.0;0.27;13.0;0.27;beau;beau;beau;;;
2025-02-02;beau;0.0;8.0;0.4;8.0;0.4;beau;beau;beau;;;
2025-02-03;beau;0.0;8.0;0.42;8.0;0.42;beau;beau;beau;;;
2025-02-04;beau;0.0;11.0;0.27;11.0;0.27;beau;beau;beau;;;
2025-02-05;beau;0.0;12.0;0.21;12.0;0.21;beau;beau;beau;;;
2025-02-06;beau;0.0;12.0;0.24;12.0;0.24;beau;beau;beau;;;
2025-02-07;gris;0.0;9.0;0.55;9.0;0.55;gris;gris;gris;;;
2025-02-08;pluie/couvert/éclaircies;9.0;7.0;0.47;7.0;0.47;pluie/couvert/éclaircies;pluie/couvert/éclaircies;pluie;couvert;éclaircies;
2025-02-09;couvert/pluie;1.0;7.0;0.58;7.0;0.58;couvert/pluie;couvert/pluie;couvert;pluie;;
2025-02-10;ensoleillé ;0.0;13.0;0.41;13.0;0.41;ensoleillé ;ensoleillé;ensoleillé;;;
2025-02-11;voilé;0.0;13.0;0.45;13.0;0.45;voilé;voilé;voilé;;;
2025-02-12;couvert/pluie;8.0;11.0;0.6;11.0;0.6;couvert/pluie;couvert/pluie;couvert;pluie;;
2025-02-13;éclaircies;0.0;11.0;0.43;11.0;0.43;éclaircies;éclaircies;éclaircies;;;
2025-02-14;pluie;5.0;11.0;0.84;11.0;0.84;pluie;pluie;pluie;;;
2025-02-15;brouillard/voilé;0.0;12.0;0.46;12.0;0.46;brouillard/voilé;brouillard/voilé;brouillard;voilé;;
2025-02-16;voilé;0.0;13.0;0.42;13.0;0.42;voilé;voilé;voilé;;;
2025-02-17;voilé/beau;0.0;13.0;0.53;13.0;0.53;voilé/beau;voilé/beau;voilé;beau;;
2025-02-18;voilé;0.0;13.0;0.47;13.0;0.47;voilé;voilé;voilé;;;
2025-02-19;voilé;0.0;15.0;0.34;15.0;0.34;voilé;voilé;voilé;;;
2025-02-20;voilé;0.0;15.0;0.41;15.0;0.41;voilé;voilé;voilé;;;
2025-02-21;voilé;0.0;14.0;0.48;14.0;0.48;voilé;voilé;voilé;;;
2025-02-22;pluie fine/couvert;4.0;11.0;0.71;11.0;0.71;pluie fine/couvert;pluie fine/couvert;pluie fine;couvert;;
2025-02-23;beau;0.0;12.0;0.46;12.0;0.46;beau;beau;beau;;;
2025-02-24;couvert;0.0;11.0;0.52;11.0;0.52;couvert;couvert;couvert;;;
2025-02-25;pluie/couvert/;3.0;10.0;0.67;10.0;0.67;pluie/couvert/;pluie/couvert/;pluie;couvert;;
2025-02-26;ensoleillé ;0.0;10.0;0.39;10.0;0.39;ensoleillé ;ensoleillé;ensoleillé;;;
2025-02-27;voilé/couvert;0.0;12.0;0.33;12.0;0.33;voilé/couvert;voilé/couvert;voilé;couvert;;
2025-02-28;voilé/couvert;0.0;12.0;0.37;12.0;0.37;voilé/couvert;voilé/couvert;voilé;couvert;;
2025-03-01;variable;0.0;11.0;0.36;11.0;0.36;variable;variable;variable;;;
2025-03-02;couvert/ensoleillé;0.0;12.0;0.34;12.0;0.34;couvert/ensoleillé;couvert/ensoleillé;couvert;ensoleillé;;
2025-03-03;voilé;0.0;14.0;0.32;14.0;0.32;voilé;voilé;voilé;;;
2025-03-04;ensoleillé ;0.0;15.0;0.39;15.0;0.39;ensoleillé ;ensoleillé;ensoleillé;;;
2025-03-05;beau;0.0;17.0;0.28;17.0;0.28;beau;beau;beau;;;
2025-03-06;beau;0.0;17.0;0.34;17.0;0.34;beau;beau;beau;;;
2025-03-07;beau;0.0;18.0;0.32;18.0;0.32;beau;beau;beau;;;
2025-03-08;nuageux;0.0;15.0;0.58;15.0;0.58;nuageux;nuageux;nuageux;;;
2025-03-09;pluie/éclaircies;4.0;13.0;0.61;13.0;0.61;pluie/éclaircies;pluie/éclaircies;pluie;éclaircies;;
2025-03-10;éclaircies/orages;1.0;14.0;0.48;14.0;0.48;éclaircies/orages;éclaircies/orages;éclaircies;orages;;
2025-03-11;ensoleillé ;0.0;15.0;0.4;15.0;0.4;ensoleillé ;ensoleillé;ensoleillé;;;
2025-03-12;pluie/éclaircies;15.0;;;11.5;0.5449999999999999;pluie/éclaircies;pluie/éclaircies;pluie;éclaircies;;
2025-03-13;couvert/pluie;7.0;8.0;0.69;8.0;0.69;couvert/pluie;couvert/pluie;couvert;pluie;;
2025-03-14;pluie/couvert/;2.0;6.0;0.7;6.0;0.7;pluie/couvert/;pluie/couvert/;pluie;couvert;;
2025-03-15;mitigé;0.0;7.0;0.38;7.0;0.38;mitigé;mitigé;mitigé;;;
2025-03-16;couvert/pluie;0.0;9.0;0.4;9.0;0.4;couvert/pluie;couvert/pluie;couvert;pluie;;
2025-03-17;beau;0.0;12.0;0.28;12.0;0.28;beau;beau;beau;;;
2025-03-18;beau;0.0;15.0;0.31;15.0;0.31;beau;beau;beau;;;
2025-03-19;ensoleillé ;0.0;18.0;0.37;18.0;0.37;ensoleillé ;ensoleillé;ensoleillé;;;
2025-03-20;nuageux;0.0;14.0;0.66;14.0;0.66;nuageux;nuageux;nuageux;;;
2025-03-21;vent/pluie/éclaircies;5.0;13.0;0.78;13.0;0.78;vent/pluie/éclaircies;vent/pluie/éclaircies;vent;pluie;éclaircies;
2025-03-22;ensoleillé/orage sec;0.0;15.0;0.37;15.0;0.37;ensoleillé/orage sec;ensoleillé/orage sec;ensoleillé;orage sec;;
2025-03-23;pluie;17.0;10.0;0.77;10.0;0.77;pluie;pluie;pluie;;;
2025-03-24;éclaircies/grêle et pluie;7.0;15.0;0.34;15.0;0.34;éclaircies/grêle et pluie;éclaircies/grêle et pluie;éclaircies;grêle et pluie;;
2025-03-25;couvert/pluie;27.0;12.0;0.76;12.0;0.76;couvert/pluie;couvert/pluie;couvert;pluie;;
2025-03-26;couvert;0.0;10.0;0.72;10.0;0.72;couvert;couvert;couvert;;;
2025-03-27;couvert;0.0;11.0;0.64;11.0;0.64;couvert;couvert;couvert;;;
2025-03-28;couvert;0.0;11.0;0.54;11.0;0.54;couvert;couvert;couvert;;;
2025-03-29;éclaircies;1.0;8.0;0.52;8.0;0.52;éclaircies;éclaircies;éclaircies;;;
2025-03-30;beau;0.0;12.0;0.33;12.0;0.33;beau;beau;beau;;;
2025-03-31;beau;0.0;14.0;0.43;14.0;0.43;beau;beau;beau;;;
2025-04-01;beau;0.0;16.0;0.35;16.0;0.35;beau;beau;beau;;;
2025-04-02;beau;0.0;16.0;0.36;16.0;0.36;beau;beau;beau;;;
2025-04-03;couvert/éclaircies;0.0;12.0;0.57;12.0;0.57;couvert/éclaircies;couvert/éclaircies;couvert;éclaircies;;
2025-04-04;couvert/éclaircies;0.0;15.0;0.57;15.0;0.57;couvert/éclaircies;couvert/éclaircies;couvert;éclaircies;;
2025-04-05;beau;0.0;16.0;0.49;16.0;0.49;beau;beau;beau;;;
2025-04-06;ensoleillé;0.0;19.0;0.41;19.0;0.41;ensoleillé;ensoleillé;ensoleillé;;;
2025-04-07;ensoleillé;0.0;17.0;0.44;17.0;0.44;ensoleillé;ensoleillé;ensoleillé;;;
2025-04-08;beau;0.0;19.0;0.35;19.0;0.35;beau;beau;beau;;;
2025-04-09;voilé;0.0;17.0;0.42;17.0;0.42;voilé;voilé;voilé;;;
2025-04-10;beau/voilé;0.0;20.0;0.42;20.0;0.42;beau/voilé;beau/voilé;beau;voilé;;
2025-04-11;voilé;0.0;18.0;0.5;18.0;0.5;voilé;voilé;voilé;;;
2025-04-12;ensoleillé;0.0;20.0;0.42;20.0;0.42;ensoleillé;ensoleillé;ensoleillé;;;
2025-04-13;pluie;13.0;14.0;0.75;14.0;0.75;pluie;pluie;pluie;;;
2025-04-14;éclaircies/pluie;2.0;18.0;0.52;18.0;0.52;éclaircies/pluie;éclaircies/pluie;éclaircies;pluie;;
2025-04-15;pluie;18.0;10.0;0.67;10.0;0.67;pluie;pluie;pluie;;;
2025-04-16;pluie/éclaircies;5.0;9.0;0.62;9.0;0.62;pluie/éclaircies;pluie/éclaircies;pluie;éclaircies;;
2025-04-17;petites averses/éclaircies;1.0;11.0;0.49;11.0;0.49;petites averses/éclaircies;petites averses/éclaircies;petites averses;éclaircies;;
2025-04-18;beau/voilé;0.0;17.0;0.4;17.0;0.4;beau/voilé;beau/voilé;beau;voilé;;
2025-04-19;éclaircies/pluie;7.0;16.0;0.56;16.0;0.56;éclaircies/pluie;éclaircies/pluie;éclaircies;pluie;;
2025-04-20;ensoleillé/pluie;3.0;13.0;0.48;13.0;0.48;ensoleillé/pluie;ensoleillé/pluie;ensoleillé;pluie;;
2025-04-21;ensoleillé;0.0;15.0;0.36;15.0;0.36;ensoleillé;ensoleillé;ensoleillé;;;
2025-04-22;pluie;7.0;11.0;0.74;11.0;0.74;pluie;pluie;pluie;;;
2025-04-23;éclaircies/couvert;0.0;14.0;0.47;14.0;0.47;éclaircies/couvert;éclaircies/couvert;éclaircies;couvert;;
2025-04-24;éclaircies;0.0;16.0;0.53;16.0;0.53;éclaircies;éclaircies;éclaircies;;;
2025-04-25;beau;0.0;19.0;0.31;19.0;0.31;beau;beau;beau;;;
2025-04-26;pluie;31.0;12.0;0.8;12.0;0.8;pluie;pluie;pluie;;;
2025-04-27;pluie/éclaircies;4.0;;;14.0;0.64;pluie/éclaircies;pluie/éclaircies;pluie;éclaircies;;
2025-04-28;éclaircies/pluie;2.0;16.0;0.48;16.0;0.48;éclaircies/pluie;éclaircies/pluie;éclaircies;pluie;;
2025-04-29;beau;0.0;21.0;0.4;21.0;0.4;beau;beau;beau;;;
2025-04-30;beau;0.0;24.0;0.35;24.0;0.35;beau;beau;beau;;;
2025-05-01;voilé;0.0;18.0;0.53;18.0;0.53;voilé;voilé;voilé;;;
2025-05-02;voilé/couvert/éclaircies;0.0;18.0;0.5;18.0;0.5;voilé/couvert/éclaircies;voilé/couvert/éclaircies;voilé;couvert;éclaircies;
2025-05-03;ensoleillé/orageux;0.0;20.0;0.51;20.0;0.51;ensoleillé/orageux;ensoleillé/orageux;ensoleillé;orageux;;
2025-05-04;orageux/orages;42.0;18.0;0.62;18.0;0.62;orageux/orages;orageux/orages;orageux;orages;;
2025-05-05;pluie;7.0;12.0;0.73;12.0;0.73;pluie;pluie;pluie;;;
2025-05-06;éclaircies;0.0;14.0;0.39;14.0;0.39;éclaircies;éclaircies;éclaircies;;;
2025-05-07;variable;0.0;16.0;0.35;16.0;0.35;variable;variable;variable;;;
2025-05-08;variable/pluie;3.0;16.0;0.39;16.0;0.39;variable/pluie;variable/pluie;variable;pluie;;
2025-05-09;ensoleillé;0.0;17.0;0.43;17.0;0.43;ensoleillé;ensoleillé;ensoleillé;;;
2025-05-10;ensoleillé;0.0;20.0;0.49;20.0;0.49;ensoleillé;ensoleillé;ensoleillé;;;
2025-05-11;couvert/averse orageuse;9.0;16.0;0.63;16.0;0.63;couvert/averse orageuse;couvert/averse orageuse;couvert;averse orageuse;;
2025-05-12;éclaircies/pluie;0.0;18.0;0.36;18.0;0.36;éclaircies/pluie;éclaircies/pluie;éclaircies;pluie;;
2025-05-13;ensoleillé/orage;18.0;18.0;0.39;18.0;0.39;ensoleillé/orage;ensoleillé/orage;ensoleillé;orage;;
2025-05-14;beau;0.0;19.0;0.5;19.0;0.5;beau;beau;beau;;;
2025-05-15;couvert/éclaircies;0.0;19.0;0.43;19.0;0.43;couvert/éclaircies;couvert/éclaircies;couvert;éclaircies;;
2025-05-16;éclaircies;0.0;19.0;0.4;19.0;0.4;éclaircies;éclaircies;éclaircies;;;
2025-05-17;beau;0.0;20.0;0.39;20.0;0.39;beau;beau;beau;;;
2025-05-18;beau/voilé;0.0;22.0;0.41;22.0;0.41;beau/voilé;beau/voilé;beau;voilé;;
2025-05-19;voilé/couvert/orage;25.0;22.0;0.54;22.0;0.54;voilé/couvert/orage;voilé/couvert/orage;voilé;couvert;orage;
2025-05-20;pluie/couvert/;1.0;15.0;0.7;15.0;0.7;pluie/couvert/;pluie/couvert/;pluie;couvert;;
2025-05-21;éclaircies;0.0;18.0;0.42;18.0;0.42;éclaircies;éclaircies;éclaircies;;;
2025-05-22;pluie/couvert/éclaircies;6.0;15.0;0.5;15.0;0.5;pluie/couvert/éclaircies;pluie/couvert/éclaircies;pluie;couvert;éclaircies;
2025-05-23;éclaircies;0.0;18.0;0.49;18.0;0.49;éclaircies;éclaircies;éclaircies;;;
2025-05-24;couvert/ensoleillé;0.0;16.0;0.54;16.0;0.54;couvert/ensoleillé;couvert/ensoleillé;couvert;ensoleillé;;
2025-05-25;ensoleillé;0.0;21.0;0.42;21.0;0.42;ensoleillé;ensoleillé;ensoleillé;;;
2025-05-26;couvert;0.0;17.0;0.6;17.0;0.6;couvert;couvert;couvert;;;
2025-05-27;couvert/éclaircies/beau;0.0;18.0;0.45;18.0;0.45;couvert/éclaircies/beau;couvert/éclaircies/beau;couvert;éclaircies;beau;
2025-05-28;beau;0.0;22.0;0.42;22.0;0.42;beau;beau;beau;;;
2025-05-29;beau;0.0;25.0;0.38;25.0;0.38;beau;beau;beau;;;
2025-05-30;beau;0.0;29.0;0.36;29.0;0.36;beau;beau;beau;;;
2025-05-31;beau;0.0;28.0;0.37;28.0;0.37;beau;beau;beau;;;
2025-06-01;couvert/orages;16.0;21.0;0.65;21.0;0.65;couvert/orages;couvert/orages;couvert;orages;;
2025-06-02;pluie;12.0;17.0;0.79;17.0;0.79;pluie;pluie;pluie;;;
2025-06-03;ensoleillé/couvert;0.0;22.0;0.49;22.0;0.49;ensoleillé/couvert;ensoleillé/couvert;ensoleillé;couvert;;
2025-06-04;pluie/couvert/pluie;14.0;19.0;0.51;19.0;0.51;pluie/couvert/pluie;pluie/couvert/pluie;pluie;couvert;pluie;
2025-06-05;couvert/éclaircies;0.0;18.0;0.62;18.0;0.62;couvert/éclaircies;couvert/éclaircies;couvert;éclaircies;;
2025-06-06;ensoleillé/couvert;0.0;22.0;0.51;22.0;0.51;ensoleillé/couvert;ensoleillé/couvert;ensoleillé;couvert;;
2025-06-07;pluie/couvert/;2.0;17.0;0.65;17.0;0.65;pluie/couvert/;pluie/couvert/;pluie;couvert;;
2025-06-08;couvert/éclaircies;0.0;19.0;0.54;19.0;0.54;couvert/éclaircies;couvert/éclaircies;couvert;éclaircies;;
2025-06-09;beau;0.0;23.0;0.44;23.0;0.44;beau;beau;beau;;;
2025-06-10;beau;0.0;28.0;0.33;28.0;0.33;beau;beau;beau;;;
2025-06-11;beau/orageux;0.0;30.0;0.46;30.0;0.46;beau/orageux;beau/orageux;beau;orageux;;
2025-06-12;beau;0.0;28.0;0.53;28.0;0.53;beau;beau;beau;;;
2025-06-13;beau/orageux/pluie;0.5;28.0;0.52;28.0;0.52;beau/orageux/pluie;beau/orageux/pluie;beau;orageux;pluie;
2025-06-14;couvert/pluie;1.5;21.0;0.65;21.0;0.65;couvert/pluie;couvert/pluie;couvert;pluie;;
2025-06-15;orages faibles;4.5;16.0;0.75;16.0;0.75;orages faibles;orages faibles;orages faibles;;;
2025-06-16;éclaircies;0.0;23.0;0.46;23.0;0.46;éclaircies;éclaircies;éclaircies;;;
2025-06-17;beau;0.0;27.0;0.3;27.0;0.3;beau;beau;beau;;;
2025-06-18;beau;0.0;27.0;0.38;27.0;0.38;beau;beau;beau;;;
2025-06-19;beau;0.0;30.0;0.38;30.0;0.38;beau;beau;beau;;;
2025-06-20;beau;0.0;30.0;0.3;30.0;0.3;beau;beau;beau;;;
2025-06-21;beau;0.0;32.0;0.34;32.0;0.34;beau;beau;beau;;;
2025-06-22;bruine/voilé/orageux;0.0;29.0;0.51;29.0;0.51;bruine/voilé/orageux;bruine/voilé/orageux;bruine;voilé;orageux;
2025-06-23;couvert/éclaircies;0.0;25.0;0.55;25.0;0.55;couvert/éclaircies;couvert/éclaircies;couvert;éclaircies;;
2025-06-24;beau/orageux;0.0;30.0;0.48;30.0;0.48;beau/orageux;beau/orageux;beau;orageux;;
2025-06-25;voilé;0.0;30.0;0.55;30.0;0.55;voilé;voilé;voilé;;;
2025-06-26;couvert;0.0;24.0;0.5;24.0;0.5;couvert;couvert;couvert;;;
2025-06-27;beau;0.0;29.0;0.35;29.0;0.35;beau;beau;beau;;;
2025-06-28;beau;0.0;32.0;0.35;32.0;0.35;beau;beau;beau;;;
2025-06-29;beau;0.0;33.0;0.37;33.0;0.37;beau;beau;beau;;;
2025-06-30;beau;0.0;34.0;0.35;34.0;0.35;beau;beau;beau;;;
2025-07-01;beau;0.0;32.0;0.44;32.0;0.44;beau;beau;beau;;;
2025-07-02;nuageux;0.0;29.0;0.49;29.0;0.49;nuageux;nuageux;nuageux;;;
2025-07-03;bruine/couvert;0.0;27.0;0.57;27.0;0.57;bruine/couvert;bruine/couvert;bruine;couvert;;
2025-07-04;ensoleillé;0.0;30.0;0.42;30.0;0.42;ensoleillé;ensoleillé;ensoleillé;;;
2025-07-05;orageux/beau;1.5;;;26.5;0.485;orageux/beau;orageux/beau;orageux;beau;;
2025-07-06;nuageux/petite averse;0.5;23.0;0.55;23.0;0.55;nuageux/petite averse;nuageux/petite averse;nuageux;petite averse;;
2025-07-07;pluie/éclaircies;9.0;20.0;0.53;20.0;0.53;pluie/éclaircies;pluie/éclaircies;pluie;éclaircies;;
2025-07-08;éclaircies;0.0;22.0;0.4;22.0;0.4;éclaircies;éclaircies;éclaircies;;;
2025-07-09;beau;0.0;;;25.5;0.335;beau;beau;beau;;;
2025-07-10;beau;0.0;29.0;0.27;29.0;0.27;beau;beau;beau;;;
2025-07-11;beau/couvert;0.0;31.0;0.29;31.0;0.29;beau/couvert;beau/couvert;beau;couvert;;
2025-07-12;nuageux/orages;11.5;27.0;0.49;27.0;0.49;nuageux/orages;nuageux/orages;nuageux;orages;;
2025-07-13;éclaircies/pluie;0.5;27.0;0.46;27.0;0.46;éclaircies/pluie;éclaircies/pluie;éclaircies;pluie;;
2025-07-14;voilé;0.0;27.0;0.45;27.0;0.45;voilé;voilé;voilé;;;
2025-07-15;pluie/couvert/;2.0;22.0;0.73;22.0;0.73;pluie/couvert/;pluie/couvert/;pluie;couvert;;
2025-07-16;éclaircies/beau;0.0;26.0;0.41;26.0;0.41;éclaircies/beau;éclaircies/beau;éclaircies;beau;;
2025-07-17;beau;0.0;30.0;0.33;30.0;0.33;beau;beau;beau;;;
2025-07-18;ensoleillé/beau;0.0;27.0;0.41;27.0;0.41;ensoleillé/beau;ensoleillé/beau;ensoleillé;beau;;
2025-07-19;orage/couvert;0.0;23.0;0.53;23.0;0.53;orage/couvert;orage/couvert;orage;couvert;;
2025-07-20;ensoleillé/orage;11.0;27.0;0.41;27.0;0.41;ensoleillé/orage;ensoleillé/orage;ensoleillé;orage;;
2025-07-21;éclaircies/bruine;0.0;21.0;0.49;21.0;0.49;éclaircies/bruine;éclaircies/bruine;éclaircies;bruine;;
2025-07-22;éclaircies/beau;0.0;25.0;0.32;25.0;0.32;éclaircies/beau;éclaircies/beau;éclaircies;beau;;
2025-07-23;couvert;0.5;20.0;0.52;20.0;0.52;couvert;couvert;couvert;;;
2025-07-24;averses;1.0;20.0;0.5;20.0;0.5;averses;averses;averses;;;
2025-07-25;couvert;0.0;21.0;0.52;21.0;0.52;couvert;couvert;couvert;;;
2025-07-26;nuageux/éclaircies;0.0;24.0;0.46;24.0;0.46;nuageux/éclaircies;nuageux/éclaircies;nuageux;éclaircies;;
2025-07-27;couvert;0.0;21.0;0.52;21.0;0.52;couvert;couvert;couvert;;;
2025-07-28;pluie/nuageux;3.0;22.0;0.47;22.0;0.47;pluie/nuageux;pluie/nuageux;pluie;nuageux;;
2025-07-29;ensoleillé;0.0;23.0;0.42;23.0;0.42;ensoleillé;ensoleillé;ensoleillé;;;
2025-07-30;ensoleillé;0.0;24.0;0.46;24.0;0.46;ensoleillé;ensoleillé;ensoleillé;;;
2025-07-31;couvert;0.5;23.0;0.49;23.0;0.49;couvert;couvert;couvert;;;
2025-08-01;couvert;0.0;23.0;0.45;23.0;0.45;couvert;couvert;couvert;;;
2025-08-02;couvert/éclaircies;0.0;;;23.5;0.4;couvert/éclaircies;couvert/éclaircies;couvert;éclaircies;;
2025-08-03;beau;0.0;24.0;0.35;24.0;0.35;beau;beau;beau;;;
2025-08-04;beau;0.0;30.0;0.21;30.0;0.21;beau;beau;beau;;;
2025-08-05;beau;0.0;28.0;0.33;28.0;0.33;beau;beau;beau;;;
2025-08-06;ensoleillé/couvert;0.0;27.0;0.46;27.0;0.46;ensoleillé/couvert;ensoleillé/couvert;ensoleillé;couvert;;
2025-08-07;beau;0.0;30.0;0.37;30.0;0.37;beau;beau;beau;;;
2025-08-08;beau;0.0;31.0;0.36;31.0;0.36;beau;beau;beau;;;
2025-08-09;beau;0.0;32.0;0.33;32.0;0.33;beau;beau;beau;;;
2025-08-10;beau;0.0;33.0;0.33;33.0;0.33;beau;beau;beau;;;
2025-08-11;beau;0.0;35.0;0.23;35.0;0.23;beau;beau;beau;;;
2025-08-12;beau;0.0;36.0;0.28;36.0;0.28;beau;beau;beau;;;
2025-08-13;ensoleillé/voilé/orage;12.0;35.0;0.3;35.0;0.3;ensoleillé/voilé/orage;ensoleillé/voilé/orage;ensoleillé;voilé;orage;
2025-08-14;beau;0.0;30.0;0.38;30.0;0.38;beau;beau;beau;;;
2025-08-15;beau;0.0;33.0;0.29;33.0;0.29;beau;beau;beau;;;
2025-08-16;beau(ciel blanc);0.0;33.0;0.3;33.0;0.3;beau(ciel blanc);beau(ciel blanc);beau(ciel blanc);;;
2025-08-17;brouillard/voilé;0.0;31.0;0.44;31.0;0.44;brouillard/voilé;brouillard/voilé;brouillard;voilé;;
2025-08-18;couvert/orage;2.0;24.0;0.64;24.0;0.64;couvert/orage;couvert/orage;couvert;orage;;
2025-08-19;couvert/pluie;5.0;23.0;0.5;23.0;0.5;couvert/pluie;couvert/pluie;couvert;pluie;;
2025-08-20;pluie/éclaircies;16.0;22.0;0.62;22.0;0.62;pluie/éclaircies;pluie/éclaircies;pluie;éclaircies;;
2025-08-21;pluie/éclaircies;17.0;;;22.0;0.5800000000000001;pluie/éclaircies;pluie/éclaircies;pluie;éclaircies;;
2025-08-22;couvert;0.0;22.0;0.54;22.0;0.54;couvert;couvert;couvert;;;
2025-08-23;beau;0.0;24.0;0.31;24.0;0.31;beau;beau;beau;;;
2025-08-24;beau;0.0;27.0;0.3;27.0;0.3;beau;beau;beau;;;
2025-08-25;voilé;0.0;29.0;0.41;29.0;0.41;voilé;voilé;voilé;;;
2025-08-26;pluie/couvert/orages;19.0;23.0;0.61;23.0;0.61;pluie/couvert/orages;pluie/couvert/orages;pluie;couvert;orages;
2025-08-27;couvert/pluie;28.0;22.0;0.78;22.0;0.78;couvert/pluie;couvert/pluie;couvert;pluie;;
2025-08-28;averses/éclaircies;4.0;17.0;0.74;17.0;0.74;averses/éclaircies;averses/éclaircies;averses;éclaircies;;
2025-08-29;éclaircies/pluie/éclaircies;10.0;18.0;0.79;18.0;0.79;éclaircies/pluie/éclaircies;éclaircies/pluie/éclaircies;éclaircies;pluie;éclaircies;
2025-08-30;pluie/éclaircies;0.0;20.0;0.5;20.0;0.5;pluie/éclaircies;pluie/éclaircies;pluie;éclaircies;;
2025-08-31;beau/voilé/orages;29.0;26.0;0.49;26.0;0.49;beau/voilé/orages;beau/voilé/orages;beau;voilé;orages;
2025-09-01;pluie/éclaircies;5.0;17.0;0.7;17.0;0.7;pluie/éclaircies;pluie/éclaircies;pluie;éclaircies;;
2025-09-02;ensoleillé;0.0;20.0;0.32;20.0;0.32;ensoleillé;ensoleillé;ensoleillé;;;
2025-09-03;beau;0.0;25.0;0.3;25.0;0.3;beau;beau;beau;;;
2025-09-04;couvert;0.0;20.0;0.64;20.0;0.64;couvert;couvert;couvert;;;
2025-09-05;beau;0.0;;;23.0;0.525;beau;beau;beau;;;
2025-09-06;beau;0.0;26.0;0.41;26.0;0.41;beau;beau;beau;;;
2025-09-07;voilé/pluie;1.0;27.0;0.46;27.0;0.46;voilé/pluie;voilé/pluie;voilé;pluie;;
2025-09-08;couvert/pluie;16.0;19.0;0.77;19.0;0.77;couvert/pluie;couvert/pluie;couvert;pluie;;
2025-09-09;couvert;0.0;18.0;0.57;18.0;0.57;couvert;couvert;couvert;;;
2025-09-10;beau/couvert/pluie;3.0;18.0;0.38;18.0;0.38;beau/couvert/pluie;beau/couvert/pluie;beau;couvert;pluie;
2025-09-11;beau;0.0;;;19.0;0.49;beau;beau;beau;;;
2025-09-12;couvert;0.0;20.0;0.6;20.0;0.6;couvert;couvert;couvert;;;
2025-09-13;couvert/éclaircies;0.0;;;22.0;0.51;couvert/éclaircies;couvert/éclaircies;couvert;éclaircies;;
2025-09-14;ensoleillé;0.0;24.0;0.42;24.0;0.42;ensoleillé;ensoleillé;ensoleillé;;;
2025-09-15;couvert;0.0;20.0;0.66;20.0;0.66;couvert;couvert;couvert;;;
2025-09-16;pluie/couvert/;7.0;18.0;0.63;18.0;0.63;pluie/couvert/;pluie/couvert/;pluie;couvert;;
2025-09-17;ensoleillé;0.0;21.0;0.39;21.0;0.39;ensoleillé;ensoleillé;ensoleillé;;;
2025-09-18;beau;0.0;24.0;0.28;24.0;0.28;beau;beau;beau;;;
2025-09-19;beau;0.0;26.0;0.45;26.0;0.45;beau;beau;beau;;;
2025-09-20;voilé/couvert;0.0;25.0;0.54;25.0;0.54;voilé/couvert;voilé/couvert;voilé;couvert;;
2025-09-21;orage/pluie;17.0;16.0;0.77;16.0;0.77;orage/pluie;orage/pluie;orage;pluie;;
2025-09-22;éclaircies/couvert/pluie;10.0;15.0;0.44;15.0;0.44;éclaircies/couvert/pluie;éclaircies/couvert/pluie;éclaircies;couvert;pluie;
2025-09-23;nuageux/pluie;3.0;13.0;0.58;13.0;0.58;nuageux/pluie;nuageux/pluie;nuageux;pluie;;
2025-09-24;couvert;0.0;12.0;0.63;12.0;0.63;couvert;couvert;couvert;;;
2025-09-25;couvert;0.0;15.0;0.51;15.0;0.51;couvert;couvert;couvert;;;
2025-09-26;couvert/éclaircies;0.0;15.0;0.41;15.0;0.41;couvert/éclaircies;couvert/éclaircies;couvert;éclaircies;;
2025-09-27;ensoleillé;0.0;;;15.0;0.6;ensoleillé;ensoleillé;ensoleillé;;;
2025-09-28;couvert/petite averse/éclaircies;0.5;15.0;0.79;15.0;0.79;couvert/petite averse/éclaircies;couvert/petite averse/éclaircies;couvert;petite averse;éclaircies;
2025-09-29;beau;0.0;19.0;0.36;19.0;0.36;beau;beau;beau;;;
2025-09-30;ensoleillé;0.0;18.0;0.43;18.0;0.43;ensoleillé;ensoleillé;ensoleillé;;;
2025-10-01;beau;0.0;20.0;0.31;20.0;0.31;beau;beau;beau;;;
2025-10-02;beau;0.0;19.0;0.25;19.0;0.25;beau;beau;beau;;;
2025-10-03;voilé;0.0;19.0;0.35;19.0;0.35;voilé;voilé;voilé;;;
2025-10-04;éclaircies/pluie;10.0;21.0;0.47;21.0;0.47;éclaircies/pluie;éclaircies/pluie;éclaircies;pluie;;
2025-10-05;averses/éclaircies;1.0;14.0;0.6;14.0;0.6;averses/éclaircies;averses/éclaircies;averses;éclaircies;;
2025-10-06;beau;0.0;15.0;0.35;15.0;0.35;beau;beau;beau;;;
2025-10-07;ensoleillé;0.0;16.0;0.41;16.0;0.41;ensoleillé;ensoleillé;ensoleillé;;;
2025-10-08;beau;0.0;;;16.5;0.525;beau;beau;beau;;;
2025-10-09;couvert/pluie;1.0;17.0;0.64;17.0;0.64;couvert/pluie;couvert/pluie;couvert;pluie;;
2025-10-10;couvert;0.0;16.0;0.65;16.0;0.65;couvert;couvert;couvert;;;
2025-10-11;beau;0.0;17.0;0.41;17.0;0.41;beau;beau;beau;;;
2025-10-12;beau;0.0;19.0;0.34;19.0;0.34;beau;beau;beau;;;
2025-10-13;voilé/beau;0.0;18.0;0.36;18.0;0.36;voilé/beau;voilé/beau;voilé;beau;;
2025-10-14;ensoleillé;0.0;19.0;0.42;19.0;0.42;ensoleillé;ensoleillé;ensoleillé;;;
2025-10-15;ensoleillé;0.0;17.0;0.5;17.0;0.5;ensoleillé;ensoleillé;ensoleillé;;;
2025-10-16;beau;0.0;19.0;0.33;19.0;0.33;beau;beau;beau;;;
2025-10-17;beau;0.0;18.0;0.33;18.0;0.33;beau;beau;beau;;;
2025-10-18;beau;0.0;20.0;0.33;20.0;0.33;beau;beau;beau;;;
2025-10-19;couvert;0.0;17.0;0.55;17.0;0.55;couvert;couvert;couvert;;;
2025-10-20;pluie/couvert/;1.0;;;18.5;0.455;pluie/couvert/;pluie/couvert/;pluie;couvert;;
2025-10-21;couvert/éclaircies;0.0;20.0;0.36;20.0;0.36;couvert/éclaircies;couvert/éclaircies;couvert;éclaircies;;
2025-10-22;pluie/éclaircies;3.0;20.0;0.43;20.0;0.43;pluie/éclaircies;pluie/éclaircies;pluie;éclaircies;;
2025-10-23;pluie/éclaircies;19.0;14.0;0.47;14.0;0.47;pluie/éclaircies;pluie/éclaircies;pluie;éclaircies;;
2025-10-24;ensoleillé;0.0;16.0;0.37;16.0;0.37;ensoleillé;ensoleillé;ensoleillé;;;
2025-10-25;pluie/nuageux/pluie;3.0;16.0;0.53;16.0;0.53;pluie/nuageux/pluie;pluie/nuageux/pluie;pluie;nuageux;pluie;
2025-10-26;averses;3.0;11.0;0.71;11.0;0.71;averses;averses;averses;;;
2025-10-27;ensoleillé;0.0;14.0;0.45;14.0;0.45;ensoleillé;ensoleillé;ensoleillé;;;
2025-10-28;beau;0.0;17.0;0.37;17.0;0.37;beau;beau;beau;;;
2025-10-29;pluie/couvert;3.0;15.0;0.68;15.0;0.68;pluie/couvert;pluie/couvert;pluie;couvert;;
2025-10-30;couvert/éclaircies;0.0;16.0;0.45;16.0;0.45;couvert/éclaircies;couvert/éclaircies;couvert;éclaircies;;
2025-10-31;couvert;0.0;16.0;0.59;16.0;0.59;couvert;couvert;couvert;;;
2025-11-01;ensoleillé;0.0;17.0;0.43;17.0;0.43;ensoleillé;ensoleillé;ensoleillé;;;
2025-11-02;pluie/couvert/éclaircies;0.0;13.0;0.68;13.0;0.68;pluie/couvert/éclaircies;pluie/couvert/éclaircies;pluie;couvert;éclaircies;
2025-11-03;beau;0.0;16.0;0.37;16.0;0.37;beau;beau;beau;;;
2025-11-04;beau;0.0;17.0;0.41;17.0;0.41;beau;beau;beau;;;
2025-11-05;ensoleillé;0.0;18.0;0.4;18.0;0.4;ensoleillé;ensoleillé;ensoleillé;;;
2025-11-06;pluie;34.0;;;16.0;0.435;pluie;pluie;pluie;;;
2025-11-07;ensoleillé;0.0;14.0;0.47;14.0;0.47;ensoleillé;ensoleillé;ensoleillé;;;
2025-11-08;pluie;42.0;10.0;0.8;10.0;0.8;pluie;pluie;pluie;;;
2025-11-09;ensoleillé;0.0;14.0;0.37;14.0;0.37;ensoleillé;ensoleillé;ensoleillé;;;
2025-11-10;ensoleillé;0.0;15.0;0.33;15.0;0.33;ensoleillé;ensoleillé;ensoleillé;;;
2025-11-11;ensoleillé;0.0;16.0;0.39;16.0;0.39;ensoleillé;ensoleillé;ensoleillé;;;
2025-11-12;ensoleillé;0.0;16.0;0.5;16.0;0.5;ensoleillé;ensoleillé;ensoleillé;;;
2025-11-13;couvert;0.0;16.0;0.64;16.0;0.64;couvert;couvert;couvert;;;
2025-11-14;nuageux /pluie;2.0;22.0;0.31;22.0;0.31;nuageux /pluie;nuageux /pluie;nuageux;pluie;;
2025-11-15;éclaircies;0.0;19.0;0.34;19.0;0.34;éclaircies;éclaircies;éclaircies;;;
2025-11-16;ensoleillé/voilé;0.0;15.0;0.41;15.0;0.41;ensoleillé/voilé;ensoleillé/voilé;ensoleillé;voilé;;
2025-11-17;pluie/couvert/pluie;3.0;13.0;0.71;13.0;0.71;pluie/couvert/pluie;pluie/couvert/pluie;pluie;couvert;pluie;
2025-11-18;ensoleillé;0.0;9.0;0.34;9.0;0.34;ensoleillé;ensoleillé;ensoleillé;;;
2025-11-19;ensoleillé/pluie ;1.5;8.0;0.36;8.0;0.36;ensoleillé/pluie ;ensoleillé/pluie;ensoleillé;pluie;;
2025-11-20;couvert/éclaircies/pluie-neige;10.0;6.0;0.52;6.0;0.52;couvert/éclaircies/pluie-neige;couvert/éclaircies/pluie-neige;couvert;éclaircies;pluie-neige;
2025-11-21;éclaircies;0.0;3.0;0.65;3.0;0.65;éclaircies;éclaircies;éclaircies;;;
2025-11-22;beau;0.0;;;7.0;0.7050000000000001;beau;beau;beau;;;
2025-11-23;pluie/éclaircies;6.0;11.0;0.76;11.0;0.76;pluie/éclaircies;pluie/éclaircies;pluie;éclaircies;;
2025-11-24;couvert/pluie;11.0;11.0;0.75;11.0;0.75;couvert/pluie;couvert/pluie;couvert;pluie;;
2025-11-25;pluie/éclaircies/orage avec grésil;14.0;7.0;0.72;7.0;0.72;pluie/éclaircies/orage avec grésil;pluie/éclaircies/orage avec grésil;pluie;éclaircies;orage avec grésil;
2025-11-26;couvert/éclaircies;0.0;6.0;0.65;6.0;0.65;couvert/éclaircies;couvert/éclaircies;couvert;éclaircies;;
2025-11-27;beau;0.0;7.0;0.33;7.0;0.33;beau;beau;beau;;;
2025-11-28;ensoleillé;0.0;11.0;0.23;11.0;0.23;ensoleillé;ensoleillé;ensoleillé;;;
2025-11-29;ensoleillé;0.0;;;10.0;0.385;ensoleillé;ensoleillé;ensoleillé;;;
2025-11-30;pluie/éclaircies;7.5;9.0;0.54;9.0;0.54;pluie/éclaircies;pluie/éclaircies;pluie;éclaircies;;
2025-12-01;beau;0.0;9.0;0.36;9.0;0.36;beau;beau;beau;;;
2025-12-02;ensoleillé/couvert/pluie;2.0;8.0;0.54;8.0;0.54;ensoleillé/couvert/pluie;ensoleillé/couvert/pluie;ensoleillé;couvert;pluie;
2025-12-03;couvert;0.0;8.0;0.57;8.0;0.57;couvert;couvert;couvert;;;
2025-12-04;pluie;7.0;7.0;0.8;7.0;0.8;pluie;pluie;pluie;;;
2025-12-05;éclaircies;0.0;10.0;;10.0;0.7250000000000001;éclaircies;éclaircies;éclaircies;;;
2025-12-06;couvert;0.0;13.0;0.65;13.0;0.65;couvert;couvert;couvert;;;
2025-12-07;éclaircies;0.0;15.0;0.4;15.0;0.4;éclaircies;éclaircies;éclaircies;;;
2025-12-08;beau;0.0;14.0;0.37;14.0;0.37;beau;beau;beau;;;
2025-12-09;beau;0.0;15.0;0.43;15.0;0.43;beau;beau;beau;;;
2025-12-10;couvert/pluie;1.5;12.0;0.74;12.0;0.74;couvert/pluie;couvert/pluie;couvert;pluie;;
2025-12-11;éclaircies/couvert;0.0;13.0;0.65;13.0;0.65;éclaircies/couvert;éclaircies/couvert;éclaircies;couvert;;
2025-12-12;beau;0.0;14.0;0.34;14.0;0.34;beau;beau;beau;;;
2025-12-13;beau;0.0;13.0;0.31;13.0;0.31;beau;beau;beau;;;
2025-12-14;beau;0.0;12.0;0.42;12.0;0.42;beau;beau;beau;;;
2025-12-15;?;0.0;;;12.5;0.395;?;?;?;;;
2025-12-16;voilé;0.0;13.0;0.37;13.0;0.37;voilé;voilé;voilé;;;
2025-12-17;nuageux;0.0;13.0;0.5;13.0;0.5;nuageux;nuageux;nuageux;;;
2025-12-18;éclaircies;0.0;13.0;0.49;13.0;0.49;éclaircies;éclaircies;éclaircies;;;
2025-12-19;nuageux;0.0;11.0;0.65;11.0;0.65;nuageux;nuageux;nuageux;;;
2025-12-20;couvert;0.0;8.0;0.74;8.0;0.74;couvert;couvert;couvert;;;
2025-12-21;éclaircies;0.0;14.0;0.45;14.0;0.45;éclaircies;éclaircies;éclaircies;;;
2025-12-22;pluie/couvert;14.0;5.0;0.76;5.0;0.76;pluie/couvert;pluie/couvert;pluie;couvert;;
2025-12-23;pluie;4.0;6.0;0.83;6.0;0.83;pluie;pluie;pluie;;;
2025-12-24;brouillard;0.0;4.0;0.84;4.0;0.84;brouillard;brouillard;brouillard;;;
2025-12-25;éclaircies/couvert;0.0;5.0;0.6;5.0;0.6;éclaircies/couvert;éclaircies/couvert;éclaircies;couvert;;
2025-12-26;brouillard/couvert;1.0;7.0;0.75;7.0;0.75;brouillard/couvert;brouillard/couvert;brouillard;couvert;;
2025-12-27;couvert;0.0;9.0;0.8;9.0;0.8;couvert;couvert;couvert;;;
2025-12-28;beau;0.0;11.0;0.42;11.0;0.42;beau;beau;beau;;;
2025-12-29;beau;0.0;10.0;0.41;10.0;0.41;beau;beau;beau;;;
2025-12-30;beau/couvert;0.0;7.0;0.75;7.0;0.75;beau/couvert;beau/couvert;beau;couvert;;
2025-12-31;brouillard/couvert;0.0;5.0;0.71;5.0;0.71;brouillard/couvert;brouillard/couvert;brouillard;couvert;;
